key,book,church,date,title,passage,series,label,why,conf,evidence,ref_fix,your_call
vintage-sm-6yHiTIdc65yBvi7dXS7EtM|genesis,genesis,vintage-sm,2023-05-30,Embracing Your Calling,Genesis 1-3,,other,unclear,0.4,series_ctx: none; nearby: 3 Genesis 1-3 sermons May-Jun 2023; title only: 'Embracing Your Calling' (generic),,
vintage-sm-150XLpmqy7vtNnYjG2mrsh|genesis,genesis,vintage-sm,2023-10-11,When YHWH Met Abram,,,other,unclear,0.45,series_ctx: none; no passage; title only: 'When YHWH Met Abram',passage missing; likely Genesis 12 or 15,
keller-1556|genesis,genesis,keller,2000-03-05,Praying Our Fears,"Psalm 3:1-8; Genesis 15:1,8",Psalms - The Songs of Jesus,other,topical,0.45,"series_ctx: Psalms series 1/5 Genesis; notes centre on Psalm 3, Gen 15:1 secondary",Genesis 15:1 is a secondary text; sermon is on Psalm 3,
vintage-sm-2n83ohrvq0uknOS0xZqgEE|luke,luke,vintage-sm,2025-05-19,The Good Samaritan,,,other,unclear,0.45,"title 'The Good Samaritan' only; no passage, no notes",,
keller-1616|mark,mark,keller,2001-04-15,I Will Raise It Up (Easter),Mark 11:1-11; John 2:19-21,"The ""Amens"" of Jesus: The Challenge of the Cross",other,unclear,0.45,Easter sermon in 'Amens' series; Mark 11:1-11 + John 2:19-21; no notes,,
vintage-sm-2N09CJ5vHuJymH3HTNznTM|psalms,psalms,vintage-sm,2026-02-23,Music For the Journey (Psalm 84),Psalm 84,,other,unclear,0.45,"no series, no nearby; title 'Music For the Journey (Psalm 84)'; no notes",,
vintage-sm-25wawHR307GoJ2VOsQAix2|psalms,psalms,vintage-sm,2024-12-09,Pt 2,Psalm 84,,other,unclear,0.45,title 'Pt 2' only; no series; nearby: 'Pt 1 (Psalm 84)'; no notes,,
vintage-sm-1ikdqNsIaEsYWWC6zj8CTj|psalms,psalms,vintage-sm,2024-11-25,Pt 1,Psalm 84,,other,unclear,0.45,title 'Pt 1' only; no series; nearby: 'Pt 2 (Psalm 84)'; no notes,,
keller-1064|psalms,psalms,keller,1994-05-08,The Freedom of Truth – 2 (2nd),Psalm 95,Ten Commandments 1994,other,unclear,0.45,series: Ten Commandments 1994 (1/13); title 'Freedom of Truth – 2 (2nd)' from Ps 95; no notes,,
keller-1504|1-corinthians,1-corinthians,keller,1999-04-04,Let Nothing Move You (Easter),"1 Corinthians 15:3-6, 20-26, 51-58",The Mount; Life in the Kingdom,other,unclear,0.5,title: 'Let Nothing Move You (Easter)'; no notes; Easter in Sermon on the Mount series,,
keller-862|1-corinthians,1-corinthians,keller,1992-04-19,If Christ Was Not Raised (Easter),1 Corinthians 15:17-19,,other,unclear,0.5,title: 'If Christ Was Not Raised (Easter)'; no notes; standalone Easter,,
eleven22-0VlwrQMipH8cpOvqkpvsvg|1-john,1-john,eleven22,2017-10-08,Love Serves,1 John 4:7-11,,other,unclear,0.5,title: 'Love Serves'; notes only quote 1 John 4:7-11,,
keller-1670|1-kings,1-kings,keller,2002-03-31,Raising the Widow’s Son,1 Kings 17:17-24; Luke 7:11-17,,other,unclear,0.5,title 'Raising the Widow's Son' only; 1 Kgs 17 + Luke 7; no notes,,
keller-2137|1-peter,1-peter,keller,2010-09-19,His Wonderful Light,1 Peter 2:9-12,,other,unclear,0.5,"title 'His Wonderful Light' only; no notes, no series",,
keller-1361|1-timothy,1-timothy,keller,1997-06-29,I Am the Worst,1 Timothy 1:13-19,,other,unclear,0.5,"title: 'I Am the Worst' (1:15); no series, no notes",,
bridgetown-2NUMKxF2oqmjpcBdRycuAd|2-corinthians,2-corinthians,bridgetown,2025-03-31,Session 2,2 Corinthians 5:1-10,HSC25,other,unclear,0.5,notes: '2 Corinthians 5v1-10 with N.T. Wright | Holy Spirit Conference'; nothing on content,,
eleven22-5bE02gWrn1oR7F9Fbcn8Pu|2-samuel,2-samuel,eleven22,2024-01-28,A Seat at the King’s Table: The Testimony of Mephibosheth,,Testimony,other,unclear,0.5,series: Testimony; notes only: 'Jesus is the greater and better Jonathon... invited like a cripple to the King's table',,
eleven22-38COGz6GClabMQgCZXiYZC|2-timothy,2-timothy,eleven22,2019-07-28,Spirit of Love,,,other,unclear,0.5,title 'Spirit of Love' only; part of 2 Tim 1:7 mini-run; no notes,,
eleven22-0vwywg9jk6zdPYhhnYyrsT|acts,acts,eleven22,2014-03-02,The Rest Of The Story,,,other,unclear,0.5,notes: 'our turn to proclaim the kingdom... without hindrance' (Acts 28:31); one line only,{'passage': 'Acts 28:30-31'},
vintage-sm-7xT31Mh1AQCdpxCo0YjVqK|colossians,colossians,vintage-sm,2025-10-13,Union With Christ,Colossians 3,,other,unclear,0.5,title: 'Union With Christ'; no notes; nearby Col 2 previous week hints at a run,,
vintage-sm-5XlgWTTkFs2mUrTy1GuGR7|colossians,colossians,vintage-sm,2025-10-06,How to Make the Most of the Rest of your Life,Colossians 2,,other,unclear,0.5,title: 'How to Make the Most of the Rest of your Life'; no notes; nearby Col 3 next week,,
keller-1116|colossians,colossians,keller,1995-01-15,Christ Our Life,Colossians 3:1-4,,other,unclear,0.5,"title: 'Christ Our Life' (Col 3:4); no notes, no series",,
keller-2027|ephesians,ephesians,keller,1990-04-15,Self-Control (Part 2),Ephesians 2:1-3; Luke 11:14-26; 1 Cor. 9:23-27; Gen 3:1-6;39:7-2,Fruit of the Spirit,other,topical,0.5,"series_ctx: Fruit of the Spirit, 2/11; refs hop 4 books; notes: 'demon-possessed man in Mark 5... self-control'",,
vintage-sm-7bFZ44fSDjd2b3cicw3ZCz|exodus,exodus,vintage-sm,2023-10-02,Why the Plagues?,,,other,unclear,0.5,"title: 'Why the Plagues?'; no notes, no series context",,
keller-1468|genesis,genesis,keller,1998-10-11,The Girl Nobody Wanted,Genesis 29:15-35,,other,unclear,0.5,"no notes, no series; title: 'The Girl Nobody Wanted' (Leah, Gen 29) restates passage but no book-series frame",,
keller-2027|genesis,genesis,keller,1990-04-15,Self-Control (Part 2),Ephesians 2:1-3; Luke 11:14-26; 1 Cor. 9:23-27; Gen 3:1-6;39:7-2,Fruit of the Spirit,other,topical,0.5,series_ctx: 2/11 Genesis (Fruit of the Spirit); Gen 3 one of 5 passages; notes: 'problem of self-control... counterfeit solution',,
keller-1223|hebrews,hebrews,keller,1995-12-24,The Sympathy of Jesus 1995,Hebrews 2:17,,other,unclear,0.5,"title 'The Sympathy of Jesus 1995'; single verse Heb 2:17; no series, no notes",,
keller-721|isaiah,isaiah,keller,1990-12-16,Light has Dawned (Christmas),Isaiah 9:1-8,,other,topical,0.5,title: '(Christmas)'; notes: 'meaning of Christmas... The world can't save itself... the purpose of this particular passage',,
bridgetown-2rgCwnXpVeUzxdUa9yLiFE|john,john,bridgetown,2025-03-31,Session 1,John 20:19-23,HSC25,other,unclear,0.5,notes: 'John 20v19-23 with N.T. Wright | Holy Spirit Conference' - nothing on content,,
bridgetown-0FmlYXfx6EROgDeYBZusYW|john,john,bridgetown,2021-11-14,The Subtle Tragedy of Nicodemus,,Demonstrating the Gospel,other,unclear,0.5,"notes: 'in scene after scene, Jesus was awakening something in his heart, but he didn't drop his robes' - character arc, thin evidence",John 3:1-21; 7:45-52; 19:38-42,
vintage-sm-3XXrGVHMyA9zM66hHWzasu|luke,luke,vintage-sm,2026-04-21,Restoring Hope to the Disappointed - Luke 24,Luke 24,Encountering the Resurrected Jesus,other,unclear,0.5,title 'Restoring Hope to the Disappointed - Luke 24'; no notes,,
eleven22-1vvzCD7PcoIcYWl0VcTzmS|luke,luke,eleven22,2017-09-24,Who is My Neighbor?,,,other,topical,0.5,notes: 'Who is my neighbor? is the wrong question. It limits love. Be neighborly to whomever God puts in your path',Luke 10:25-37,
keller-2115|luke,luke,keller,2010-04-04,He Walked Along With Them,Luke 24:15-27,,other,unclear,0.5,title 'He Walked Along With Them' (Easter 2010); no notes,,
keller-1871|luke,luke,keller,2005-12-04,Jesus’ Meal With Zaccheus,Luke 19:1-10,Meals with Jesus,other,unclear,0.5,"series: Meals with Jesus; title only, no notes",,
keller-1670|luke,luke,keller,2002-03-31,Raising the Widow’s Son,1 Kings 17:17-24; Luke 7:11-17,,other,unclear,0.5,"title only, paired with 1 Kings 17; no notes",,
keller-1615|luke,luke,keller,2001-04-08,You Will Be With Me,Luke 23:32-43,"The ""Amens"" of Jesus: The Challenge of the Cross",other,unclear,0.5,"series: The 'Amens' of Jesus; title only, no notes",,
keller-1533|luke,luke,keller,1999-10-31,The Poor Have Good News Preached to Them,Luke 4:14-30,Receiving the Spirit (with Elisha),other,unclear,0.5,"series: Receiving the Spirit (with Elisha); title only, no notes",,
keller-2222|luke,luke,keller,1999-04-18,Integrity,Luke 6:39-49,The Mount; Life in the Kingdom,other,unclear,0.5,series: The Mount; Life in the Kingdom; title 'Integrity'; no notes,,
keller-1507|luke,luke,keller,1999-04-11,Love in the Neighborhood,Luke 6:27-38,The Mount; Life in the Kingdom,other,unclear,0.5,"series: The Mount; Life in the Kingdom; title only, no notes",,
keller-1118|luke,luke,keller,1995-01-15,Put Out Into Deep Water,Luke 5:1-11,The Miracles of Jesus,other,unclear,0.5,"series: The Miracles of Jesus; title only, no notes",,
keller-1115|luke,luke,keller,1995-01-08,Peace! Be Still,Luke 8:22-25,The Miracles of Jesus,other,unclear,0.5,"series: The Miracles of Jesus; title only, no notes",,
bridgetown-24liOd7XAc9yvwy1j8bUHz|mark,mark,bridgetown,2025-03-31,Session 6,Mark 14:32-42,HSC25,other,unclear,0.5,"title: 'Session 6'; notes: 'Holy Spirit Conference'; Gethsemane passage, no content",,
bridgetown-4llQsJnocxAKHJUnDiFUPg|mark,mark,bridgetown,2023-10-04,Community As A Gift,Mark 10:28-31,,other,unclear,0.5,"title only: 'Community As A Gift'; no series, no notes",,
bridgetown-1NKXlxgWqbZwCPQf8ryUmC|mark,mark,bridgetown,2022-06-19,The Three Levels of Faith,Mark 9:14-29,Various Teachings,other,unclear,0.5,series 'Various Teachings'; title only 'The Three Levels of Faith'; no notes,,
cotcny-3bnQmXBq94xYSN536OyW9b|mark,mark,cotcny,2018-01-09,The Way of Vision,Mark 1,The Way of Jesus,other,unclear,0.5,topical series 'The Way of Jesus' 2/10 Mark; notes only 'on the way of vision' from Mark 1,,
keller-2312|mark,mark,keller,2014-04-27,Encountering the Risen Jesus,Mark 14:27-31,Following Jesus,other,topical,0.5,1 Peter series 1/8 Mark; notes: 'risen Christ sat down with Peter at the fire by the Sea of Galilee',John 21 is the main narrative per notes; Mark 14:27-31 secondary,
bridgetown-4AP9qc64OdEJD3axMcngwI|matthew,matthew,bridgetown,2023-09-26,The New Family of Jesus,Matthew 12:46-50,,other,unclear,0.5,title only: 'The New Family of Jesus'; no notes; nearby Community series sermons,,
eleven22-4O1ND9S6hvn2moDKwlUpmI|matthew,matthew,eleven22,2017-05-28,Laborers in the Vineyard,,,other,unclear,0.5,notes: 'Give glory to God; your joy depends on it'; no passage,Matthew 20:1-16,
eleven22-4LuDOwOI2b0JeiWYRiu3eW|matthew,matthew,eleven22,2017-03-26,A Journey of Prayer,Matthew 7:7-11,,other,unclear,0.5,title: 'A Journey of Prayer'; notes: verse text only,,
keller-1874|matthew,matthew,keller,2005-12-11,Jesus’ Meal With Matthew,Matthew 9:9-17,Meals with Jesus,other,unclear,0.5,series: Meals with Jesus; title 'Jesus' Meal With Matthew'; no notes,,
keller-1698|numbers,numbers,keller,2002-11-24,The Serpent in the Desert,"Numbers 21:4-9; John 3:7-10, 14,15",The Gospel According to Moses: Discovering the Lost Language of Salvation,other,unclear,0.5,series: The Gospel According to Moses (Exodus); paired with John 3; no notes,,
keller-1186|numbers,numbers,keller,1995-08-27,Moses and the Bronze Serpent,"Numbers 21:4-9, John 3:12-17",Life of Moses,other,unclear,0.5,series: Life of Moses; paired with John 3; no notes,,
bridgetown-5GmlB4U2nrq0kgSJHz2BYZ|philippians,philippians,bridgetown,2022-05-29,Healing,Philippians 2:12-13,The True and False Self,other,unclear,0.5,"series_ctx: 1/7, topical 'True and False Self'; title only: 'Healing'; no notes",,
keller-1254|proverbs,proverbs,keller,1996-04-28,Joyful Fear,"Proverbs 23:17,18",,other,unclear,0.5,"title 'Joyful Fear' only; no notes, no series",,
eleven22-2NJywUPy5uy12Gr7Xzqyps|psalms,psalms,eleven22,2013-03-31,More Than Words,Psalm 22,Easter 2013,other,unclear,0.5,"series: Easter 2013 (seasonal, size 1); title 'More Than Words'; no notes",,
keller-1777|psalms,psalms,keller,2004-03-07,The Sufferer,2 Samuel 12:13-25; Psalm 39:7-13,The Gospel According to David,other,topical,0.5,series: Gospel According to David; passage 2 Sam 12:13-25 + Ps 39:7-13; title 'The Sufferer'; no notes,,
eleven22-4kK4wIHXNd6dl3cxcvSqFq|revelation,revelation,eleven22,2020-04-12,EASTER,,Wk 7: Laodicea,other,unclear,0.5,title 'EASTER | Wk 7: Laodicea' in a seven-churches run; notes only: 'Do you hear Jesus knocking? Will you accept His invitation',,
eleven22-288Em7s4l5pLZqFwunl9LW|romans,romans,eleven22,2015-01-25,The Red Sea,Romans 8:31-37,,other,unclear,0.5,title 'The Red Sea' with Romans 8:31-37; notes only quote the text: 'If God is fighting for us...',,
keller-1655|ruth,ruth,keller,2001-12-09,Ruth,Ruth 1:8-17; 4:13-17,The Mothers of Jesus,other,unclear,0.5,"series: The Mothers of Jesus; title only, no notes",,
eleven22-722WRVT6CJ9wS2FyLiAg3D|1-corinthians,1-corinthians,eleven22,2025-06-08,Jesus Defeats Death at the Cross and Resurrection,1 Corinthians 15,,other,topical,0.55,"series: In the Arena; notes: 'Jesus didn't sidestep death—He entered the fight... Are you in Him?' (theme+appeal, little setting)",,
eleven22-saturated-thursday-pastor-matt-chandler|1-corinthians,1-corinthians,eleven22,2024-09-13,Saturated Thursday,1 Corinthians 15:1-6,,other,topical,0.55,"notes: 'Paul reminds us of the foundation of our faith... the very thing we stand in every day' (event talk, no setting)",,
eleven22-5GRDQcjDfkhSaqjqC2XWKJ|1-john,1-john,eleven22,2020-09-20,The Greatest of These,1 John 4:19,,other,topical,0.55,title: 'The Greatest of These' (1 Cor 13 phrase); no notes,,
keller-2148|1-john,1-john,keller,2010-11-28,The God Who Can Be Known (Part 1),1 John 1:1-2:2,To Know the Living God; The God Who Can Be Known,other,topical,0.55,series: To Know the Living God; notes: 'What is fellowship with God? ... How can it be ours?'; no epistle setting,,
keller-1599|1-john,1-john,keller,2001-01-21,Born of God,1 John 5:18-21,The Radical Imperative; A New Birth,other,topical,0.55,series: The Radical Imperative; A New Birth (1 Peter/Titus); title echoes 5:18 but no notes,,
eleven22-3CqECtH4dULeIO0gpNK2wd|1-kings,1-kings,eleven22,2019-03-24,Mt Carmel,,,other,topical,0.55,title 'Mt Carmel'; notes: 'faith in the... promise-keeping God... more powerful than... idols'; no setting,,
keller-1264|1-samuel,1-samuel,keller,1996-06-02,No Fallen Words,1 Samuel 3:19-21,The Life of David,study,,0.55,"series: The Life of David (narrative walk through 1-2 Samuel); no notes; title restates the episode ('let none of his words fall', 1 Sam 3:19)",,
eleven22-70R3xgnTfgPN327DmS04Z5|2-corinthians,2-corinthians,eleven22,2014-01-26,Reconciliation,,,other,topical,0.55,"notes: 'you have been placed on purpose as an ambassador for Christ'; one line, no context",,
keller-1993|amos,amos,keller,2007-12-09,Healer of the World,Amos 8:4-10; 9:7-15,Jesus of the Prophets,study,,0.55,notes: 'The book of Amos addresses the issues of justice and injustice... meaning... sign... promise of justice',,
cotcny-6eRCJ7hTnaLnmmrTEjyVsX|colossians,colossians,cotcny,2018-02-13,Cultural Renewal,Colossians 1,The Way of Jesus,other,springboard,0.55,series: The Way of Jesus; notes: 'A creative minority is a Christian Community...',,
keller-614|colossians,colossians,keller,1989-10-29,Finding our Identity in Christ (Part 1),Colossians 3:1-4,"Growth in Christ, Part 1",other,topical,0.55,series: Growth in Christ; notes: 'Faith is finding your identity in Christ... what it means to live by faith',,
cotcny-3DleMSD7xyjk5wuWlrbDaj|ephesians,ephesians,cotcny,2018-02-06,Social Renewal,Ephesians 2,The Way of Jesus,other,topical,0.55,"series_ctx: 'The Way of Jesus' 1/10 Ephesians, topical; title 'Social Renewal' from Eph 2; notes quote Joel 2 only",,
keller-612|ephesians,ephesians,keller,1989-10-22,Feeling His Pleasure (4th),Ephesians 6:5-9,Ten Commandments 1989,other,topical,0.55,"series_ctx: Ten Commandments 1989 (4th), 2/13 Eph; title 'Feeling His Pleasure' on work, Eph 6:5-9; no notes",,
cotcny-70NXBVPtioyzXw7drDo0zu|exodus,exodus,cotcny,2023-05-22,How We Fight Our Battles,,We Want You Here,other,springboard,0.55,series: We Want You Here; notes: 'we fight for people who are in a fight... fight together',,
keller-2164|ezekiel,ezekiel,keller,2011-03-20,The Shepherd-King,"Ezekiel 34:11-17, 23-29",To Know the Living God; The God Who Makes Alive,study,,0.55,notes: 'longest text... depicting God as a shepherd... human beings are sheep; human shepherds; the Good Shepherd',,
vintage-sm-5UhdNsthhVlsICuGILzt25|genesis,genesis,vintage-sm,2026-09-30,Mark: The Suffering King,Mark; Genesis 12,"Four Gospels, One Jesus",other,topical,0.55,series: Four Gospels (Mark); notes: 'Through Genesis 12... blessed to be a blessing... evangelism',"Genesis 12:1-3, secondary to Mark",
bridgetown-7s9bIFmuXqL4yakpPFzk98|genesis,genesis,bridgetown,2024-06-02,The Way of Love,Genesis 11:1-9,The Gifts of the Spirit for the work of the Kingdom,other,topical,0.55,series_ctx: 1/9 Genesis (Gifts of the Spirit); notes: 'greatest miracle... community of love. From Genesis 11v1-9 and Acts 2',,
vintage-sm-5EdB3jop5kLsMl8u4vEQRj|genesis,genesis,vintage-sm,2023-06-20,What Went Wrong?,Genesis 3,,study,,0.55,series_ctx: none; nearby: 3 Genesis 1-3 sermons May-Jun 2023; title only: 'What Went Wrong?' (Gen 3),,
vintage-sm-genesis-1-3-grand-designs-ger-jones-june-4-2023|genesis,genesis,vintage-sm,2023-06-20,Grand Designs,Genesis 1-3,,study,,0.55,series_ctx: none; nearby: 3 Genesis 1-3 sermons May-Jun 2023; title only: 'Grand Designs' (Gen 1-3),,
cotcny-1jaUlyz6NUydSS3zgEpJlu|genesis,genesis,cotcny,2018-05-08,"Jesus, Gender, and the Trans Community",Genesis 1,The Controversial Jesus,other,topical,0.55,"series_ctx: 1/11 Genesis (Controversial Jesus); notes: 'Genesis 1 & Matthew 19, on... Gender, and the Trans Community'",Genesis 1:26-28,
keller-1519|genesis,genesis,keller,1999-07-04,The Meaning of Free Grace (1999),Genesis 48:8-19,The Lord's Prayer 1999,other,topical,0.55,series_ctx: Lord's Prayer 1999 1/7; title only: 'The Meaning of Free Grace' (Gen 48),,
keller-1016|genesis,genesis,keller,1993-11-07,The Problem of the City,"Genesis 11, Proverbs 11",Modern Problems; Ancient Solutions,other,springboard,0.55,series_ctx: topical 'Modern Problems' 1/12; notes: 'God invented the city... God sends us into the city' vs Babel's rebellion,,
keller-956|genesis,genesis,keller,1993-03-28,Questions of God,Genesis 3:7-24,Lent - Nature of Sin,other,topical,0.55,"series_ctx: Lent - Nature of Sin, 4/12 Genesis (Gen 3 run in topical series); title only: 'Questions of God' (Gen 3:7-24)",,
keller-951|genesis,genesis,keller,1993-03-14,Mission and Meaning,Genesis 3:1-15,Lent - Nature of Sin,other,topical,0.55,"series_ctx: Lent - Nature of Sin, 4/12 Genesis (Gen 3 run in topical series); title only: 'Mission and Meaning' (Gen 3:1-15)",,
keller-936|hebrews,hebrews,keller,1993-01-31,The Advocate,Hebrews 7:19-27,,other,unclear,0.55,"title 'The Advocate' fits Heb 7:25 intercession; no series, no notes",,
eleven22-7bkcbQ0D6yfLVBFX9CPXQU|isaiah,isaiah,eleven22,2020-01-05,"Here I Am, Send Me",,,other,topical,0.55,"notes: 'When we see the ONE true God… confess... surrender... are sent' (outline, no setting)",,
keller-1498|isaiah,isaiah,keller,1999-03-14,Indestructible Love,Isaiah 49:8-21,What's Really Wrong with the World,other,unclear,0.55,series: What's Really Wrong with the World; title 'Indestructible Love'; no notes,,
keller-1496|isaiah,isaiah,keller,1999-02-28,Indestructible Truth,Isaiah 52:13-53:12,What's Really Wrong with the World,other,unclear,0.55,series: What's Really Wrong with the World; title 'Indestructible Truth'; no notes,,
keller-1748|jeremiah,jeremiah,keller,2003-10-05,The Meaning of the City,Jeremiah 29:4-14,The Necessity of Belief,other,topical,0.55,"notes: exile setting briefly, then 'So how do you respond to a city that's hostile... How do you live in a fragmented society?'",,
bridgetown-1YXrgUQwSbDbxMzy8Iy77p|john,john,bridgetown,2026-04-06,2026,John 20:1-10,Easter,other,topical,0.55,"series: Easter; notes: 'resurrection is not escape from the world, but God mending it' via Mary, Thomas, Peter",John 20-21,
bridgetown-0hUaCeOyWY25bQwHfbLXGF|john,john,bridgetown,2021-12-05,Rejection,John 1:6-11,Witness,other,unclear,0.55,series: Witness (size 1); notes only quote John 1:6-11,,
eleven22-37bCuSXvnuVU02YBaAXaCs|john,john,eleven22,2014-10-19,Daddy Issues,John 3:16-17,,other,topical,0.55,title: Daddy Issues; notes only quote John 3:16-17,,
keller-1616|john,john,keller,2001-04-15,I Will Raise It Up (Easter),Mark 11:1-11; John 2:19-21,"The ""Amens"" of Jesus: The Challenge of the Cross",other,topical,0.55,title: (Easter); passage Mark 11 + John 2:19-21; no notes,,
keller-1612|john,john,keller,2001-03-25,Fall Into the Ground,John 12:20-33,"The ""Amens"" of Jesus: The Challenge of the Cross",other,unclear,0.55,series: 'Amens' of Jesus (sayings across Gospels); no notes,,
keller-1523|john,john,keller,1999-08-29,The Lord Praying for Mission,John 17:13-21,The Lord's Prayer 1999,study,,0.55,series: Lord's Prayer 1999; consecutive John 17 run; title restates 17:18 sending,,
keller-1522|john,john,keller,1999-08-22,The Lord Praying for Holiness,John 17:6-19,The Lord's Prayer 1999,study,,0.55,series: Lord's Prayer 1999; consecutive John 17 run; title restates 17:17 'sanctify them',,
keller-1521|john,john,keller,1999-08-15,The Lord Praying for Glory,"John 17:1-5, 24",The Lord's Prayer 1999,study,,0.55,series: Lord's Prayer 1999; three consecutive sermons walk John 17 in order; no notes,,
keller-624|john,john,keller,1989-12-17,Fullness of His Grace (Advent),John 1:14-18,,other,topical,0.55,title: 'Fullness of His Grace (Advent)'; no notes; Advent occasion,,
eleven22-5LpuaMAoOw7GYIcCK4JfDc|joshua,joshua,eleven22,2016-01-17,Scarlet Thread,,,other,topical,0.55,notes: 'RAHAB's REALITY 1. She knew... judgment was coming... only hope was grace',Joshua 2,
eleven22-6vwjsW6sx0fzAHQOThXFdN|jude,jude,eleven22,2022-11-27,How to Build Up Your Faith,,,other,unclear,0.55,title: 'How to Build Up Your Faith' (Jude 20); notes: 'God gives us faith and we bring Him trust',Jude 1:20-25,
cotcny-1I1VNTJ1zxsE90VskIZFAg|luke,luke,cotcny,2026-04-07,Resurrecting Hope,,Easter,other,topical,0.55,"series: Easter; notes: 'He opened with the concept of ""hope theory""... The disciples on the road to Emmaus knew that feeling'",Luke 24:13-35,
bridgetown-4mNu3QLNTqX7YHCsC9sIze|luke,luke,bridgetown,2024-11-11,Why Does Your Teacher Eat with Tax Collectors and Sinners?,Luke 14:12-23,For the Sake of Others,other,unclear,0.55,title only; series: For the Sake of Others (questions to Jesus across Gospels); no notes,,
eleven22-1IeUImWCcfcEI7SRksugqO|luke,luke,eleven22,2023-01-22,Prodigal God,,,other,unclear,0.55,"title: Prodigal God; notes only: 'Are you ready to ""come to your senses"" and come home'",Luke 15:11-32,
cotcny-5Hu0pSf5KAuGTMoJs8ynw2|luke,luke,cotcny,2021-05-03,Unexpected Visitation,,Unexpected Jesus,study,,0.55,"notes: 'the resurrected Jesus' encounter with the disciples on the road to Emmaus... defy our expectations, bring revelation, inspire a spirit of hospitality, and set a fresh fire'",Luke 24:13-35,
cotcny-0qBHhuSR5SZ2QSwXhAI27c|luke,luke,cotcny,2018-12-18,Good News Great Joy All People,Luke 2:8-15,,other,topical,0.55,notes: 'implications of the message the shepherds received... as we observe the third week of Advent',,
eleven22-3pFh84hGUrU17TjDJIcLSG|luke,luke,eleven22,2017-06-25,The Parable of the Great Banquet,,,other,unclear,0.55,title only: The Parable of the Great Banquet; no notes; nearby other Luke parables (likely parables series),Luke 14:15-24,
keller-1311|luke,luke,keller,1996-12-15,Mary’s Son,Luke 1:26-38,The Real Jesus Part 2: His Life,other,topical,0.55,series: Real Jesus; notes: 'message of Christmas...God is far greater...we are more sinful...',,
keller-1051|luke,luke,keller,1994-03-27,The Cross and the Temple (Palm Sunday),Luke 19:45- 20:2,The Cross and Your Life,other,topical,0.55,series: The Cross and Your Life (Palm Sunday); notes: 'What does the temple mean...cleansing',,
keller-1030|luke,luke,keller,1993-12-26,Peace Through Conflict (Christmas),Luke 2:25-35,,other,unclear,0.55,title only: 'Peace Through Conflict (Christmas)' (echoes Simeon's sword/sign spoken against); no notes,,
keller-943|luke,luke,keller,1993-02-21,Loving Your Enemies,Luke 6:20-36,Hard Sayings of Jesus 1993,other,topical,0.55,notes: 'radical love ethic...two balances...tough and tender',,
keller-894|luke,luke,keller,1992-08-30,The Great Banquet: On Humbling,Luke 14:7-24,The Parables of Jesus 1992,other,unclear,0.55,series: Parables of Jesus 1992; title 'On Humbling'; no notes,,
keller-891|luke,luke,keller,1992-08-16,The Two Debtors: On Devotion,Luke 7:36-50,The Parables of Jesus 1992,other,unclear,0.55,series: Parables of Jesus 1992; title 'On Devotion'; no notes,,
keller-887|luke,luke,keller,1992-08-02,The Good Samaritan: On Love,Luke 10:25-37,The Parables of Jesus 1992,other,unclear,0.55,series: Parables of Jesus 1992; title 'On Love'; no notes,,
keller-824|luke,luke,keller,1991-12-08,The First Christian,Luke 1:26-38,Advent: God with Us,other,topical,0.55,series: Advent: God with Us; title 'The First Christian'; no notes,,
keller-654|luke,luke,keller,1990-04-08,When He Comes (Palm Sunday),Luke 12:35-46,,other,unclear,0.55,title only: 'When He Comes (Palm Sunday)'; no notes,,
keller-626|luke,luke,keller,1989-12-24,Sore Afraid (Christmas Eve),Luke 2:8-14,,other,unclear,0.55,title only: 'Sore Afraid (Christmas Eve)'; no notes,,
bridgetown-2IilgHPkTAcHgjmBp75TfX|mark,mark,bridgetown,2025-10-13,Prayer as “Being with Jesus”,Mark 1:9-13,A Prayer Shaped Life,other,springboard,0.55,series: 'A Prayer Shaped Life' 1/8 on Mark; title 'Prayer as Being with Jesus' on baptism/temptation,,
eleven22-7pGnvxyrRD7MHRJzgYWe4c|mark,mark,eleven22,2024-12-29,What Do You Want Me To Do For You?,Mark 10:36,When He Asks,other,springboard,0.55,question series 'When He Asks'; notes: 'recapture that sense of awe' from Mark 10:36,,
eleven22-2bQSDvnD2nK52jVI20GoDi|mark,mark,eleven22,2020-04-07,Blind Bartimaeus,Mark 10:46-52,Lent Devo Episode 32,other,topical,0.55,Lent devotional episode; title restates scene 'Blind Bartimaeus'; no notes,,
eleven22-0OibO44yIQaFcakEQSjV6J|mark,mark,eleven22,2020-03-26,Bleeding Woman,Mark 5:25-34,Lent Devo Episode 22,other,topical,0.55,Lent devotional episode; title restates scene 'Bleeding Woman'; no notes,,
eleven22-4wmBE47xVjcBi7msNia3vw|mark,mark,eleven22,2016-05-01,Demons,Mark 9:24,,other,topical,0.55,no series; title 'Demons'; notes cite Mark 9:24 and quotes on the devil,,
keller-1596|mark,mark,keller,2000-12-17,The Man Who Would Not Be Hurried,Mark 5:25-43,Two Christmas Meditations,other,topical,0.55,series 'Two Christmas Meditations' 2/2 Mark; title 'The Man Who Would Not Be Hurried' (Jairus delay); no notes,,
vintage-sm-4wwZlqylNSTjyzA6yRk36a|matthew,matthew,vintage-sm,2025-12-01,He is With Us,Matthew,Matthew,study,,0.55,"series: Matthew, sequential after genealogy; title 'He is With Us' = Immanuel, Matt 1:23",Matthew 1:18-25,
vintage-sm-6hWkF05fhyGQXwtMTTJnVj|matthew,matthew,vintage-sm,2023-04-24,The Great Commission,,Life After Easter,other,unclear,0.55,series: Life After Easter; title 'The Great Commission'; no notes,,
keller-1611|matthew,matthew,keller,2001-03-11,Prostitutes Before You,Matthew 21:28-39,"The ""Amens"" of Jesus: The Challenge of the Cross",other,unclear,0.55,series: The 'Amens' of Jesus; title 'Prostitutes Before You'; no notes,,
keller-1576|matthew,matthew,keller,2000-06-25,God’s Indelible Pen,Matthew 5:18,The Hard Sayings of Jesus 2000,other,topical,0.55,notes: 'it tells us a great deal about the Bible itself... 1) the whole Bible is absolutely true',,
keller-1513|matthew,matthew,keller,1999-05-16,The New Community,"Matthew 5:21-24, 45-48; 7:1-6",The Mount; Life in the Kingdom,study,,0.55,"series: The Mount; Life in the Kingdom walks Matt 5-7; passage 5:21-24,45-48; 7:1-6",,
keller-941|matthew,matthew,keller,1993-02-14,Let Your Yes Be Yes,Matthew 5:33-37,Hard Sayings of Jesus 1993,other,topical,0.55,"notes: 'radical principle of truthfulness... 1) importance, 2) nature, 3) how you become a person of integrity'",,
keller-889|matthew,matthew,keller,1992-08-09,The Wheat and the Weeds: On Reality,Matthew 13:24-30; 36-46,The Parables of Jesus 1992,study,,0.55,series: The Parables of Jesus 1992; title 'The Wheat and the Weeds'; no notes,,
keller-828|matthew,matthew,keller,1991-12-22,God With Us,Matthew 1:18-25,Advent: God with Us,other,unclear,0.55,series: Advent: God with Us; title 'God With Us'; no notes,,
keller-825|matthew,matthew,keller,1991-12-15,His Name,Matthew 1:18-25,Advent: God with Us,other,unclear,0.55,series: Advent: God with Us; title 'His Name'; no notes,,
eleven22-4KRt7wnkxze2bkkNrkXLA6|philippians,philippians,eleven22,2016-05-15,Desperate Prayer,Philippians 4:6-7,,other,springboard,0.55,no series; notes: 'DO YOU NEED A MIRACLE?... fight through the crowd and pray' with Phil 4:6-7 tacked on,,
bridgetown-3aaxCMTpRyIiJFqVJJ0E1t|psalms,psalms,bridgetown,2025-03-31,Session 4,Psalm 139:7-12,HSC25,other,topical,0.55,"series_ctx: HSC25 conference, 1/4 on Psalms; notes: 'Psalms 139v7-12 with Tim Mackie | Holy Spirit Conference'",,
cotcny-0zfAtJRjXqN8ZfKYZeawKd|psalms,psalms,cotcny,2018-07-03,Week 2 - Attention Leads To Adoration,Psalm 73,Teach Us To Pray,other,topical,0.55,"series_ctx: Teach Us To Pray, 1/11 Psalms; notes: 'activities that take our attention away from our adoration' from Psalm 73",,
keller-1518|psalms,psalms,keller,1999-06-20,I Sing in the Shadow of Your Wings,Psalm 63:1-11,The Lord's Prayer 1999,other,topical,0.55,series: The Lord's Prayer 1999 (1/7 Psalms); title quotes Ps 63:7 'shadow of your wings'; no notes,,
keller-1370|psalms,psalms,keller,1997-09-07,The Beauty of God,Psalm 27:1-14,,study,,0.55,nearby: 3 Psalms sermons summer 1997; title 'The Beauty of God' on whole Ps 27 (27:4); no notes,,
keller-1366|psalms,psalms,keller,1997-08-17,Losing and Finding God,Psalm 42: 2-5,,study,,0.55,"nearby: 3 Psalms sermons summer 1997 (126, 42, 27); title 'Losing and Finding God' matches Ps 42; no notes",,
keller-920|psalms,psalms,keller,1992-11-15,The Righteousness of God,Psalm 19:1-14,The Attributes of God,other,topical,0.55,series: Attributes of God (3/12); title 'The Righteousness of God' from Ps 19; no notes,,
keller-634|psalms,psalms,keller,1990-01-21,Integrity (9th),"Psalm 15, 16",Ten Commandments 1989,other,topical,0.55,series: Ten Commandments 1989 (1/13 Psalms); title 'Integrity (9th)'; Ps 15 on truthful speech; no notes,,
eleven22-76oon9JU1OH233yVi1odSO|romans,romans,eleven22,2017-02-05,No Condemnation,Romans 8:1,,other,topical,0.55,notes: quotes Romans 8:1 and Matthew 11:28-30 only; title 'No Condemnation',,
keller-2467|romans,romans,keller,2016-06-26,Love and Power,"Romans 14:1-3, 14:14-15:7",What We Are Becoming: Transforming Love,study,,0.55,"notes: 'looking at a dispute that happened in the church of Rome... 1) the problems that culture poses, 2) the solutions'",,
eleven22-6hHxDfiC5vq6T4ZEOjxTCS|romans,romans,eleven22,2016-02-28,City of Refuge,Romans 5:8,,other,secondary,0.55,title 'City of Refuge'; notes quote Hebrews 4:14-16 alongside Romans 5:8: 'God created refuge for ALL PEOPLE',,
keller-1343|romans,romans,keller,1997-04-06,Witness of the Spirit,Romans 8:1-17,Lessons in Drawing Near,other,topical,0.55,"notes: 'three great ministries of the Holy Spirit... regeneration, sanctification, high assurance and power' (doctrinal framing)",,
eleven22-37tT7iqtyAsnWgYE9TGeB4|1-corinthians,1-corinthians,eleven22,2022-02-13,The Kingdom of God and Sex,,,other,topical,0.6,title: 'The Kingdom of God and Sex'; notes: quote of 6:18-20 only,,
eleven22-14GXOhepKuH1tYVpwGgb45|1-corinthians,1-corinthians,eleven22,2017-12-31,Of First Importance,,Stand Alone,other,topical,0.6,series: Stand Alone; notes: 'the greatest thing... is the Gospel' (general),,
eleven22-5KRFi4Hby3oUDujsAVtuDs|1-corinthians,1-corinthians,eleven22,2016-02-07,Glory Days,1 Corinthians 1:25,,other,unclear,0.6,title: 'Glory Days'; notes: quote of 1:25 only,,
eleven22-6YJJVylekfEog61c8TseSB|1-corinthians,1-corinthians,eleven22,2014-04-27,The Man,1 Corinthians 16:13-14,,other,topical,0.6,title: 'The Man'; notes quote only 16:13-14 'act like men' (manhood topic),,
keller-2021|1-corinthians,1-corinthians,keller,2008-05-04,The Supper,1 Corinthians 11:18-34,Practicing The Christian Life,other,topical,0.6,series: Practicing The Christian Life; notes: 'Christian discipline par excellence is observing the Lord's Supper' (synerchomai word study),,
keller-1669|1-corinthians,1-corinthians,keller,2002-03-24,Love and the Future of God,1 Corinthians 13:1-13,Practical Grace; How the Gospel Transforms Character,other,topical,0.6,series: Practical Grace; notes: 'ways grace creates a new interior character... look to the future',,
keller-1664|1-corinthians,1-corinthians,keller,2002-02-24,Blessed Self-Forgetfulness,1 Corinthians 3:21-4:7,Practical Grace; How the Gospel Transforms Character,other,topical,0.6,series: Practical Grace; notes: 'humility... self-esteem... 1 Corinthians 3 gives us an approach to self-regard',,
keller-1658|1-corinthians,1-corinthians,keller,2002-01-13,Love and the Practical Graces,1 Corinthians 13:1-8,Practical Grace; How the Gospel Transforms Character,other,topical,0.6,series: Practical Grace (character); notes: 'The city of Corinth was a place of commerce... Paul says character is everything',,
keller-969|1-corinthians,1-corinthians,keller,1993-05-09,New Creation,1 Corinthians 15:20-26; 45-49,Lent - Nature of Sin,study,,0.6,"series_ctx: consecutive run through 1 Cor 15; 15:20-26,45-49 first/last Adam",,
keller-3318|1-corinthians,1-corinthians,keller,1993-05-02,Forgiveness,1 Corinthians 15:12-19; 54-57,Lent - Nature of Sin,study,,0.6,series_ctx: consecutive run through 1 Cor 15; 15:17 'still in your sins',,
eleven22-7clOOAnyl7djHIGffzEYKp|1-kings,1-kings,eleven22,2022-03-20,Mount Carmel – Why Are You Still Holding On to That Idol?,,,other,topical,0.6,title 'Why Are You Still Holding On to That Idol?'; notes one-line application,,
keller-1531|1-kings,1-kings,keller,1999-10-24,The One God Uses,1 Kings 19:15-21; 2 Kings 2:8-14,Receiving the Spirit (with Elisha),study,,0.6,"nearby: 1 Kgs 17, 18, 19 sermons; notes: 'When Elijah takes Elisha as his successor... though he was rich, he gave up his wealth'",,
keller-1380|1-kings,1-kings,keller,1997-10-05,A King’s Wisdom – Solomon,1 Kings 3:16-28,Pointers to Christ - Directional Signs in History,study,,0.6,series: Pointers to Christ; notes: 'Solomon became king of Israel at the age of 20... If we take a look at this narrative',,
eleven22-2x41GwlAVlwbIYSnsk9nIu|1-peter,1-peter,eleven22,2020-09-13,Wk 2: Hope,,Saturated Sunday,other,topical,0.6,"series: Saturated Sunday 'Wk 2: Hope'; notes: 'Misplaced hope will kill, steal and destroy you'",,
eleven22-5BXWLoBwH1fGyckeGAa1Kc|1-peter,1-peter,eleven22,2020-09-13,Sunday,,Saturated 2020,other,topical,0.6,series: Saturated 2020; notes: 'Misplaced hope will kill... Always be prepared...',,
keller-1607|1-peter,1-peter,keller,2001-02-25,Born Into Community,1 Peter 2:8-17,The Radical Imperative; A New Birth,study,,0.6,"series: A New Birth, sequential 1 Pet 2:8-17; title restates 2:9-10 people of God",,
keller-1606|1-peter,1-peter,keller,2001-02-18,Born to Grow,1 Peter 1:22-2:8,The Radical Imperative; A New Birth,study,,0.6,"series: A New Birth, sequential 1 Pet 1:22-2:8; title restates 2:2 'grow up'",,
keller-1605|1-peter,1-peter,keller,2001-02-11,Born of the Gospel,1 Peter 1:10-25,The Radical Imperative; A New Birth,study,,0.6,"series: A New Birth, sequential 1 Pet 1:10-25; title restates 1:23-25 born of the word/gospel",,
keller-1602|1-peter,1-peter,keller,2001-02-04,Born Into Hope,1 Peter 1:3-9,The Radical Imperative; A New Birth,study,,0.6,"series: A New Birth, 4 consecutive sermons on 1 Pet 1:3-2:17; title restates 1:3 'new birth into a living hope'",,
keller-1985|1-samuel,1-samuel,keller,2007-10-21,Hannah’s Prayer for Family,1 Samuel 1:4-11; 2:1-10,Real Spirituality - Prayer and Beyond,study,,0.6,notes: '1) The anatomy of Hannah's pain; 2) The change in Hannah's heart; 3) The secret in Hannah's song' (prayer case-study series),,
keller-1771|1-samuel,1-samuel,keller,2004-02-08,The Friends,"1 Samuel 18:3-4, 19:4-5, 20:40-42",The Gospel According to David,study,,0.6,"series: The Gospel According to David (walks David's life through 1-2 Samuel in order); no notes; title restates the episode (David and Jonathan, 1 Sam 18-20)",,
keller-1769|1-samuel,1-samuel,keller,2004-02-01,Self-Deconstruction,1 Samuel 18:1-14,The Gospel According to David,study,,0.6,"series: The Gospel According to David (walks David's life through 1-2 Samuel in order); no notes; title restates the episode (Saul's jealousy, 1 Sam 18)",,
keller-1760|1-samuel,1-samuel,keller,2003-12-07,The Prayer for David,"1 Samuel 1:4-11,20; 2:1-10",The Gospel According to David,study,,0.6,series: The Gospel According to David (walks David's life through 1-2 Samuel in order); no notes; title restates the episode (Hannah's song),,
keller-1286|1-samuel,1-samuel,keller,1996-10-06,Dagon and the Ark,1 Samuel 5:14,Daring to Draw Near,study,,0.6,series: Daring to Draw Near; notes: 'Let's look at what the ark is and what happens in this incident',1 Samuel 5:1-5 (passage '5:14' is invalid),
keller-1265|1-samuel,1-samuel,keller,1996-06-09,Spiritual Self Destruction,1 Samuel 18:7-16; 19:8-24,The Life of David,study,,0.6,"series: The Life of David (narrative walk through 1-2 Samuel); no notes; title restates the episode (Saul's jealousy, 1 Sam 18-19)",,
keller-1262|1-samuel,1-samuel,keller,1996-05-26,David and Jonathan,1 Samuel 17:55-58,The Life of David,study,,0.6,series: The Life of David (narrative walk through 1-2 Samuel); no notes; title restates the episode (David and Jonathan),,
keller-1259|1-samuel,1-samuel,keller,1996-05-12,A Man After God’s Own Heart,1 Samuel 16:1-13,The Life of David,study,,0.6,"series: The Life of David (narrative walk through 1-2 Samuel); no notes; title restates the episode (David anointed, 1 Sam 16)",,
keller-1270|1-thessalonians,1-thessalonians,keller,1996-07-07,Work,1 Thessalonians 4:9-12,Thessalonians; The Gospel and the End of Time,other,topical,0.6,notes: 'The biblical doctrine of work has 1) two practical guidelines and 2) two motivational principles',,
keller-1268|1-thessalonians,1-thessalonians,keller,1996-06-30,Sex,1 Thessalonians 4:3-8,Thessalonians; The Gospel and the End of Time,study,,0.6,series: Thessalonians book series; title 'Sex' = 4:3-8 sexual holiness; no notes,,
keller-816|2-corinthians,2-corinthians,keller,1991-11-10,Radical Generosity,2 Corinthians 9:6-15,,other,topical,0.6,"notes: 'When we realize that everything that we have is a gift from God, it becomes possible... to give'",,
keller-2400|2-kings,2-kings,keller,2015-08-30,Sight for the Blind,2 Kings 6:8-23,Faith in an Age of Unbelief: Elijah and Elisha,study,,0.6,series: Faith in an Age of Unbelief: Elijah and Elisha; title restates 6:8-23 eyes opened,,
keller-1239|2-kings,2-kings,keller,1996-03-10,Sin as Leprosy (Part 2),2 Kings 5:5-17,The Faces of Sin,other,topical,0.6,series: The Faces of Sin; notes: 'God insists on speaking to him through nobodies',,
eleven22-6YJr46SBhJCf63PoSiNF12|2-peter,2-peter,eleven22,2020-11-29,Growing in Grace,,,other,unclear,0.6,title: 'Growing in Grace'; no notes,,
eleven22-2CnINUK53KApbdBQrbNJp8|2-peter,2-peter,eleven22,2020-11-08,Sanctification,,,other,springboard,0.6,notes: 'What He has called you to is to make disciples that make disciples',,
keller-2324|2-peter,2-peter,keller,2014-06-08,Our Power: Spirit-Filled Living,2 Peter 1:3-11,Following Jesus,other,topical,0.6,"series: Following Jesus; notes: 'spiritual growth is 1) possible, 2) gradual'",,
eleven22-7rkPbKDxRthKgkllVcVw6o|2-samuel,2-samuel,eleven22,2026-09-21,When God Doesn’t Do What You Think He Should,2 Samuel 12,Saturated Saturday,other,topical,0.6,notes: 'What happens to your faith when God doesn't do what you think a good God should do?' (Saturated event),,
keller-1778|2-samuel,2-samuel,keller,2004-03-14,The Hands of the Lord,2 Samuel 24:10-19,The Gospel According to David,study,,0.6,"series: The Gospel According to David (walks David's life through 1-2 Samuel in order); no notes; title restates the episode (census and plague, 2 Sam 24)",,
keller-1777|2-samuel,2-samuel,keller,2004-03-07,The Sufferer,2 Samuel 12:13-25; Psalm 39:7-13,The Gospel According to David,study,,0.6,"series: The Gospel According to David (walks David's life through 1-2 Samuel in order); no notes; title restates the episode (death of the child, 2 Sam 12)",,
keller-1776|2-samuel,2-samuel,keller,2004-02-29,The Sinner,2 Samuel 12:1-7A; Psalm 51:1-12,The Gospel According to David,study,,0.6,"series: The Gospel According to David (walks David's life through 1-2 Samuel in order); no notes; title restates the episode (Nathan confronts David, 2 Sam 12 + Ps 51)",,
keller-1772|2-samuel,2-samuel,keller,2004-02-15,The Warriors,2 Samuel 23:13-17,The Gospel According to David,study,,0.6,"series: The Gospel According to David (walks David's life through 1-2 Samuel in order); no notes; title restates the episode (mighty men, 2 Sam 23)",,
keller-1274|2-samuel,2-samuel,keller,1996-08-25,The Hand of the Lord,2 Samuel 24:10-21,The Life of David,study,,0.6,series: The Life of David (narrative walk through 1-2 Samuel); no notes; title restates the episode (2 Sam 24),,
keller-1272|2-samuel,2-samuel,keller,1996-08-11,The Lord’s Beloved,2 Samuel 12:13-25,The Life of David,study,,0.6,series: The Life of David (narrative walk through 1-2 Samuel); no notes; title restates the episode (2 Sam 12:13-25),,
keller-1269|2-samuel,2-samuel,keller,1996-07-07,David and the Ark,2 Samuel 6:1-23,The Life of David,study,,0.6,series: The Life of David (narrative walk through 1-2 Samuel); no notes; title restates the episode; notes: 'neither can God's holiness with man's sinfulness',,
keller-1267|2-samuel,2-samuel,keller,1996-06-23,The Mighty Men,2 Samuel 23:13-17,The Life of David,study,,0.6,"series: The Life of David (narrative walk through 1-2 Samuel); no notes; title restates the episode (mighty men, 2 Sam 23)",,
eleven22-7dwIqfkHYEaMOB3DTUUgCH|2-timothy,2-timothy,eleven22,2019-08-04,Self-Control,,,other,topical,0.6,title 'Self-Control'; notes: 'only thing that can... satisfy the insatiable appetites... is the everlasting God',,
cotcny-7e6oPkcWCnUkQMzz9RvDTb|2-timothy,2-timothy,cotcny,2018-08-28,The Kind Of Leaders We're Looking For,,Fall Vision Day 2018,other,topical,0.6,series: Fall Vision Day 2018; notes: 'types of people Paul instructs Timothy to entrust... implications for our church',,
keller-2271|2-timothy,2-timothy,keller,2013-06-30,Finishing Well,Acts 28:30-31; 2 Timothy 4:6-22,Acts: The Gospel in the City,other,secondary,0.6,series: Acts: The Gospel in the City; passage Acts 28:30-31 with 2 Tim 4,,
eleven22-1s9pWyYnUdJRpo5b4I466i|acts,acts,eleven22,2025-09-12,The Lord’s Hand Was With Them,Acts 11:19-30,Saturated,study,,0.6,"notes: 'unpacks Acts 11:19-30... radical conversions, category-defying community, generosity... new cultural identity'",,
vintage-sm-7Dx3ShhobU2mzpA8WUGjap|acts,acts,vintage-sm,2025-07-22,A New Community,Acts 2,,other,unclear,0.6,title: A New Community; passage Acts 2; no notes; nearby 'God's Empowering Presence (Acts)',,
eleven22-0ZP4SkL34r0ga9cKrgJggD|acts,acts,eleven22,2025-06-15,Fighting with No Power,Acts 19,,other,topical,0.6,series In the Arena wk 2; notes: 'gospel power... still fights for us today'; Rev 2 tie-in,,
bridgetown-793QXbwKNryis0IztDhdbL|acts,acts,bridgetown,2021-05-23,Unhindered,,,study,,0.6,notes: 'seeing Pentecost from the final scene of Acts... church under house arrest'; title = Acts 28:31's last word,{'passage': 'Acts 28:16-31'},
cotcny-0YCxWONROYxCtvoRM0T4nW|acts,acts,cotcny,2017-06-06,Ephesians,Ephesians; Acts 19:23-40,Making Sense of Church,other,secondary,0.6,title: Ephesians; passage: 'Ephesians; Acts 19:23-40' in Making Sense of Church; no notes,,
cotcny-2v8gZfNTySsI4KtpCDotrQ|acts,acts,cotcny,2017-06-06,Ephesians,Ephesians; Acts 19:1-20,Making Sense of Church,other,secondary,0.6,title: Ephesians; passage: 'Ephesians; Acts 19:1-20' in Making Sense of Church; no notes,,
eleven22-5qSK6oTK5fwkNI62dLNUtq|acts,acts,eleven22,2016-02-21,"Big Prayers, Big God",Acts 4:23-31,,other,topical,0.6,notes: 'you pray BIG BOLD prayers' plus James 5; no setting,,
eleven22-2ezjF0EQHs6PQ0JsZ95FFv|acts,acts,eleven22,2015-12-27,Road Blocks To Hope,Acts 15:19,,other,springboard,0.6,notes: 'The Church's job is to knock down all the roadblocks for others' from Acts 15:19 alone,,
eleven22-5sZJgVPuxG3vVowgF5tDDa|acts,acts,eleven22,2014-02-23,Snake Bitten,,,other,springboard,0.6,notes: 'God will never waste a hurt... misery redeemed for ministry' (Acts 28 viper),,
eleven22-07jMsbcz6wHBbxCqLPgby3|acts,acts,eleven22,2013-09-08,Naked & Wounded,,,other,unclear,0.6,notes: 'Operating with the name of Jesus without a saving knowledge' (Acts 19 sons of Sceva); no passage/series,{'passage': 'Acts 19:13-16'},
eleven22-1h3WPMm024NKaW0tKzz4p3|acts,acts,eleven22,2013-01-06,Megaphone,Acts 1:8,Stand Alone,study,,0.6,notes: 'a church dispersed; Mt 28 & Acts 1:8 fulfilled in 8:1 Acts 7:54 - 8:8'; nearby Acts 4-5 sermons,{'passage': 'Acts 7:54-8:8'},
keller-1752|acts,acts,keller,2003-11-02,Stay With the Ship,Acts 27:15-32,The Necessity of Belief,study,,0.6,"notes: 'In the Greek imagination, the voyage was a metaphor... Luke includes this account'",,
keller-1427|acts,acts,keller,1998-03-29,A World of Idols,Acts 17:16-34,The Church - How to Believe Despite Christians,other,topical,0.6,series apologetic on church; notes: 'gospel should change... how we relate to the outside world',,
keller-1425|acts,acts,keller,1998-03-22,Changed Lives,Acts 16:13-34,The Church - How to Believe Despite Christians,other,topical,0.6,series: The Church - How to Believe Despite Christians; no notes,,
keller-1356|acts,acts,keller,1997-06-01,God in the Shipwreck,Acts 27:21-32,,other,unclear,0.6,title only: God in the Shipwreck; no notes or series,,
keller-1153|acts,acts,keller,1995-04-16,Easter,Acts 17:16-18,,other,topical,0.6,title: Easter (occasion); no notes,,
keller-1155|acts,acts,keller,1995-04-16,Testimonies and Easter Sermon 1995,Acts 2:22-42,,other,topical,0.6,title: 'Testimonies and Easter Sermon 1995'; no notes,,
keller-1852|colossians,colossians,keller,2005-09-18,"Christ, Our Life",Colossians 3:1-14,The Vision of Redeemer,other,topical,0.6,"series: The Vision of Redeemer; notes: 'When good things turn into ultimate things, they become idols'",,
keller-616|colossians,colossians,keller,1989-11-05,Finding Our Identity in Christ (Part 2),Colossians 3:1-4,"Growth in Christ, Part 1",study,,0.6,"notes: 'determining factor is not your present or your past, but Christ's present and past'; part of Col 3 run",,
keller-613|colossians,colossians,keller,1989-10-22,Removing Idols of the Heart,Colossians 3:5-11,"Growth in Christ, Part 1",other,topical,0.6,series: Growth in Christ; notes: 'An idol is something else besides Jesus Christ... What is actually driving me?',,
eleven22-4vzht8XEpvAu6s295q5OVt|daniel,daniel,eleven22,2019-12-15,In the Fire,,,other,topical,0.6,notes: 'God's presence will be the power to persevere in the pain'; fill-in application,Daniel 3,
eleven22-3yCizFKfMudm132d2RbeEi|deuteronomy,deuteronomy,eleven22,2015-10-11,Legacy,Deuteronomy 6:4-9,,other,topical,0.6,title: 'Legacy'; notes only quote 6:4-9,,
bridgetown-67W2e9OaHaTQPWvAru2Js3|ephesians,ephesians,bridgetown,2025-04-27,Becoming Your True Self,Ephesians 3:14-19,,other,topical,0.6,"no series, guest; notes: 'how God's love seeks us out in all our weakness and shame' (Eph 3:14-19 prayer)",,
eleven22-1zuXceqYQS7meM70zBkcrv|exodus,exodus,eleven22,2025-07-06,Passover,,,other,topical,0.6,notes: 'Life isn't a playground- it's an arena... Passover points us to the ultimate battle Jesus fought',,
eleven22-5TaGcHkLM89jnw8sWWJdv2|exodus,exodus,eleven22,2022-03-13,Mount Sinai – Who Tells You Who You Are: You…or Jesus?,,,other,topical,0.6,title: 'Who Tells You Who You Are'; notes: 'law is the diagnosis... Jesus is the cure',,
eleven22-3RPf2zOMNU9dKgMVG6OKlJ|exodus,exodus,eleven22,2019-03-17,Mt Sinai,,,other,topical,0.6,notes: 'The Law is the diagnosis that we are sinners in need of a Savior',,
cotcny-3yZzJugzUkmDnD3Qxwb002|exodus,exodus,cotcny,2019-01-15,Prioritizing the Presence of God,Exodus 33:1-18,,other,topical,0.6,"notes: 'encourages us to pursue the presence of God with a teaching from Exodus 33'; guest, no setting shown",,
keller-2410|exodus,exodus,keller,2015-10-11,God,Exodus 3:1-14,What We Believe: Foundations,other,topical,0.6,series: What We Believe (Apostles' Creed); notes: 'today we come to God... God is a real God; he can be known',,
eleven22-11Wt3cxy4avvZ759TnFrpG|exodus,exodus,eleven22,2015-03-29,Show Me Your Glory,,,other,topical,0.6,notes: 'His Glory came down in search of us' + CS Lewis quote; no Ex 33 setting,,
keller-2282|exodus,exodus,keller,2013-11-03,Finding God,Exodus 3:1-14,A Public Faith,other,topical,0.6,series: A Public Faith; notes: 'Four things bring Moses to this moment... same four things... if you're going to meet God',,
keller-1583|exodus,exodus,keller,2000-09-24,God Our Friend,Exodus 33:7-34:8,"Four Ways to Live, Four Ways to Love",other,topical,0.6,"series: Four Ways to Live, Four Ways to Love (God our King/Lover/Father); no notes",,
keller-2170|ezekiel,ezekiel,keller,2011-04-24,The God Who Makes Alive,Ezekiel 37:1-14,To Know the Living God; The God Who Makes Alive,study,,0.6,"notes: 'When Israel was invaded by the Babylonians and taken into exile... God, through Ezekiel, gives them a picture of resurrection'",,
cotcny-2ea8GwCOmR4xUZzuuc2AR9|galatians,galatians,cotcny,2026-09-28,The Fruit of the Spirit,Galatians 5:13-26,Manifesto of Fruitfulness,other,topical,0.6,"series: Manifesto of Fruitfulness (Luke 8, John 15); notes: 'Fruit comes through union, not imitation'",,
keller-857|galatians,galatians,keller,1992-04-12,Cross (Palm Sunday),Galatians 6:12-16,,other,topical,0.6,title: 'Cross (Palm Sunday)'; occasion sermon; no notes,,
keller-826|galatians,galatians,keller,1991-12-15,Peace on Earth,Galatians 5:13-6:3,,other,topical,0.6,"title: 'Peace on Earth' (Dec 1991, seasonal); no notes",,
keller-630|galatians,galatians,keller,1990-01-07,Walking in the Spirit,Galatians 5:16-25,Fruit of the Spirit,other,topical,0.6,series: Fruit of the Spirit; notes: 'looking at this passage on the fruit of the Spirit as a whole',,
keller-948|genesis,genesis,keller,1993-03-07,People of the Lie,Genesis 3:1-9,Lent - Nature of Sin,other,topical,0.6,"series_ctx: Lent - Nature of Sin, 4/12 Genesis (Gen 3 run in topical series); title only: 'People of the Lie' (Gen 3:1-9)",,
keller-3317|genesis,genesis,keller,1992-01-12,Temptation,Genesis 3:1-15,Spiritual Warfare - The War,other,topical,0.6,series_ctx: Spiritual Warfare 1/5 Genesis; title only: 'Temptation' (Gen 3:1-15),,
keller-620|genesis,genesis,keller,1989-11-25,Aggressive Compassion (6th),Genesis 9:1-7,Ten Commandments 1989,other,topical,0.6,series_ctx: Ten Commandments 1/13; title: 'Aggressive Compassion (6th)' from Gen 9:1-7,,
bridgetown-5dt8bO8qav0CoQFB52g4Vp|hebrews,hebrews,bridgetown,2026-04-19,Seeing Beyond Sight,Hebrews 11:1-3,Faith,other,topical,0.6,"notes: 'Faith is more than belief, it is a way of seeing... recognize Jesus in the ordinary'",,
cotcny-3u7XAXUMExRAuLxXppEvu1|hebrews,hebrews,cotcny,2020-07-27,A Cry for Encouragement Part 2,Hebrews 10:19-25,Crying Out,other,topical,0.6,series: Crying Out (prayer); notes: 'three encouraging exhortations from Hebrews 10:19-25' with no Hebrews setting,,
bridgetown-6Ablq0hsCfN1T5D2jMpeT0|isaiah,isaiah,bridgetown,2022-10-30,Justice is a Person,Isaiah 9:1-7,Vision 2022: A House of Prayer For All Nations,other,springboard,0.6,series: Vision 2022: A House of Prayer For All Nations; title 'Justice is a Person',,
keller-2182|isaiah,isaiah,keller,2011-09-11,Isaiah and the Crisis,Isaiah 6:1-8,Theophany: Anticipations of Jesus in the Old Testament,study,,0.6,series: Theophany; notes: 'Isaiah experienced God showing up at a point of cultural crisis and decline... holy... on a mission',,
keller-1995|isaiah,isaiah,keller,2007-12-23,The God of Wonders,Isaiah 9:1-7,Jesus of the Prophets,other,topical,0.6,"series: Jesus of the Prophets; notes: 'this sermon will meditate on those two words' (wonder, counsel)",,
keller-1866|isaiah,isaiah,keller,2005-11-13,The Gospel and Your Self,Isaiah 6:1-13,The Vision of Redeemer,other,topical,0.6,series: Vision of Redeemer; notes: 'The cure for our self-absorption is an encounter with God',,
keller-1856|isaiah,isaiah,keller,2005-10-02,The City,Isaiah 25:6-26:6,The Vision of Redeemer,other,topical,0.6,series: Vision of Redeemer; notes: 'tale of two cities... Christians are called to seek the peace and prosperity of the city',,
keller-1762|isaiah,isaiah,keller,2003-12-21,The Throne of David,Isaiah 9:1-7,The Gospel According to David,other,topical,0.6,series: The Gospel According to David; no notes,,
keller-1497|isaiah,isaiah,keller,1999-03-07,How Sin Makes Us Convicts,"Isaiah 64:1-9, 65:17-18",What's Really Wrong with the World,other,topical,0.6,series: What's Really Wrong with the World; title 'How Sin Makes Us Convicts',,
keller-1494|isaiah,isaiah,keller,1999-02-21,How Sin Makes Us Homeless,Isaiah 61:1-11,What's Really Wrong with the World,other,topical,0.6,series: What's Really Wrong with the World (sin); title 'How Sin Makes Us Homeless',,
eleven22-36VxpJG1Ccb79y6aHWrKt5|james,james,eleven22,2014-10-05,How To Get Right with the Lord,James 2:23,,other,unclear,0.6,title: 'How To Get Right with the Lord'; notes only quote 2:23,,
bridgetown-7kurSnyvZJUxS5CfUPQQVY|john,john,bridgetown,2026-09-14,Practicing the Way of Jesus,John 5:1-9,,other,topical,0.6,"notes: 'Wholeness is a gift of God's grace, but it also calls for our participation' - Bethesda used for discipleship theme, not ch.5 Sabbath/identity point",,
bridgetown-4K1uQr08Ne3cx5djR1dmDf|john,john,bridgetown,2026-05-10,Mary,John 20:11-18,Hope in Action,other,topical,0.6,series: Hope in Action; notes: 'consider how the spirit forms resurrection hope in us',,
bridgetown-1g66055Xn7jsPp8HGxAjx5|john,john,bridgetown,2026-04-26,Thomas,John 20:24-29,Faith in Action,study,,0.6,notes: 'Through Thomas' story... Jesus meets us with compassion... Holy Spirit builds faith through testimony' - matches 20:29-31,,
vintage-sm-2Gf5sMkNlI0txfJGOae0dg|john,john,vintage-sm,2026-04-14,Restoring Peter - John 21,John 21,Encountering the Resurrected Jesus,other,unclear,0.6,"series: Encountering the Resurrected Jesus; title only, no notes",,
vintage-sm-1jGx3gkWoTupaBDGNLqaOT|john,john,vintage-sm,2025-04-27,Failure is not Final,John 21,,other,unclear,0.6,title: 'Failure is not Final'; no notes,,
cotcny-0E8MhcEgO7gW20TMioplFF|john,john,cotcny,2025-04-21,God Conscious,,Easter Sunday,other,topical,0.6,"Easter Sunday; notes: 'our need to become ""God conscious""'",John 20:1-18,
bridgetown-58Ril9GKFJDsU5c1bqP0oD|john,john,bridgetown,2024-11-24,Do You Understand What I've Done For You?,John 13:1-17,For the Sake of Others,other,topical,0.6,series: For the Sake of Others (questions across Gospels); no notes,,
eleven22-3WUxeZQf6MexmFP3rPdRWt|john,john,eleven22,2023-04-09,Easter 2023,,Wk 1: Resurrection,other,unclear,0.6,title: Easter 2023; notes only 'Do you Believe?... life in His name',,
cotcny-0nrLQZRdMFLVzwa6iJSfDV|john,john,cotcny,2022-11-28,There is a Light,John 1,Advent Week I,other,topical,0.6,series: Advent Week I; notes: 'Light of God coming into the world... called to be witnesses',,
cotcny-4hvbH2Nzxzppt5MA4Hck3O|john,john,cotcny,2022-04-19,Seeing Jesus,,Easter Sunday,study,,0.6,"notes: 'John's gospel account of the resurrection. Through using three different Greek words for sight/seeing, John lays out...'",John 20:1-18,
bridgetown-2EEb6MJeVzheGBT0rFB4HP|john,john,bridgetown,2022-04-17,The Life and Death and Life of Jesus Christ,John 20:1-18,Various Teachings,other,unclear,0.6,"Easter sermon, series: Various Teachings; no notes",,
bridgetown-79F0vI2p4bJwXBILyfXJNm|john,john,bridgetown,2021-12-19,God Made Known,John 1:14,Advent,other,topical,0.6,series: Advent; notes only quote John 1:14,,
cotcny-7r5yc0MsvYXo1ugwifvIuf|john,john,cotcny,2021-05-24,Unexpected Inclusion,,Unexpected Jesus,study,,0.6,notes: 'took an in depth look of Jesus' encounter with the woman at the well... led to... widespread revival',John 4:1-42,
cotcny-7gdhuddNGU25ASyUxjKUF2|john,john,cotcny,2021-04-19,Unexpected Extravagance,,Unexpected Jesus,other,topical,0.6,"notes: 'Just like King David before her, Mary became undignified... worship'",John 12:1-8,
cotcny-7aPkpnA85JlIToqqPu2jL1|john,john,cotcny,2017-12-27,The Word Became Flesh,John 1,Christmas Eve,other,topical,0.6,series: Christmas Eve; no notes,,
eleven22-5LAzGmeYDhpGw8LHHsfTde|john,john,eleven22,2017-10-22,Love Sacrifices,,,other,topical,0.6,"notes: 'God LOVED so God GAVE. If you BELIEVE, you RECEIVE eternal life'",,
eleven22-4rdI422MLqZ9FhNsqAZMDY|john,john,eleven22,2016-05-29,Peace! Be Still,John 16:33,,other,secondary,0.6,title 'Peace! Be Still' (Mark 4:39); notes: 'the storm IN YOU is greater than the storm that YOU ARE IN',,
eleven22-1BFk2fTn4qkZdMxhHKGPG4|john,john,eleven22,2016-04-24,A Man Born Blind,,,other,unclear,0.6,title only: A Man Born Blind; no notes,,
eleven22-3f8bCtMfZAdIflopPLhjwx|john,john,eleven22,2016-01-10,Strength and Courage,John 15:4-10,,other,springboard,0.6,notes: 'Strength and Courage are not found within YOU... What step of faith is God calling you to take?',,
eleven22-3FkPtPN1JMwBxJIsClcGBk|john,john,eleven22,2015-08-23,My Despair,John 3:14-18,,other,topical,0.6,notes: 'We are all snake bitten... The Hope found in Jesus is Greater than your Despair',,
eleven22-50esKm5Sf3QIo3GgrtNmPp|john,john,eleven22,2013-12-01,Love Requires Action,John 1:14,,other,topical,0.6,"notes: 'Love, by it's nature, requires action. Incarnation'",,
keller-2139|john,john,keller,2010-09-26,The Gospel and the Insider,John 3:1-14,The Gospel and the World,other,topical,0.6,series: The Gospel and the World; notes: 'gospel... leads to conversions... five points... born again',,
keller-2102|john,john,keller,2009-12-20,You Shall See Heaven Open,John 1:43-51,Christmas 2009,study,,0.6,notes: 'meaning of the coming of Christ is tied to an incident in the life of Jacob... heavens opened for those humbled',,
keller-1937|john,john,keller,2006-12-24,Nazareth?!,John 1:43-46,,other,unclear,0.6,"title: 'Nazareth?!' only; no notes, no series",,
keller-1875|john,john,keller,2005-12-18,Jesus’ Meal With Peter,John 21:4-22,Meals with Jesus,other,topical,0.6,series: Meals with Jesus; no notes,,
keller-1870|john,john,keller,2005-11-27,Jesus at His Friend’s Feast,John 2:1-11,The Vision of Redeemer,other,topical,0.6,series: The Vision of Redeemer; no notes,,
keller-1249|john,john,keller,1996-04-07,Easter Sermon and Testimonies,John 20:10-18,,other,unclear,0.6,title: 'Easter Sermon and Testimonies'; no notes,,
keller-1053|john,john,keller,1994-04-03,Believing in the Risen Christ (Easter),John 20:10-29,"Splendor in the Furnace; 1 Peter, Part 2",other,topical,0.6,title: (Easter) inside a 1 Peter series; no notes,,
keller-1386|jonah,jonah,keller,1997-10-26,A Preacher’s Disobedience,"Jonah 1:1-5, 2:1-10",Pointers to Christ - Directional Signs in History,other,topical,0.6,notes: 'By looking at Jonah... we can then get a good idea of what sin is',,
keller-1235|jonah,jonah,keller,1996-02-25,Sin as Self-Righteousness,Jonah 2:7-3:5;3:10-4:11,The Faces of Sin,other,topical,0.6,series: The Faces of Sin; notes: 'What does Jonah teach us about sin?',,
bridgetown-6HNXFlcO4KOuZ6W3aB41BS|joshua,joshua,bridgetown,2023-11-28,"Community As Reconciliation in Class, Culture, and Ethnicity",Joshua 5:8-9,,other,springboard,0.6,"title: 'Community As Reconciliation in Class, Culture, and Ethnicity' from Josh 5:8-9; no notes",,
eleven22-12xH0r6TFLJIyyRuPiKXm2|jude,jude,eleven22,2022-11-20,Kept for Christ,,,other,unclear,0.6,title: 'Kept for Christ' (Jude 1); notes: 'enemy's goal is to suppress the truth that God loves you',,
eleven22-2SgIdtMTjSn25HX08yCjNO|luke,luke,eleven22,2026-09-28,It’s Time to Come Home,Luke 15,Saturated Thursday,other,topical,0.6,event: Saturated Thursday; notes: 'Revival begins with repentance... there is no condemnation for those who are in Christ Jesus',Luke 15:11-32,
cotcny-1YGYwCGaqbnZQbVWkas4FF|luke,luke,cotcny,2026-09-21,The 100x Life,Luke 8:4-15,Manifesto of Fruitfulness,study,,0.6,"notes: 'teaching from Luke 8:4-15, the parable of the sower... one seed... The variance wasn't the seed, but the soil. He named the four kinds'",,
eleven22-1oKiEZ7TR0rZJuLybkPDHK|luke,luke,eleven22,2025-04-20,Easter 2025,,He Is Risen Indeed,other,unclear,0.6,series: He Is Risen Indeed (Easter); notes only: 'Why do you look for the living among the dead?',Luke 24:1-12,
bridgetown-6SmunSPk18xh0ujx3CX4uF|luke,luke,bridgetown,2024-12-24,Christmas Eve,Luke 1:26-38,Advent 2024,other,topical,0.6,title: Christmas Eve; series: Advent 2024 (OT-text series); no notes,,
bridgetown-7mGyr6dPedonMM0RMC0eId|luke,luke,bridgetown,2024-10-28,Who is My Neighbor?,Luke 10:25-37,For the Sake of Others,study,,0.6,"notes: 'A religious expert asks Jesus... ""Who is my neighbor?"" ... Through an unlikely hero, this parable invites us to wrestle with what it means to love God and others'",,
eleven22-5IlmVzvArlAVW284bMu97J|luke,luke,eleven22,2024-02-18,"Father, Forgive Them",Luke 19:10,Tetelestai,other,springboard,0.6,"notes: 'Liar, lunatic, or Lord. Those are the only options' (Luke 19:10 as proof text)",,
eleven22-38weqWkGQluxa5XFQm1aOa|luke,luke,eleven22,2023-12-24,Christmas from the Manger,Luke 2:10-11,Unwrapping Christmas,other,topical,0.6,series: Unwrapping Christmas; notes: only Luke 2:10-11 quote and boilerplate,,
bridgetown-3rSkscl8Xb76P3zZOyzcmz|luke,luke,bridgetown,2023-12-11,"Waiting, The Unseen Threshold and Witness to Hope",Luke 2:36-38,You Will Be My Witness,other,topical,0.6,"notes: 'From our Advent series ""You Will Be My Witness."" Luke 2v36-38'; title themed on waiting",,
bridgetown-5Cbznhyqmnoahd6p3hk6HK|luke,luke,bridgetown,2023-05-14,"The Spirit Speaks to the Soul, Pt. 1",Luke 24:13-35,"Hearing God: Listening to the Still, Small Voice of the Holy Spirit",other,springboard,0.6,series: Hearing God; notes: 'How do we grow in discernment—the ability to distinguish God's voice' (Emmaus used for discernment),,
cotcny-5aKcOPtd7rqylcWxrdKjC6|luke,luke,cotcny,2023-03-13,"Ask, Seek, Knock",Luke 11,God Comes Where He's Wanted 2.0,study,,0.6,"notes: 'a closer look at Luke 11 where Jesus exhorts us to ask, seek, and knock... remember who we're talking to'",Luke 11:9-13,
bridgetown-1TA7366ivee6FC6WhgaVxQ|luke,luke,bridgetown,2022-12-24,Christmas Eve,Luke 2:1-20,Advent 2022,other,topical,0.6,title: Christmas Eve; series: Advent 2022; no notes (occasion sermon),,
cotcny-4kU9R8EX1O7YREmEb5XaRL|luke,luke,cotcny,2020-09-07,A Cry for the Harvest,Luke 10:1-4,Crying Out,other,topical,0.6,"series: Crying Out (prayer); notes: 'prayerfully join Jesus in his mission... look, ask, go, and sacrifice'",,
eleven22-0AMtLdfcS9gO5K2SA1U3pg|luke,luke,eleven22,2019-11-03,Love Your Neighbor,,,other,topical,0.6,"notes: 'We love our neighbor because Jesus, like the Good Samaritan, loved us'",Luke 10:25-37,
eleven22-5r2e6JoG7vFE3GqfAnuAdj|luke,luke,eleven22,2017-12-03,The Promise Fulfilled,,,other,topical,0.6,"notes: 'Mary is a picture of what happens when the Spirit of God moves in you: faith, surrender, and worship'",Luke 1:26-56,
eleven22-5LXy0vkIGxdJ6fAqUCmnNq|luke,luke,eleven22,2017-06-04,The Good Samaritan,,,other,topical,0.6,"notes: 'God did not give you all that you have so you could have all you want, but so others could have all that they NEED'",Luke 10:25-37,
eleven22-5hxdZZ799pdJbaGLsHhxaN|luke,luke,eleven22,2015-09-06,Lord Teach Us to Pray,,Stand Alone,other,topical,0.6,notes: 'Prayer is not about information. It is about intimacy with the Father'; no Luke passage named,Luke 11:1-4,
eleven22-2Hia9B49swCOmYsY4xalsY|luke,luke,eleven22,2015-04-19,Love Saves,Luke 23:32-33,,other,topical,0.6,notes: 'How do I surrender my life to the Lordship of Jesus Christ? Admit... Believe... Confess' (ABC gospel appeal),Luke 23:32-43,
eleven22-5XxEhhPeibAOp6aILC3Qxr|luke,luke,eleven22,2012-09-23,Opening Day,Luke 4,Our Turn,other,unclear,0.6,title: Opening Day; series: Our Turn; no notes,,
keller-2131|luke,luke,keller,2010-06-20,Money and the Logic of Grace,Luke 14:7-24,Money and Possessions - In the Teaching of St. Luke,other,topical,0.6,notes: 'How should Christians view their money...standard for sacrificial giving',,
keller-2051|luke,luke,keller,2008-12-21,The First Christian,Luke 1:26-38,Christmas 2008 - The Beginning of the Gospel,other,topical,0.6,series: Christmas 2008; notes: 'paradigm...first Christian was a 15-year-old unwed teenage mother',,
keller-1876|luke,luke,keller,2005-12-25,Jesus at His Father’s Feast,Luke 2:41-52,Meals with Jesus,other,topical,0.6,"Christmas Day, series Meals with Jesus; notes: 'He is constantly inviting us to join Him at His Father's feast'",,
keller-1849|luke,luke,keller,2005-09-11,The Prodigal Sons,"Luke 15:1-2, 11-32",The Vision of Redeemer,study,,0.6,"notes: 'In the parable of the Prodigal Sons, Jesus redefines God as Father, redefines sin, and redefines salvation'",,
keller-1578|luke,luke,keller,2000-08-13,The Falling Tower,Luke 13:1-9,The Hard Sayings of Jesus 2000,study,,0.6,notes: 'Luke 13 gives us two incidents...Pontius Pilate...blood mixed...tower collapsed',,
keller-1424|luke,luke,keller,1998-03-15,The Church’s Lightning,Luke 9:28-36,The Church - How to Believe Despite Christians,other,topical,0.6,series: The Church - How to Believe Despite Christians; transfiguration as 'The Church's Lightning',,
keller-1416|luke,luke,keller,1998-02-22,Power to Serve,Luke 10:16-20,The Church - How to Believe Despite Christians,other,topical,0.6,series: The Church - How to Believe Despite Christians; title 'Power to Serve'; no notes,,
keller-1392|luke,luke,keller,1997-11-16,How Money Makes Us Fools,Luke 12:13-21,Stewardship,other,topical,0.6,"series: Stewardship; notes: 'talking to his disciples about their money...request, refusal, rebuke'",,
keller-1324|luke,luke,keller,1997-02-09,With the Anxious,Luke 10:38-11:13,The Real Jesus Part 2: His Life,study,,0.6,series: Real Jesus; notes: 'Martha is swept along...Mary sits at Jesus' feet',,
keller-1217|luke,luke,keller,1995-12-17,Christmas Message 1995,"Luke 2:7, 34-35",,other,topical,0.6,"title: 'Christmas Message 1995'; no notes; occasion sermon on Luke 2:7,34-35",,
keller-939|luke,luke,keller,1993-02-07,Power To Change,Luke 11:14-26,Hard Sayings of Jesus 1993,other,topical,0.6,notes: 'Jesus is actually teaching us about power to change...many ways to change',,
keller-933|luke,luke,keller,1993-01-17,I Came To Set the Earth on Fire,Luke 12:49-53,Hard Sayings of Jesus 1993,study,,0.6,notes: 'In this text...divisiveness of Jesus...agony of Jesus caused by his self-denying love' (Luke 12),,
keller-927|luke,luke,keller,1992-12-13,Christmas Wisdom,Luke 2:8-14,Advent 1992,other,topical,0.6,series: Advent 1992; title 'Christmas Wisdom'; no notes,,
keller-926|luke,luke,keller,1992-12-06,How To Sing at Christmas,Luke 1:46-55,Advent 1992,other,topical,0.6,series: Advent 1992; title 'How To Sing at Christmas'; no notes,,
bridgetown-0eVUjGNAe6XTVjjSYDjtqp|mark,mark,bridgetown,2024-03-31,Easter Sunday,Mark 16:1-7,,other,topical,0.6,"title: 'Easter Sunday' on Mark 16:1-7 empty tomb; seasonal one-off, no notes",,
bridgetown-7rrx5RQ6zJverelzxzllwc|mark,mark,bridgetown,2024-02-04,Community,Mark 1:16-20,Unforced Rhythms of Grace,other,springboard,0.6,series 1/12 on Mark (practices); notes: 'practice of community' from calling of fishermen 1:16-20,,
bridgetown-6D8S8tN2cgV5szjs7lkbqn|mark,mark,bridgetown,2022-10-23,Becoming Our Prayers,Mark 11:1-21,Vision 2022: A House of Prayer For All Nations,other,topical,0.6,Vision 2022 series; notes: 'temple cleansing was a profound act of prayer and justice',,
cotcny-2qCh4Ri2ErJfrH1mJKr73x|mark,mark,cotcny,2018-06-19,The Controversial Disciple,Mark 8,The Controversial Jesus,other,topical,0.6,topical series 2/11 Mark; notes: 'how Jesus challenges his disciples to live a controversial life' (Mark 8),,
keller-1608|mark,mark,keller,2001-03-04,You Will Disown Me,Mark 14:22-31,"The ""Amens"" of Jesus: The Challenge of the Cross",other,topical,0.6,Lent series 'Amens of Jesus' hops books 3/6; title 'You Will Disown Me'; no notes,,
keller-1476|mark,mark,keller,1998-11-08,How To Find Faith,Mark 5:21-43,Jesus - On Finding God,other,topical,0.6,series 'Jesus - On Finding God' 1/4 Mark; title 'How To Find Faith' on Jairus/bleeding woman; no notes,,
keller-1326|mark,mark,keller,1997-02-16,With a Religious Crowd,Mark 7:1-23,The Real Jesus Part 2: His Life,other,topical,0.6,series 'The Real Jesus' 5/16 Mark; notes: 'In Mark 7 Jesus argues about the clean and unclean laws',,
keller-1322|mark,mark,keller,1997-02-02,With a Troubled Man,Mark 5:1-20,The Real Jesus Part 2: His Life,other,topical,0.6,"series 'The Real Jesus' 5/16 Mark; notes: 'Mark 5 teaches us...power of evil, patterns of evil'",,
keller-1316|mark,mark,keller,1997-01-05,The Power of Jesus,Mark 4:35-41,The Real Jesus Part 2: His Life,other,topical,0.6,series 'The Real Jesus' 5/16 Mark; notes: 'Mark 4 tells us four things about the power of Christ',,
keller-1315|mark,mark,keller,1997-01-05,The Finality of Jesus,Mark 2:23-3:6,The Real Jesus Part 2: His Life,other,topical,0.6,series 'The Real Jesus' 5/16 Mark; notes: 'Pharisees and the Herodians band together to kill him',,
keller-1308|mark,mark,keller,1996-12-01,The Sympathy of Jesus 1996,Mark 7:24-37,The Real Jesus Part 2: His Life,other,topical,0.6,"series 'The Real Jesus' 5/16 Mark, hops Gospels; notes: 'only time...Jesus ever left his country...two stories'",,
keller-1231|mark,mark,keller,1996-02-04,Sin as Leaven,Mark 7:25-30; 8:11-17,The Faces of Sin,other,topical,0.6,series 'The Faces of Sin' 1/10 Mark; title 'Sin as Leaven' (leaven of Pharisees); notes generic on sin,,
vintage-sm-0TBJOd7rIL4Dtq9UmNWig4|matthew,matthew,vintage-sm,2025-11-24,The Genealogy of Hope,Matthew,Matthew,study,,0.6,"series: Matthew, sequential (then Matt 2:1-12, Matt 2); title 'The Genealogy of Hope' restates Matt 1:1-17",Matthew 1:1-17,
bridgetown-6dpztBkJZ295gamiIpsWQQ|matthew,matthew,bridgetown,2025-01-12,Blessed are the Pure in Heart,Matthew 5:8,Beautitudes,study,,0.6,"series: Beatitudes; nearby: 'Blessed are the Poor in Spirit (Matt 5:1-12)', 'Meek', 'Persecuted' - walks through beatitudes",,
cotcny-45Gicl5jspSBKEolCCh8AM|matthew,matthew,cotcny,2023-03-27,Forgiveness,,God Comes Where He's Wanted 2.0,other,topical,0.6,"series: God Comes Where He's Wanted (prayer; Luke 11); notes: 'Lord's Prayer, focusing on the context of forgiveness'",Matthew 6:9-15,
bridgetown-5dbi8QyeaAT9mhJsdnRAEe|matthew,matthew,bridgetown,2022-12-18,Understand With Their Hearts,Matthew 13:14-17,Advent 2022,other,topical,0.6,series: Advent 2022 (Luke/John texts); no notes,,
eleven22-7MSm1iyMMuf400Ee2acQoV|matthew,matthew,eleven22,2022-04-03,Mount of Temptation – With What Weapon Will You Fight the Enemy?,,,other,topical,0.6,"notes: 'Do not believe the whispers, but stand on truth of the Word' - spiritual-warfare application, mount-site series",,
eleven22-0B7RqlLnz5t51S9fI4Lhin|matthew,matthew,eleven22,2022-03-27,Mount of Beatitudes – Are You Chasing Blessing or the One Who Blesses,,,other,topical,0.6,"nearby: 'Mount of Temptation', 'Mount of Beatitudes' (holy-site series); notes generic gospel line",,
eleven22-4Vs4uV60GXFwazq4L7z2YR|matthew,matthew,eleven22,2022-01-16,The Model Prayer,,Stand Alone,other,unclear,0.6,series: Stand Alone; title only 'The Model Prayer'; no notes,,
eleven22-3XEHWsZKGiW3tX6cWrBHfr|matthew,matthew,eleven22,2020-12-13,Stop!,Matthew 11:28-30,,other,unclear,0.6,title: 'Stop!'; notes only quote Matt 11:28-30,,
eleven22-2SaQLSnrnmcpXFbh7CweA3|matthew,matthew,eleven22,2019-03-31,Sermon on the Mount - Beatitudes,,,other,unclear,0.6,title: 'Sermon on the Mount - Beatitudes'; notes only generic: 'Jesus did not come to make bad people better...',,
cotcny-3KapMAMh87nyVRFSeg2vg3|matthew,matthew,cotcny,2018-12-04,The Threat Of Hope,Matthew 2:1-18,Advent,other,topical,0.6,"notes: 'on the subversive threat of Hope, as we observe the first week of Advent'",,
cotcny-7tn7QOb4ifCN90Pl128y8A|matthew,matthew,cotcny,2018-11-27,Secrecy Must Be Stronger Than Applause,Matthew 6:1-6,,other,topical,0.6,"notes: 'last sermon of the This Must Be Stronger Than That series' on Matt 6:1-6,16-21",Matthew 6:1-21,
eleven22-7M6rP33Aphm2TOc2OtEyuQ|matthew,matthew,eleven22,2016-08-07,Christ-Like Character,Matthew 5:16,,other,topical,0.6,title: 'Christ-Like Character'; notes: verse only (Matt 5:16),,
eleven22-031jqUMPOxcCKIycWMHbw9|matthew,matthew,eleven22,2015-12-06,Where is Your Hope?,Matthew 7:24-27,,other,topical,0.6,notes: 'HOPE in Jesus... HE is full of GRACE and TRUTH' (John 1:14 frame) with wise/foolish builders,,
eleven22-5YjZAVCMJ6iJ9jBkaF6ins|matthew,matthew,eleven22,2015-06-28,Love Perfects,Matthew 8:23-26,,other,secondary,0.6,notes: 'Perfect Love (Jesus) casts out fear' (1 John 4:18); Matt 8 as 'Final Thought',1 John 4:18 (primary),
eleven22-0NU1jhPRBWaCJS5d6SF1v5|matthew,matthew,eleven22,2014-11-02,What’s your Stew?,Matthew 11,,other,springboard,0.6,title: 'What's your Stew?'; notes: 'unlimited desires of your soul... unlimited grace' with Matt 11:28-30,Matthew 11:28-30,
keller-1656|matthew,matthew,keller,2001-12-16,Uriah’s Wife,"Matthew 1:1-6, 12-17",The Mothers of Jesus,other,topical,0.6,"series: The Mothers of Jesus (Tamar, Ruth, Mary); no notes",,
keller-1575|matthew,matthew,keller,2000-06-18,The Sin Against the Holy Spirit,Matthew 12:30-32,The Hard Sayings of Jesus 2000,other,topical,0.6,notes: 'Even if we didn't have this specific text... is there such a thing as an act... that can't be forgiven?',,
keller-1514|matthew,matthew,keller,1999-05-23,True Spirituality,Matthew 7:15-29,The Mount; Life in the Kingdom,study,,0.6,series: The Mount; Life in the Kingdom walks Matt 5-7; title 'True Spirituality' on 7:15-29 conclusion,,
keller-1512|matthew,matthew,keller,1999-05-09,Jesus’ Model of Spirituality,Matthew 6:5-13,The Mount; Life in the Kingdom,study,,0.6,series: The Mount; Life in the Kingdom walks Matt 5-7; title restates 6:5-13,,
keller-1510|matthew,matthew,keller,1999-05-02,Treasure vs. Money,Matthew 6:19-34,The Mount; Life in the Kingdom,study,,0.6,series: The Mount; Life in the Kingdom walks Matt 5-7; title restates 6:19-34,,
keller-1509|matthew,matthew,keller,1999-04-25,"Love, Lust and Liberation",Matthew 5:27-30,The Mount; Life in the Kingdom,study,,0.6,"series: The Mount; Life in the Kingdom (Matt 5-7); notes: 'lust is an impersonal, inordinate desire'",,
keller-1404|matthew,matthew,keller,1997-12-21,The Courage of Christmas,Matthew 1:18-24,,other,topical,0.6,notes: 'you can't be a Christian unless you have courage' - Joseph scene used for Christmas theme of courage,,
keller-1398|matthew,matthew,keller,1997-12-07,Salvation: Merit or Mercy?,Matthew 22:1-14,Christ the Controversialist - Confrontations With Jesus,study,,0.6,"series: Confrontations With Jesus; notes: 'mercy of God comes... as a call, as a covering, and as a feast' (follows parable)",,
keller-1302|matthew,matthew,keller,1996-11-10,The Baptism and Temptation of Jesus,Matthew 3:13-4:11,The Real Jesus Part 2: His Life,other,topical,0.6,notes: 'True Christianity is a fight... Who's the enemy? Where's the front? What are the weapons?',,
keller-3323|matthew,matthew,keller,1996-11-03,The Birth of Jesus,Matthew 1:17-25,The Real Jesus Part 2: His Life,other,topical,0.6,"notes: 'The birth of Jesus is the incarnation... 1) what it is, 2) what it means, 3) how we can connect'",,
keller-1247|matthew,matthew,keller,1996-04-07,Easter Sermon,Matthew 28,,other,unclear,0.6,title: 'Easter Sermon'; no notes,,
keller-1079|matthew,matthew,keller,1994-08-28,The Parable of the Pearl: On Priorities,Matthew 13:44-46,The Parables of Jesus 1994,study,,0.6,series: Parables 1994; notes: 'entering the Kingdom of God... will cost you everything... It's a bargain',,
keller-944|matthew,matthew,keller,1993-02-28,Authentic Christianity,Matthew 7:13-27,Lent - Nature of Sin,study,,0.6,"notes: 'In the conclusion to the sermon on the mount, Jesus challenges everyone... not everyone who calls him Lord, Lord'",,
keller-1994|micah,micah,keller,2007-12-16,The Once and Future King,Micah 5:1-6,Jesus of the Prophets,other,topical,0.6,series: Jesus of the Prophets (Advent); notes: 'Jesus is both the ancient king and the future king... make him our King',,
bridgetown-62KDVLTYjZFdsbGPJ0LXAK|philippians,philippians,bridgetown,2026-03-02,Chronic Illness & Disability,Philippians 2:5-11,The Good News About Our Bodies,other,springboard,0.6,"series_ctx: 1/6 (body topics); notes: 'see my body as good when it carries illness, disability' from Phil 2:5-11 kenosis",,
cotcny-7jhiXab3BD51MSDy9g9TlV|philippians,philippians,cotcny,2018-06-26,Week 1 - Pray What You've Got,Philippians 4,Teach Us To Pray,other,topical,0.6,series_ctx: 1/11 'Teach Us To Pray'; notes: 'obstacles that hinder us from a strong prayer life' from Phil 4,Philippians 4:6-7,
eleven22-2t9I5kH8xCcDkNJpg5T4En|philippians,philippians,eleven22,2014-03-16,Greed,Philippians 4:12-13,,other,topical,0.6,no series; title 'Greed'; notes: 'cure for greed is not less stuff. It is more Jesus' (4:12-13 contentment),,
eleven22-3zunNOZrTOQo6NO6Blgk8e|proverbs,proverbs,eleven22,2014-05-04,The Woman,Proverbs 31:30,,other,topical,0.6,title 'The Woman'; notes: single verse Prov 31:30,,
eleven22-0wpLbt2nBsGoqumB815fuo|psalms,psalms,eleven22,2025-09-28,How Great Thou Art,Psalm 145,,other,topical,0.6,no series; notes: 'Carl Boberg's thunderstorm poem... David's praise in Psalm 145... worship becomes warfare',,
vintage-sm-6wHfC77NS8X0vmHBAAWrzs|psalms,psalms,vintage-sm,2025-08-19,Trusting the Keeper of our Lives,Psalm 121,,study,,0.6,"nearby: weekly Ps 139, 127, 121; title 'Trusting the Keeper of our Lives' (Ps 121's keeper)",,
vintage-sm-7w6oGsO6wdan41nXuomns1|psalms,psalms,vintage-sm,2025-08-12,Checking the Foundations,Psalm 127,,study,,0.6,"nearby: weekly Ps 139, 127, 121; title 'Checking the Foundations' (Ps 127 'unless the Lord builds')",,
vintage-sm-3WUSHuaHV159XIkJkuMCGg|psalms,psalms,vintage-sm,2025-08-05,Psalm 139,Psalm 139,,study,,0.6,"nearby: weekly Ps 139, 127, 121 (Aug 2025) = psalms series; title 'Psalm 139'",,
keller-2232|psalms,psalms,keller,2012-09-23,How We Are Formed as Believers,Psalm 1:1-6; 150:1-6,Gospel in Life: Grace in the Case of Naaman,other,topical,0.6,series_ctx: Gospel in Life (Naaman/2 Kings); notes: 'Psalm 1 introduces the book of Psalms with a prayer... how does meditation work?',,
keller-1776|psalms,psalms,keller,2004-02-29,The Sinner,2 Samuel 12:1-7A; Psalm 51:1-12,The Gospel According to David,other,topical,0.6,series: Gospel According to David (2/13 Psalms); passage 2 Sam 12:1-7a + Ps 51; title 'The Sinner'; no notes,,
keller-1321|psalms,psalms,keller,1997-02-02,Discipline of Desire (Part 3),Psalm 63,Lessons in Drawing Near,other,topical,0.6,"series_ctx: Lessons in Drawing Near, 6/11 Psalms (with Romans 8; experiencing God); title: 'Discipline of Desire (Part 3)' on Ps 63; no notes",,
keller-1319|psalms,psalms,keller,1997-01-26,Discipline of Desire (Part 2),Psalm 63,Lessons in Drawing Near,other,topical,0.6,"series_ctx: Lessons in Drawing Near, 6/11 Psalms (with Romans 8; experiencing God); title: 'Discipline of Desire (Part 2)' on Ps 63; no notes",,
keller-913|psalms,psalms,keller,1992-11-01,The Face of God: His Immanence,Psalm 27:1-14,The Attributes of God,other,topical,0.6,series: Attributes of God (3/12); title 'The Face of God: His Immanence' from Ps 27 ('seek his face'); no notes,,
keller-905|psalms,psalms,keller,1992-10-11,The High and Lofty One: His Majesty,Psalm 33:6-20,The Attributes of God,other,topical,0.6,series: Attributes of God (3/12 Psalms); title 'His Majesty' from Ps 33:6-20 (creation by word); no notes,,
vintage-sm-4WlayLOxtkG0uaTh4mkYpx|revelation,revelation,vintage-sm,2026-09-14,The Love You Had at First,Revelation 2,,study,,0.6,"notes: 'focusing on the church in Ephesus and the critical call to return to ""the love you had at first""'",,
bridgetown-1V6tFoBpCpRq3DStdk3euH|revelation,revelation,bridgetown,2022-01-31,First Love (Discipleship in Our Cultural Moment),Revelation 2:1-7,Holy Spirit Conference 2022,other,topical,0.6,series: Holy Spirit Conference 2022; notes: 'teaches from Revelation 2v1-7 on discipleship in our cultural moment',,
keller-2422|revelation,revelation,keller,2015-11-22,The End of History,Revelation 21:1-6; 22:1-5,What We Believe: Foundations,other,topical,0.6,series: What We Believe (Creed outline): 'I believe in the resurrection of the body'; does note 'the original readers',,
vintage-sm-5RJ95m9bbQFkJdTTL1lrdX|romans,romans,vintage-sm,2026-06-22,Living in the Trinity,Romans 8,,other,unclear,0.6,title 'Living in the Trinity'; passage Romans 8; no notes,,
eleven22-5n3tzGq8FflGoOdK2T6JG7|romans,romans,eleven22,2022-12-18,Rescued From Condemnation,,,other,unclear,0.6,title 'Rescued From Condemnation'; notes only quote Romans 8:1; no passage,,
eleven22-6kPOc6CiuHFBglzn8goaj7|romans,romans,eleven22,2019-11-17,Every Family Has a Story,Romans 8:28,,other,springboard,0.6,title 'Every Family Has a Story'; notes only quote Romans 8:28,,
eleven22-4hdYfnwsiUzSZwlLSd90Xn|romans,romans,eleven22,2016-12-04,Everlasting Father,Romans 8:15,,other,springboard,0.6,"title 'Everlasting Father'; notes: 'come to your senses, leave your rebellion or religion and come home' (prodigal framing)",,
eleven22-3wpRDa44Sv2lF3pS0ASj2z|romans,romans,eleven22,2016-03-06,Promise,Romans 5:8,,other,topical,0.6,notes: 'God is who He says He is and He always keeps his promises' citing Rom 5:8 and 8:32,,
keller-2281|romans,romans,keller,2013-10-27,Knowing Good,Romans 2:12-29,A Public Faith,study,,0.6,"notes: 'Romans 2... 1) no one can succeed in being a relativist, 2) ...a moralist, and therefore, 3) this is our only hope'",,
keller-2146|romans,romans,keller,2010-11-14,The God Who Is,Romans 1:16-25,To Know the Living God; The God Who Can Be Known,study,,0.6,notes: 'four things Paul tells us in Romans 1: 1) We can know God; 2) We actually do know God; 3) Yet paradoxically we don't',,
keller-2136|romans,romans,keller,2010-09-12,The Cosmic Spirit,Romans 8:17-25,The Holy Spirit,other,topical,0.6,"series: The Holy Spirit; notes: 'the ultimate, the final thing the Holy Spirit does for us... what the Spirit will do for us in the future'",,
keller-1788|romans,romans,keller,2004-04-25,"Hope, Race and Power","Romans 14:1-3, 14:14-15:7",Living in Hope,other,topical,0.6,"series: Living in Hope; notes: 'Christian hope gives us an enormous resource... In Romans 14, Paul shows us 1) the problem'",,
keller-1369|romans,romans,keller,1997-08-24,The War Between Your Selves (Part 2),Romans 7:14-25,The War Between Your Selves,study,,0.6,"part 2 of Romans 7 series; notes: 'Looking at Romans 7, we can see 1) how this pessimistic view is right, 2) how... wrong'",,
keller-1363|romans,romans,keller,1997-07-06,A Christian’s Happiness,Romans 8:28-30,Happiness and Weeping,other,topical,0.6,series: Happiness and Weeping; notes: 'joy that is not subject to circumstances... these three verses in Romans 8',,
keller-1336|romans,romans,keller,1997-03-23,Cleansing of the Spirit,Romans 8:1-14,Lessons in Drawing Near,study,,0.6,"series walks Romans 8; notes: '1) mortification, which is putting to death the deeds of the sinful nature, and 2) aspiration'",,
keller-661|romans,romans,keller,1990-04-29,Assurance and Witness of the Spirit,Romans 8:5-17,"Growth in Christ, Part 2",other,topical,0.6,notes: 'the Spirit has three main ministries... regenerates... sanctifies... anoints us with power',,
keller-1601|titus,titus,keller,2001-01-28,Born of the Spirit,Titus 3:1-7; 2:11-15,The Radical Imperative; A New Birth,other,topical,0.6,series: The Radical Imperative; A New Birth (mostly 1 Peter); no notes,,
eleven22-2c3U1VbLlLEW3XJn2CWPMz|1-corinthians,1-corinthians,eleven22,2021-01-10,The Man,1 Corinthians 16:13-14,,other,topical,0.65,"title: 'The Man'; notes: 'series journal, watch RELATE' (men's/relationship series)",,
keller-1895|1-corinthians,1-corinthians,keller,2006-04-16,And if Christ Be Not Raised,"1 Corinthians 15:3-10, 14-17, 30-32","King's Cross: The Gospel of Mark, Part 1: The Coming of the King",other,topical,0.65,"notes: 'the resurrection presents an argument to the 1) Mind; 2) Conscience; 3) Heart' (apologetic, Easter in Mark series)",,
keller-1786|1-corinthians,1-corinthians,keller,2004-04-18,Sexuality and Christian Hope,1 Corinthians 6:13-20; 7:27-31,Living in Hope,other,topical,0.65,"series: Living in Hope; notes: 'Christian hope... revolutionizes our whole attitude toward sex, romance, singleness'",,
keller-961|1-corinthians,1-corinthians,keller,1993-04-11,On the Third Day (Easter),1 Corinthians 15:1-14,Lent - Nature of Sin,study,,0.65,series_ctx: 7 consecutive sermons through 1 Cor 15; title 'On the Third Day' restates 15:4,,
keller-958|1-corinthians,1-corinthians,keller,1993-04-04,New Beginning (Palm Sunday),1 Corinthians 15:1-11,Lent - Nature of Sin,study,,0.65,"series_ctx: 7 consecutive 1993 sermons walking through 1 Cor 15 (15:1-11, 1-14, 8-11, 12-20, 20-26, 35-55)",,
bridgetown-4j0yETG9giEOi9vRI2fltl|1-john,1-john,bridgetown,2026-05-17,Speaking and Acting in the Spirit,1 John 3:11,Love,other,topical,0.65,series: Love; notes: 'What kind of love can carry us through suffering... work of the Holy Spirit',,
bridgetown-4rFq8ysoAL4vnmcqEVq4a3|1-john,1-john,bridgetown,2025-05-04,God is Love,1 John 4,,other,topical,0.65,notes: 'love isn't just something God does—it's who he is'; shares blurb with God is Love topical series,,
eleven22-1t4gAhbt5eepyJsoz7WWvx|1-john,1-john,eleven22,2016-07-03,How The Mighty Fall,1 John 2:16-17,,other,topical,0.65,notes: 'If you are not ROOTED... UPROOTED by the schemes of the enemy: the lust of the eyes...',,
keller-2456|1-peter,1-peter,keller,2016-04-24,A Movement,1 Peter 2:4-12,Where We Are Going: The City and the Mission,other,topical,0.65,series: Where We Are Going: The City and the Mission; notes: 'animating gospel principles that have shaped Redeemer',,
keller-2185|1-peter,1-peter,keller,2011-09-25,Everyone with a Ministry,1 Peter 2:4-12,Every Member Ministry,other,topical,0.65,series: Every Member Ministry; notes: 'The church described in 1 Peter 2 is the church we seek to become',,
cotcny-3OrJASqZdL2SfYsuIaarx2|1-samuel,1-samuel,cotcny,2022-05-31,Seizing Divine Moments,,,other,springboard,0.65,notes: 'Through part of Jonathan's story... God is asking us to just show up',1 Samuel 14,
keller-1768|1-samuel,1-samuel,keller,2004-01-25,The Hero of Heroes,1 Samuel 17:32-50,The Gospel According to David,study,,0.65,"series: The Gospel According to David (walks David's life through 1-2 Samuel in order); no notes; title restates the episode (David and Goliath, 1 Sam 17)",,
keller-1767|1-samuel,1-samuel,keller,2004-01-18,The Lord’s Anointed,1 Samuel 16:1-13,The Gospel According to David,study,,0.65,"series: The Gospel According to David (walks David's life through 1-2 Samuel in order); no notes; title restates the episode (David anointed, 1 Sam 16)",,
keller-1763|1-samuel,1-samuel,keller,2004-01-04,The Disobedience of Saul,1 Samuel 15:10-23,The Gospel According to David,study,,0.65,"series: The Gospel According to David (walks David's life through 1-2 Samuel in order); no notes; title restates the episode (Saul's disobedience, 1 Sam 15)",,
keller-2436|1-thessalonians,1-thessalonians,keller,2016-02-14,Hope in the Face of Death,1 Thessalonians 4:13-18,What We Are Receiving: The Gospel Goods,other,topical,0.65,series: The Gospel Goods; notes: 'Why do we need hope in the face of death?',,
eleven22-1g8fzarlO7JQDiC2ld1aE9|2-corinthians,2-corinthians,eleven22,2016-05-22,Unbind Him,2 Corinthians 5:17,,other,secondary,0.65,"title 'Unbind Him'; notes: 'TAKE OFF THOSE GRAVE CLOTHES' (Lazarus, John 11) with 2 Cor 5:17 tag",,
eleven22-2mEWYLKRZ8s6FVpa1CcDcc|2-corinthians,2-corinthians,eleven22,2015-02-01,I Am the Lord Your God,2 Corinthians 5:21,,other,secondary,0.65,title 'I Am the Lord Your God'; notes: 'God's law is a map and a mirror'; 2 Cor 5:21 as closing verse,,
keller-1761|2-samuel,2-samuel,keller,2003-12-14,The Promise of David,2 Samuel 7:4-19; 25-27,The Gospel According to David,study,,0.65,"series: The Gospel According to David (walks David's life through 1-2 Samuel in order); no notes; title restates the episode (Davidic covenant, 2 Sam 7)",,
eleven22-2cUlwm7PHQZTy33WTqXUJN|2-timothy,2-timothy,eleven22,2019-07-21,Spirit of Power,,,other,springboard,0.65,notes: 'You want to be great? Serve... Find a way to serve someone this week',,
keller-2145|acts,acts,keller,2010-11-07,A New Church for the City,Acts 16:13-33,The Gospel and the World,other,topical,0.65,series: The Gospel and the World; title: A New Church for the City; no notes,,
keller-1749|acts,acts,keller,2003-10-12,Many Convincing Proofs,Acts 1:1-11,The Necessity of Belief,study,,0.65,notes: 'we have a case study in Theophilus... Greco-Roman world... the resurrection',,
keller-1421|acts,acts,keller,1998-03-08,Love for the City,Acts 11:19-30,The Church - How to Believe Despite Christians,other,topical,0.65,series: The Church - How to Believe Despite Christians; title: Love for the City; no notes,,
keller-1412|acts,acts,keller,1998-02-08,A New Generation,Acts 2:40-47,The Church - How to Believe Despite Christians,other,topical,0.65,series: The Church - How to Believe Despite Christians; no notes,,
bridgetown-2dTnIoycQhrlS3JJ0lsl6B|colossians,colossians,bridgetown,2025-10-19,Sung Prayer as “Becoming like Jesus”,Colossians 1:28-29,A Prayer Shaped Life,other,springboard,0.65,title: 'Sung Prayer as Becoming like Jesus'; series: A Prayer Shaped Life; Col 1:28-29,,
bridgetown-296mqmFXmHj5kjmAPr5nxy|colossians,colossians,bridgetown,2022-05-08,Know Yourself,Colossians 3:1-11,The True and False Self,other,topical,0.65,series: The True and False Self; no notes,,
bridgetown-09bmObodRjj1xUBOT7yfkm|colossians,colossians,bridgetown,2022-05-01,Know God,Colossians 1:15-23,The True and False Self,other,topical,0.65,series: The True and False Self; no notes,,
eleven22-5DCITXZl7oREAyh3hQ803B|colossians,colossians,eleven22,2017-01-01,Grace From Start To Finish,,,study,,0.65,notes: 'Colossians is all about grace from start to finish'; nearby Colossians sermons Jan-Feb 2017 (book intro),,
eleven22-3x95m5Z9ax91LcdE9REO5T|deuteronomy,deuteronomy,eleven22,2015-10-18,Never Forget,Deuteronomy 6:20,,other,springboard,0.65,notes: 'How do I cultivate an attitude of Gratitude? Count your blessings',,
cotcny-4FTw1EMH3uQU16KOH81bz7|ephesians,ephesians,cotcny,2018-09-10,This Must Be Stronger Than That,Ephesians 3,,other,topical,0.65,series 'This Must Be Stronger Than That' (no book series); notes: 'Ephesians 3 on God's plan for the church...3:10',,
keller-2086|ephesians,ephesians,keller,2009-09-27,Hope for the World,Ephesians 1:11-14,"The Gospel, Hope, and the World",other,topical,0.65,series_ctx: Hope series 2/8 Eph; notes: 'irreducibly hope-based creatures... creation renewed',,
bridgetown-6Z6MSxsMNzpL2JqGdmRFMw|exodus,exodus,bridgetown,2023-01-01,Moses Meets YHWH,Exodus 3:13-14,Knowing God: The Seven,other,topical,0.65,series: Knowing God: The Seven (John 'I Am' sayings); no notes; Ex 3:14 used as I AM backdrop,,
eleven22-5xFMA5HD7ueRQsPH4XjPYp|exodus,exodus,eleven22,2022-10-02,What is That in Your Hand?,,,other,topical,0.65,"notes: 'God does not call the equipped, but He equips the called... NEXT THING for you?'",,
eleven22-0NH2NG1ZYrhE7jT193Dwnu|exodus,exodus,eleven22,2015-01-11,Calling,,,other,topical,0.65,notes: 'You can make excuses or make a difference. Excuses are rooted in fear',,
keller-2147|exodus,exodus,keller,2010-11-21,The God With a Name,Exodus 3:1-14,To Know the Living God; The God Who Can Be Known,study,,0.65,"notes: 'first time in the Bible when somebody says to God, ""Who are you?""... God of brilliant delay; fiery reality...'",,
keller-1466|exodus,exodus,keller,1998-10-04,The Search for God,Exodus 3:1-14,When All You've Ever Wanted Isn't Enough,other,topical,0.65,series: When All You've Ever Wanted Isn't Enough (Ecclesiastes); notes: 'We all need a burning bush to disrupt our lives',,
keller-1388|exodus,exodus,keller,1997-11-02,A Leader’s Passion,"Exodus 33:4-9,15;34:1-7",Pointers to Christ - Directional Signs in History,study,,0.65,notes: 'Exodus 33-34 remarkably depicts... how to find him when you've lost him'; renewal after golden calf,,
keller-674|exodus,exodus,keller,1990-06-24,God in the Dock,Exodus 17:1-17,"Growth in Christ, Part 2",study,,0.65,notes: 'This passage teaches us three things. The world is a wilderness. God has opened a fountain... God himself entered the wilderness',,
keller-2161|ezekiel,ezekiel,keller,2011-03-06,The Glory of God: 1,"Ezekiel 1:4-18, 22-28",To Know the Living God; The Majesty of God,other,topical,0.65,"series: attributes of God; notes: 'though we'll certainly survey that... passage, it's all in verse 28'",,
cotcny-4uVBmdlO9UMO9PjVL0UzVl|galatians,galatians,cotcny,2020-06-29,Coaching Tips to Bridge Racial Barriers,Galatians 2:11-14,Crying Out,other,topical,0.65,series: Crying Out; notes: 'three coaching tips to bridge racial barriers based on how Paul coached Peter',,
keller-2440|galatians,galatians,keller,2016-02-28,The Centrality of the Gospel,Galatians 2:11-21,Where We Are Going: The City and the Mission,other,topical,0.65,series: Where We Are Going (vision); notes: 'We want to be a movement of the gospel',,
bridgetown-7aggP8gff48UhCBx0wyK1d|genesis,genesis,bridgetown,2022-05-15,The False Self,Genesis 3:1-10,The True and False Self,other,topical,0.65,"series_ctx: 1/7 Genesis (True and False Self); notes: 'the false self, born not of love, but fear' from Gen 3:1-10",,
keller-1137|genesis,genesis,keller,1995-03-12,Lust: The Case of Joseph,Genesis 39:4-21,The Seven Deadly Sins,other,topical,0.65,series_ctx: Seven Deadly Sins 1/10; title only: 'Lust: The Case of Joseph' (Gen 39),,
keller-1068|genesis,genesis,keller,1994-06-05,The Freedom of Love – Sanctity of Human Life (6th),Genesis 9:1-12,Ten Commandments 1994,other,topical,0.65,series_ctx: Ten Commandments 1/13; title: 'Sanctity of Human Life (6th)' from Gen 9 image-of-God,,
keller-2129|genesis,genesis,keller,1990-04-22,Self-Control (Part 3),Genesis 3:1-7; 39:6-12,Fruit of the Spirit,other,topical,0.65,"series_ctx: 2/11 Genesis (Fruit of the Spirit); notes: '1) temptation and the devil, 2) the way of attack, 3) the way of defense'",,
cotcny-3J7H1Nw3lqLTa46INC3dNP|habakkuk,habakkuk,cotcny,2023-05-01,"Prayer, Grief, & Lament",,We Want You Here,other,topical,0.65,"series: We Want You Here; notes: 'discussing prayer, grief, and lament through the prayer of... Habakkuk'",,
cotcny-3deDQ5iQD2wMQoWdgjwysG|habakkuk,habakkuk,cotcny,2018-08-27,Week 10 - Prayer For Spiritual Awakening,Habakkuk 3,Teach Us To Pray,other,springboard,0.65,series: Teach Us To Pray; notes: 'seeking God intently in prayer for spiritual awakening',,
keller-2432|hebrews,hebrews,keller,2016-01-24,Reconciled and at Peace,Hebrews 9:11-14,What We Are Receiving: The Gospel Goods,other,topical,0.65,series: The Gospel Goods; notes: 'This text tells us a lot about one of them: reconciliation',,
keller-2406|hebrews,hebrews,keller,2015-09-27,The Bible and Finality,Hebrews 1:1-4,What We Believe: Foundations,other,topical,0.65,series: What We Believe: Foundations; notes: 'people... say... things in the Bible that are really outdated',,
cotcny-1MSpjabF7OTOHU7c3FWZG3|isaiah,isaiah,cotcny,2022-01-18,Intercessors,Isaiah 59,SEEKING GOD,other,topical,0.65,series: Seeking God; notes: 'teaching on the Intercessor. Anchoring his teaching in Isaiah 59',,
cotcny-40bOBrZxXatuKFDrZ2OARQ|isaiah,isaiah,cotcny,2017-12-19,A Joyful God,Isaiah 61,Advent,other,topical,0.65,series: Advent; no notes,,
cotcny-2Vi3i4jRuL5jkNpjp37C7S|isaiah,isaiah,cotcny,2017-12-12,A Righteous King,Isaiah 11,Advent,other,topical,0.65,series: Advent; no notes,,
cotcny-5OgUioVIrU0hy0MA7TNVMI|isaiah,isaiah,cotcny,2017-12-05,The Government Of God,Isaiah 8-9,Advent,other,topical,0.65,series: Advent; no notes,,
cotcny-6TWguyY7ygG1nxB8oTaDRS|isaiah,isaiah,cotcny,2017-11-28,Intro - The God You Long For,Isaiah 7,Advent,other,topical,0.65,series: Advent; title 'The God You Long For'; no notes,,
keller-1854|isaiah,isaiah,keller,2005-09-25,The Gospel,"Isaiah 53:4-11; 54:1-5,11-14",The Vision of Redeemer,other,topical,0.65,series: The Vision of Redeemer (church vision); no notes,,
keller-1305|isaiah,isaiah,keller,1996-11-24,Isaiah and the Altar,Isaiah 6:1-8,Daring to Draw Near,study,,0.65,series: Daring to Draw Near; notes: 'Isaiah's just going to the temple... the very last person he expects to see is God',,
keller-2454|jeremiah,jeremiah,keller,2016-04-17,Serving the City,Jeremiah 29:1-14,Where We Are Going: The City and the Mission,study,,0.65,notes: 'Babylon...took the professional classes... exiles... settled outside. But then they got a letter from God through Jeremiah',,
keller-1747|jeremiah,jeremiah,keller,2003-09-28,The Longing for Home,Jeremiah 31:10-17; 31-34,The Necessity of Belief,other,topical,0.65,notes: 'We're not at home... Heidegger... Marx... alienation'; theme of longing for home,,
keller-1745|jeremiah,jeremiah,keller,2003-09-21,The Freedom of True Love,Jeremiah 2:31-36; 3:12-16,The Necessity of Belief,other,topical,0.65,notes: 'the fastest way to still feel good about ourselves is romance'; organized around romance/love,,
keller-1744|jeremiah,jeremiah,keller,2003-09-14,The Sickness Unto Death,Jeremiah 9:21-26,The Necessity of Belief,other,topical,0.65,"notes: 'In a fragmented culture like ours, identity formation is a challenge'; identity-themed",,
keller-1739|jeremiah,jeremiah,keller,2003-09-07,The Necessity of Belief,Jeremiah 17:5-17,The Necessity of Belief,other,topical,0.65,notes: 'We live in a fragmented culture... Jeremiah is a prophet in this same situation'; apologetic framing of heart,,
keller-2174|job,job,keller,2011-05-22,God Only Wise,Job 28:9-15; 20-28,To Know the Living God; The Adequacy of God,other,topical,0.65,series: To Know the Living God; notes: 'the need for wisdom... only find wisdom in God',,
vintage-sm-4Hny8xADlWZCabDqXwEVOx|john,john,vintage-sm,2026-09-23,Explore Jesus for Yourself,John 1,,other,topical,0.65,notes: 'Who is Jesus?... his own journey from skepticism... invitation to come and see',,
cotcny-4t3D72K7iKl2IQtaEFuro1|john,john,cotcny,2026-09-14,An invitation to a life of joy and love,John 15,Manifesto of Fruitfulness,other,topical,0.65,"series: Manifesto of Fruitfulness (with Gal 5, Luke 8); notes: 'black belt in abiding'",,
bridgetown-2FdteR0w8iC9JlNsbNrdKy|john,john,bridgetown,2026-05-25,Pentecost Sunday,John 21:1-17,Love in Action: Peter,other,topical,0.65,"notes: 'Through prayer, imagination, and the story of Peter... not defined by our failures'; Pentecost Sunday",,
eleven22-6v6WANFaXwzfxnFXu3jAJH|john,john,eleven22,2025-12-28,Jesus,John 1,,other,topical,0.65,notes: 'Christmas Eve... walks through John 1... Word becoming flesh'; occasion sermon,,
cotcny-0vpMaeI7ijsj6CrGcg5Lv1|john,john,cotcny,2022-12-05,There is a Darkness,John 3:16-21,Advent Week II,other,topical,0.65,series: Advent Week II; notes: 'Advent makes room for us to face the darkness',,
eleven22-5njHRrLznG0S5yaPg9lPEV|john,john,eleven22,2022-10-16,The Good Shepherd,,,other,springboard,0.65,notes: 'abundant life or... abundance of stuff that will never satisfy?',,
cotcny-7L6BKys8nTsAcxD75ADlih|john,john,cotcny,2019-12-16,Us,John 1:1-18,Emmanuel,other,topical,0.65,series: Emmanuel (Advent); notes: 'third week of Advent... the incarnation',,
cotcny-0uw4BVxpQOlsqL46vQK3D0|john,john,cotcny,2018-01-30,Spiritual Renewal,John 3,The Way of Jesus,other,topical,0.65,series: The Way of Jesus (renewal themes); notes: 'on spiritual renewal',,
eleven22-4Z4hVhunn1uY8rzLyYIP2K|john,john,eleven22,2017-12-10,Before All Things,John 1:31,,other,springboard,0.65,"notes: 'For Christ to be Before All Things in my life' with John 1:31, 3:30, Heb 11",,
eleven22-465sZxGeqKwirF5cKZCyRP|john,john,eleven22,2016-08-21,Sacrificial Love,John 15:13,,other,topical,0.65,notes: 'God LOVED so God GAVE. If we BELIEVE then we RECEIVE',,
eleven22-3dcuK7xgoOGuEtF66sQPrZ|john,john,eleven22,2015-06-14,Love Knows,John 14:6,,other,topical,0.65,notes: C.S. Lewis 'lunatic... or the Son of God' - apologetics on John 14:6,,
eleven22-4pwRjc4N4VHniPgPtJHMUS|john,john,eleven22,2015-05-10,Love Abides,John 8:31-32,,other,springboard,0.65,"notes: 'The GOSPEL gives us the power to live lives of INTEGRITY, GENEROSITY and HUMILITY'",,
keller-2285|john,john,keller,2013-11-24,Finding Jesus,John 5:31-47,A Public Faith,other,topical,0.65,series: A Public Faith; notes: 'three things Jesus himself believed about the scripture',,
keller-2101|john,john,keller,2009-12-13,The Word Made Flesh,John 1:1-14,Christmas 2009,other,topical,0.65,series: Christmas 2009; notes: 'the meaning of Christmas is inexhaustible... passage from John 1',,
keller-3326|john,john,keller,2000-08-20,The Final Temple,John 2:15-21,The Hard Sayings of Jesus 2000,study,,0.65,series: Hard Sayings; notes: 'temple is in fact his body... cosmic claim to his original audience',,
keller-1488|john,john,keller,1999-01-17,The New Birth,John 3:1-15,Knowing Christ,study,,0.65,nearby: Keller John run; notes: 'what did Jesus truly mean by [born again]?',,
keller-1485|john,john,keller,1999-01-10,The Living Water,John 4:4-30,Knowing Christ,study,,0.65,nearby: Keller John 'I Am' run; notes: 'Jesus telling the woman at the well... living water... comes in stages',,
keller-1436|john,john,keller,1998-04-19,Jesus and the Spirit,John 16:7-16,The Fruit of the Spirit - The Character of Christ,other,topical,0.65,series: Fruit of the Spirit - Character of Christ; notes: 'kind of life he wants them to live',,
keller-656|john,john,keller,1990-04-15,Gifts of the Risen Lord (Easter),John 20:10-29,,other,topical,0.65,title: (Easter); notes: 'gifts of newness... gift of faith... all the rest of the gifts',,
keller-1490|judges,judges,keller,1999-02-07,How Sin Makes Us Vandals,Judges 17:1-13,What's Really Wrong with the World,other,topical,0.65,series: What's Really Wrong with the World (How Sin Makes Us Convicts/Homeless/Addicts); no notes,,
keller-1382|judges,judges,keller,1997-10-12,The Strength of Samson,Judges 15:9-20,Pointers to Christ - Directional Signs in History,study,,0.65,"notes: 'Samson is physically quite strong and morally quite weak. But in spite of this, God actually judges Israel with him'",,
eleven22-5Hg6AQYMEISULtHTMuTXXK|luke,luke,eleven22,2026-09-21,What Is Keeping You From Going All In?,Luke 18,Saturated Friday,other,topical,0.65,event: Saturated Friday; notes: 'examine what may be keeping us from fully following Jesus... Going all in will cost you something',Luke 18:18-30,
eleven22-0pfFr06y8yYrFWsTC5J59F|luke,luke,eleven22,2024-09-14,Saturated Friday,Luke 10:25-29,,other,topical,0.65,event: Saturated Friday; notes: 'how Jesus wants to light us up with love and how that love fuels our mission for the gospel',,
cotcny-2XlIN3BhPKIa2aqbTbKTRO|luke,luke,cotcny,2023-09-18,Living An Attentive Life,,Compelling Missional Disciples,other,topical,0.65,series: Compelling Missional Disciples; notes: 'living a life that is attentive to the presence of God through the story of Mary and Martha',Luke 10:38-42,
bridgetown-3qc4QV1xUkmbNC98tzjBB2|luke,luke,bridgetown,2023-09-17,Together in Portland,Luke 6:12-16,Vision Series 2023,other,springboard,0.65,series: Vision Series 2023; title: Together in Portland (choosing the Twelve as vision text); no notes,,
cotcny-5MqLcsivFxROODJpmygPOy|luke,luke,cotcny,2023-03-06,Asking for a Friend,Luke 11,God Comes Where He's Wanted 2.0,study,,0.65,"notes: 'how Jesus calls us to pray in Luke 11. After He prays the Lord's prayer as a model, Jesus teaches... shameless confidence'",Luke 11:1-8,
bridgetown-1DOdg3aACNzhGqqFFIPddU|luke,luke,bridgetown,2022-12-11,Generosity,Luke 3:7-14,Advent 2022,other,topical,0.65,series: Advent 2022; notes: 'we explore the common denominator in all three: generosity',,
bridgetown-6WwWX3tSjTMMBBoUi6WNgE|luke,luke,bridgetown,2022-12-04,Simplicity,Luke 3:7-14,Advent 2022,other,topical,0.65,series: Advent 2022; notes: 'we explore his instruction to the plentiful: simplicity',,
bridgetown-3KuFCyr8Ofj2kuQixMiZLc|luke,luke,bridgetown,2022-11-06,The Imperative of Proximity,Luke 4:16-21,Vision 2022: A House of Prayer For All Nations,other,topical,0.65,"series: Vision 2022; notes: 'The biblical story, from beginning to end, is one that insists on increased proximity to our neediest neighbors'",,
cotcny-31Tk6T7P03GCMFiYOdPl7q|luke,luke,cotcny,2022-01-10,The Lost,,SEEKING GOD,other,topical,0.65,series: Seeking God; notes: 'the story of Zacchaeus... Jesus' Great Commission at the end of Matthew's gospel... Is it also ours?',Luke 19:1-10,
cotcny-22mkDTA1jp3krTbF0i9W8F|luke,luke,cotcny,2019-03-26,Salvation,Luke 23:32-43,Words from the Cross,other,topical,0.65,"series: Words from the Cross (Lent); notes: 'Through Jesus' death, we find ultimate salvation'",,
cotcny-7kOQ8DYP5W1hml6yJ8uFSU|luke,luke,cotcny,2019-02-12,The Good Shepherd (part 2),Luke 15:4,I AM,other,secondary,0.65,"series: I AM (John's I AM statements); notes: 'Jesus is the Good Shepherd, driven by love to leave the ninety-nine'",,
keller-2130|luke,luke,keller,2010-06-06,Money and the Woes of Jesus,Luke 6:19-26; 30-35,Money and Possessions - In the Teaching of St. Luke,study,,0.65,series: Money...Teaching of St. Luke; notes: 'Luke 6...contrast between Jesus' kingdom and the way the world operates...upside-down kingdom',,
keller-1573|luke,luke,keller,2000-06-04,How To Hate Your Parents,Luke 14:25-27,The Hard Sayings of Jesus 2000,study,,0.65,notes: 'text today is not really about fathers and mothers...about discipleship',,
keller-1499|luke,luke,keller,1999-03-21,The Upside Down Kingdom,Luke 6:17-26,The Mount; Life in the Kingdom,study,,0.65,notes: 'Jesus introduces a revolutionary kingdom...contrasts...two kingdoms...reversal of the world's values',,
keller-1489|luke,luke,keller,1999-01-24,Preparing the Way,Luke 3:3-20,Knowing Christ,other,topical,0.65,"series: Knowing Christ; notes: 'how we receive Jesus as King...rely, obey, relax, expect'",,
keller-1394|luke,luke,keller,1997-11-23,How Money Makes Us Orphans,Luke 12:22-34,Stewardship,other,topical,0.65,series: Stewardship; notes: 'money makes us deeply anxious...how to break the power of money',,
keller-1318|luke,luke,keller,1997-01-19,With the Powerful,Luke 19:1-10,The Real Jesus Part 2: His Life,study,,0.65,series: Real Jesus; notes: 'In Luke 19...Zacchaeus...chief tax collector...anyone can approach Jesus',,
vintage-sm-5UhdNsthhVlsICuGILzt25|mark,mark,vintage-sm,2026-09-30,Mark: The Suffering King,Mark; Genesis 12,"Four Gospels, One Jesus",other,springboard,0.65,"series 'Four Gospels, One Jesus'; notes: 'Through Genesis 12...blessed to be a blessing...evangelism'",,
cotcny-3idh2DUY1l6PjbZPsXGCG0|mark,mark,cotcny,2018-05-29,Jesus and Politics,Mark 12,The Controversial Jesus,other,topical,0.65,topical series 'Controversial Jesus' 2/11 Mark; notes: 'our role...in our current political climate' from Mark 12,,
cotcny-4ki0ddekk3WnglvcFOnJSs|mark,mark,cotcny,2018-01-16,The Way of Formation,Mark 12,The Way of Jesus,other,topical,0.65,topical series 'The Way of Jesus'; notes quote on loving God with whole personhood (Mark 12),,
cotcny-6NfDs2xXNy08yEXzBheBlq|matthew,matthew,cotcny,2024-12-09,Son of Man,,To Us a Son is Given,other,topical,0.65,series: Advent; notes: 'what does it take for a heart to truly change?' from sons-of-Zebedee request,Matthew 20:20-28,
bridgetown-13o2hbguW43pq9SVTmum9l|matthew,matthew,bridgetown,2024-09-23,You Know a Tree by Its Fruit,Matthew 7:15-20,For the Sake of Others,other,topical,0.65,series: For the Sake of Others; notes: 'all true spiritual formation is for the sake of others',,
bridgetown-4bXiZNapCpQ2YjcnNCUSrr|matthew,matthew,bridgetown,2023-04-09,Easter Sunday,Matthew 28:1-10,Various Teachings,other,topical,0.65,title: 'Easter Sunday'; series: Various Teachings; no notes,,
eleven22-6g48zMHKovmO2PtzdFcJAZ|matthew,matthew,eleven22,2022-01-30,The Kingdom of God and Money,Matthew 6:24,,other,topical,0.65,notes: 'Are you serving money as your king?' one verse applied to money,,
keller-1634|matthew,matthew,keller,2001-08-26,The Ultimate Argument,Matthew 11:2-6; 22:41-46,Arguing With Jesus,other,topical,0.65,notes: 'Is there an ultimate argument for the truth of Christianity?' apologetic question,,
keller-1337|matthew,matthew,keller,1997-03-23,The King Is Dead,Matthew 27:45-54,The Real Jesus Part 3; The King,study,,0.65,"notes: 'My God, my God, why hast thou forsaken me?... grasp of who Jesus is and what he came to do'",,
keller-932|matthew,matthew,keller,1993-01-10,The Violent Bear It Away,Matthew 11:7-15,Hard Sayings of Jesus 1993,study,,0.65,notes: 'The context is Jesus telling us about John the Baptist... what is this holy violence?',,
eleven22-6vWJsw3kZu6pVppylNq3c3|philippians,philippians,eleven22,2016-09-04,All People,Philippians 2:1-5,,other,springboard,0.65,no series; notes: 'Church of Eleven22 is a movement for ALL PEOPLE' (vision talk) + Phil 2:1-5,,
keller-1073|philippians,philippians,keller,1994-07-03,The Freedom of Contentment – 2 (10th),Philippians 4:4-23,Ten Commandments 1994,other,topical,0.65,series_ctx: 1/13 Ten Commandments 1994 (10th); title: 'Freedom of Contentment' on 4:4-23; no notes,,
keller-636|philippians,philippians,keller,1990-01-28,Contentment (10th),Philippians 4:10-13,Ten Commandments 1989,other,topical,0.65,"series_ctx: 1/13 Ten Commandments (10th, coveting); title: 'Contentment' on 4:10-13",,
bridgetown-6Q2Uf0v6aXCsiaoTVuYyrY|psalms,psalms,bridgetown,2026-05-04,Hearing God Speak in Darkness,Psalm 130,Hope,other,topical,0.65,series_ctx: 'Hope' size 1; notes: 'Hope is choosing to trust that God's promises are still true... grief... resurrection',,
cotcny-600Ap0M971rJUooGYpGkpa|psalms,psalms,cotcny,2025-06-16,Like Those Who Dreamed,Psalm 126,Psalm 126,other,topical,0.65,notes: 'report from a recent trip to the Hebrides... impartation from Psalm 126... restoration... communally and nationally',,
bridgetown-5nHbB9SBTwK84fhVfvaug4|psalms,psalms,bridgetown,2024-01-29,Solitude,Psalm 131,Unforced Rhythms of Grace,other,topical,0.65,"series_ctx: Unforced Rhythms, 2/12 Psalms (practices); notes: 'peace and quiet in a culture of anxiety... practice of solitude. From Psalm 131'",,
bridgetown-61b5JGPSR7gIfPUSaO7p1V|psalms,psalms,bridgetown,2022-02-13,Search Me and Know Me (Confession),Psalm 51,Teach Us to Pray,other,topical,0.65,"series_ctx: Teach Us to Pray, 1/5 on Psalms (topical); title: 'Search Me and Know Me (Confession)'; no notes",,
eleven22-3Wp3MxLse1jGjeMOW8sXN5|psalms,psalms,eleven22,2017-08-27,A Desire for God,Psalm 42,,other,topical,0.65,"no series, one-off; notes: 'purposes of pain (and Psalm 42) is to ween us off... hope in our circumstances'",,
keller-1810|psalms,psalms,keller,2004-11-07,The Evil of Envy,"Proverbs 23:17-18; Psalm 73:1-3, 20-26",Proverbs: True Wisdom for Living,other,topical,0.65,series: Proverbs 2/22 Psalms; passage Prov 23:17-18 + Ps 73; notes: 'theme... envy',,
keller-1317|psalms,psalms,keller,1997-01-19,Discipline of Desire (Part 1),Psalm 63,Lessons in Drawing Near,other,topical,0.65,"series_ctx: Lessons in Drawing Near, 6/11 Psalms (with Romans 8; experiencing God); notes: 'Only God can bring us to... earnestly seeking him... spiritual appetite'",,
keller-628|revelation,revelation,keller,1989-12-31,All Things New,Revelation 21:1-8,"Growth in Christ, Part 1",other,topical,0.65,series: Growth in Christ; notes open on 'We are fascinated with the new... need for eternity'; newness now vs to come,,
cotcny-0EBUquDSWbqd221cmpeSAk|romans,romans,cotcny,2025-03-10,Communitas,Romans 16:1-16,Missional Formation,other,topical,0.65,series: Missional Formation; notes: 'the distinctive of Communitas and the discipline of core accountability through Romans 16:1-16',,
bridgetown-4WfFlZGZTY0JkK5zgJ2x87|romans,romans,bridgetown,2024-09-30,The Power of Prayer,Romans 8:22-27,For the Sake of Others,other,topical,0.65,series: For the Sake of Others; notes: 'through intercession and travail... supernatural breakthrough for the sake of others',,
keller-2434|romans,romans,keller,2016-02-07,Bought Out of Slavery,Romans 3:22-31,What We Are Receiving: The Gospel Goods,study,,0.65,"notes: 'the passage... Luther thinks is the greatest... three great gospel words... redemption, propitiation, and justification'",,
keller-2280|romans,romans,keller,2013-10-20,Knowing God,Romans 1:16-21,A Public Faith,study,,0.65,"notes: 'no more brilliant answer... than in Romans 1. Paul actually gives four answers... we can know God, we do know God, we don't know God'",,
keller-2183|romans,romans,keller,2011-09-18,Everyone with a Gift,Romans 12:1-8,Every Member Ministry,study,,0.65,"notes: 'In Romans 12, Paul starts with the word, Therefore... if we understood the gospel, we'd live a certain way'",,
keller-1334|romans,romans,keller,1997-03-16,Life of the Spirit,Romans 8:1-11,Lessons in Drawing Near,study,,0.65,"series walks Romans 8 sequentially; notes: 'As we look at Romans 8, we're taught 1) who the Holy Spirit is, and 2) what it means that he resides in you'",,
keller-1047|romans,romans,keller,1994-03-13,Cross: The Answer to the Problem of Evil,Romans 12:14-13:7,The Cross and Your Life,other,topical,0.65,series: The Cross and Your Life; notes: 'what it means to overcome evil with good',,
keller-664|romans,romans,keller,1990-05-06,The Power of the Spirit,Romans 8:12-17,"Growth in Christ, Part 2",other,topical,0.65,notes: 'the main thing the Spirit does is he makes Jesus real to you',,
bridgetown-27xBqpuPljGiaWmVIvo1Lb|ruth,ruth,bridgetown,2024-06-17,The Theology and Psychology of Suffering,Ruth 1:6-22,"Ruth, Act 1",study,,0.65,"series: Ruth, Act 1; notes: 'how we respond to suffering... From Ruth 1v6-22' (Naomi's return)",,
keller-670|zechariah,zechariah,keller,1990-06-03,Accuser and the Advocate,Zechariah 3:1-7,"Growth in Christ, Part 2",other,topical,0.65,series: Growth in Christ; notes: 'The reason we're so deeply insecure is because there is a courtroom... look to the advocate',,
keller-1990|1-chronicles,1-chronicles,keller,2007-11-18,David’s Prayer at Death,1 Chronicles 29:6-20,Real Spirituality - Prayer and Beyond,other,topical,0.7,series: Real Spirituality - Prayer; notes: 'case studies on prayer... giving is a key component in true spirituality',,
bridgetown-3Zzj6FfMVJFqLKt7F6qrHu|1-corinthians,1-corinthians,bridgetown,2026-04-12,"Faith, Hope and Love",1 Corinthians 13:1-13,Introduction,other,topical,0.7,"notes: 'Faith, hope, and love are how we live that out in everyday choices... series as we move toward Pentecost'",,
eleven22-5MnTOwSroxTHJL6NvQ3B4T|1-corinthians,1-corinthians,eleven22,2021-02-07,Sex,1 Corinthians 6:18-20,,other,topical,0.7,"title: 'Sex'; notes: 'series journal, watch RELATE'; nearby 'The Man'",,
keller-2283|1-corinthians,1-corinthians,keller,2013-11-10,Discovering the Gospel,1 Corinthians 15:1-11,A Public Faith,study,,0.7,notes: '1 Corinthians was written just 20 years after... Paul says he's summarizing the message the Corinthians heard',,
keller-970|1-corinthians,1-corinthians,keller,1993-05-16,Death of Death,1 Corinthians 15:35-41; 50-55,Lent - Nature of Sin,study,,0.7,series_ctx: consecutive run through 1 Cor 15; title 'Death of Death' restates 15:54-55,,
keller-964|1-corinthians,1-corinthians,keller,1993-04-25,Danger Every Hour,1 Corinthians 15:12-20; 30-32,Lent - Nature of Sin,study,,0.7,series_ctx: consecutive run through 1 Cor 15; title 'Danger Every Hour' restates 15:30,,
keller-962|1-corinthians,1-corinthians,keller,1993-04-18,By the Grace,1 Corinthians 15:8-11,Lent - Nature of Sin,study,,0.7,series_ctx: consecutive run through 1 Cor 15; title 'By the Grace' restates 15:10,,
bridgetown-1W2ZLES3j0YnakPUR34bUQ|1-john,1-john,bridgetown,2025-06-15,Relational Love,1 John 4,God is Love,other,topical,0.7,"series: God is Love (Acts 2, John 15, Col 1); generic series blurb",,
bridgetown-62c5RiTtvB6VmBx3xaOGnf|1-john,1-john,bridgetown,2022-06-05,Become Love,1 John 4:7-12,The True and False Self,other,topical,0.7,series: The True and False Self; no notes,,
keller-2088|1-john,1-john,keller,2009-10-04,Hope for the Poor,"1 John 3:1-3, 14-20","The Gospel, Hope, and the World",other,topical,0.7,"series: The Gospel, Hope, and the World; notes: 'three things about serving the poor'",,
keller-1910|1-john,1-john,keller,2006-09-24,Exclusivity: How Can There Be Just One True Religion?,1 John 4:1-10,The Trouble With Christianity: Why It's So Hard to Believe It,other,topical,0.7,series: The Trouble With Christianity; notes: 'objection... exclusivity... only true religion',,
bridgetown-6FLdzhrXuKZgJ7dKpjvfsX|1-kings,1-kings,bridgetown,2022-10-02,Midday: Pray for the Lost,1 Kings 18:41-45,Vision 2022: A House of Prayer For All Nations,other,springboard,0.7,series: Vision 2022; notes: 'travail... labor in prayer for those outside of the family of Jesus' (Elijah praying for rain),,
cotcny-7sdDpQz0hlbCQddZysk7Mb|1-peter,1-peter,cotcny,2020-06-01,That You May Pray,1 Peter 4:7,Crying Out,other,springboard,0.7,notes: 'introduces a vision for our church this summer: learning to pray in this time of crisis'; COVID,,
cotcny-0bv5nebnP4pwOHUoudEZDe|1-peter,1-peter,cotcny,2019-06-20,Revival of the Heart,1 Peter 1:3-8,Revival,other,topical,0.7,series: Revival; notes: 'explains how revival begins in the heart with a word from 1 Peter',,
keller-1868|1-peter,1-peter,keller,2005-11-20,"The Gospel, the Church and the World","1 Peter 2:4-12, 21-25",The Vision of Redeemer,other,topical,0.7,"series: The Vision of Redeemer (Gospel and wealth, culture, justice...); no notes",,
keller-1773|1-samuel,1-samuel,keller,2004-02-22,The Lost Ark,1 Samuel 5:1-5; 2 Samuel 6:1-15,The Gospel According to David,study,,0.7,series: The Gospel According to David; notes: 'holiness of God... Uzzah is slain after merely touching the ark',Primarily 2 Samuel 6:1-15 (with 1 Samuel 5:1-5); id appears under both books,
cotcny-1BzdT1neTn1VhWRlerX5NA|1-thessalonians,1-thessalonians,cotcny,2018-03-27,A Model Church,1 Thessalonians 2:8,The Prodigal Church,other,topical,0.7,series: The Prodigal Church; notes: 'what a model church should be' from 2:8,,
keller-1782|1-thessalonians,1-thessalonians,keller,2004-04-04,Death and the Christian Hope,1 Thessalonians 4:13-5:11,Living in Hope,other,topical,0.7,series: Living in Hope; notes: 'what Christianity gives us so we can handle death',,
keller-1266|1-thessalonians,1-thessalonians,keller,1996-06-16,How Ministers Serve the Church,1 Thessalonians 2:17-3:13,Thessalonians; The Gospel and the End of Time,study,,0.7,series: Thessalonians book series; title restates 2:17-3:13 (Paul's care for church),,
eleven22-1juvcdPqaB4Y6cPIOiY5af|1-timothy,1-timothy,eleven22,2022-11-13,Take Hold of True Life,,,other,springboard,0.7,notes: 'make your 10:10 Life commitment',,
eleven22-5eSZmeAIk52V1bsUHpEffQ|1-timothy,1-timothy,eleven22,2015-11-15,Life That Is Truly Life,,,other,springboard,0.7,notes: 'invest in God's expanding kingdom'; giving appeal,,
keller-2095|1-timothy,1-timothy,keller,2009-11-08,Hope and Money,1 Timothy 6:6-19,"The Gospel, Hope, and the World",other,topical,0.7,"series: The Gospel, Hope, and the World; notes: 'Money is not inherently evil'",,
cotcny-7oKHGEjwL5GxMmrgvBC4fG|2-chronicles,2-chronicles,cotcny,2022-01-03,Surrendered Hearts,,SEEKING GOD,other,topical,0.7,series: SEEKING GOD; notes: 'God is seeking surrendered hearts... the life of King Asa... renounce any division in our hearts',,
eleven22-2BNN6mcaKhU1go6XyjPmMi|2-corinthians,2-corinthians,eleven22,2016-06-12,God’s Will In Our Weakness,2 Corinthians 12:10,,other,topical,0.7,notes: 'THERE IS NO TESTIMONY WITHOUT A TEST... C.S. Lewis'; weakness theme,,
keller-1791|2-corinthians,2-corinthians,keller,2004-05-02,Christian Hope and Money,"2 Corinthians 8:8-15, 9:6-12",Living in Hope,other,topical,0.7,series: Living in Hope; notes: 'what you believe your ultimate future to be will have a huge impact on how you use your money',,
keller-2230|2-kings,2-kings,keller,2012-09-09,How We Become Believers,2 Kings 5:1-14,Gospel in Life: Grace in the Case of Naaman,study,,0.7,"notes: 'Naaman, a sophisticated, powerful Syrian general... hatred... between these two nations'",,
keller-1644|2-kings,2-kings,keller,2001-10-21,Two Men With Money,2 Kings 5:13-19; Luke 19:5-10,,other,topical,0.7,notes: 'grace... changes our relationship to our money'; paired with Luke 19,,
keller-1237|2-kings,2-kings,keller,1996-03-03,Sin as Leprosy (Part 1),2 Kings 5:5-17,The Faces of Sin,other,topical,0.7,series: The Faces of Sin; notes: 'illustration... about the nature of the problem',,
keller-610|2-peter,2-peter,keller,1989-10-01,How Can We Grow?,2 Peter 1:1-11,"Growth in Christ, Part 1",other,topical,0.7,series: Growth in Christ; notes: 'beginning a series on Christian growth',,
keller-1773|2-samuel,2-samuel,keller,2004-02-22,The Lost Ark,1 Samuel 5:1-5; 2 Samuel 6:1-15,The Gospel According to David,study,,0.7,series: The Gospel According to David; notes: 'holiness of God... Uzzah is slain after merely touching the ark',Primarily 2 Samuel 6:1-15 (with 1 Samuel 5:1-5); id appears under both books,
keller-1273|2-thessalonians,2-thessalonians,keller,1996-08-18,The Secret Power,2 Thessalonians 2:1-8,Thessalonians; The Gospel and the End of Time,study,,0.7,series: Thessalonians; The Gospel and the End of Time; passage 2 Thess 2:1-8 ('mystery of lawlessness'),,
keller-1271|2-thessalonians,2-thessalonians,keller,1996-08-11,Marveling at Jesus,2 Thessalonians 1:1-12,Thessalonians; The Gospel and the End of Time,study,,0.7,series: Thessalonians; The Gospel and the End of Time (works through 1-2 Thess); passage 2 Thess 1:1-12,,
cotcny-6gYoO9peEXRUlDckTcMIdK|acts,acts,cotcny,2026-01-20,The Altar of the Church,Acts 6:1-7,God Comes Where He's Wanted,other,topical,0.7,series: God Comes Where He's Wanted; notes: 'altar of the church... prayer and the Word',,
bridgetown-4QWwjAaU55Hrr0on9WQzOW|acts,acts,bridgetown,2025-09-15,Together in Portland,Acts 2:42-47,In Portland as it is in Heaven,other,springboard,0.7,notes: 'reorient ourselves around our vision... Kingdom come in Portland',,
bridgetown-0RpRT1kfvfMPkuHMmHxWyK|acts,acts,bridgetown,2024-04-02,Growing in Supernatural Power,Acts 2:14-21,Holy Spirit Conference January 2024,other,springboard,0.7,series: Holy Spirit Conference; notes: 'growing in supernatural healing. Acts 2v14-21',,
bridgetown-4LVGl8xjVr1l2C6HA1BtFW|acts,acts,bridgetown,2024-04-02,Becoming Kingdom Ministers,Acts 2:14-21,Holy Spirit Conference January 2024,other,springboard,0.7,series: Holy Spirit Conference; notes: 'becoming Kingdom Ministers through the power of healing',,
keller-2408|acts,acts,keller,2015-10-04,I Believe,Acts 17:16-34,What We Believe: Foundations,other,topical,0.7,series: What We Believe: Foundations; notes: 'everyone is deeply religious... God-sized God',,
keller-1757|acts,acts,keller,2003-11-23,Converted by the Resurrection,Acts 9:1-19,The Necessity of Belief,study,,0.7,"notes: 'The classic example is the conversion of Paul... an untame God, a stubborn fact'",,
keller-1756|acts,acts,keller,2003-11-16,Converted by the Cross,Acts 8:26-40,The Necessity of Belief,study,,0.7,"notes: 'conversion of an Ethiopian... who converts, the context of conversion'",,
keller-1751|acts,acts,keller,2003-10-26,No Other Name,"Acts 4:8-14, 31-37",The Necessity of Belief,study,,0.7,notes: 'Roman Empire... religiously pluralistic... Acts 4 shows us four important things',,
keller-1750|acts,acts,keller,2003-10-19,To an Unknown God,Acts 17:16-34,The Necessity of Belief,study,,0.7,notes: 'Paul speaks to the intellectual elites on Mars Hill in the Areopagus',,
keller-918|acts,acts,keller,1992-11-08,Grace and Money,Acts 4:32-37,The Attributes of God,other,topical,0.7,series: The Attributes of God; title: Grace and Money; no notes,,
keller-675|acts,acts,keller,1990-07-22,Revival on Broadway,Acts 4:23-35,Revival,other,topical,0.7,series: Revival; title: Revival on Broadway; no notes,,
cotcny-24HUi4u1mJnBRHcGd1x9oW|colossians,colossians,cotcny,2026-06-22,Oppression,Colossians 1,FREED,other,topical,0.7,series: FREED; notes: 'freedom from spiritual oppression... practical guidance for navigating spiritual opposition',,
bridgetown-6zW1fYx9pK6nqyKL70QRE9|colossians,colossians,bridgetown,2025-05-19,Rescuing Love,Colossians 1,God is Love,other,topical,0.7,series: God is Love; generic blurb; Col 1:13-14,,
bridgetown-4JkdTFTNQSJDXJoI7LKduo|colossians,colossians,bridgetown,2025-05-11,An Ocean of Peace,Colossians 3:15,,other,topical,0.7,notes: 'reflects on Colossians 3v15... personal journey with anxiety... cultivating inner peace',,
keller-617|colossians,colossians,keller,1989-11-12,Finding Our Identity in Christ (Part 3),Colossians 3:12-17,"Growth in Christ, Part 1",study,,0.7,"notes: 'looking at Colossians 3:12-17... Paul essentially says, because your life is hid with Christ in God, live that way'",,
eleven22-7yI0683Zm47Jur4tM9BTYJ|ephesians,ephesians,eleven22,2023-10-02,Husband and Wife,Ephesians 5:21-24,,other,topical,0.7,"no series; notes: 'Submission means to make your husband feel like the man' (5:21-24, 33)",,
bridgetown-3wdN3rkAIVqrIh8a5ync1p|ephesians,ephesians,bridgetown,2023-06-04,The Gospel and The Dividing Wall of Hostility,Ephesians 2:14-16,Race & Justice,other,topical,0.7,"series: 'Race & Justice' (topical, 1 sermon); title 'The Gospel and The Dividing Wall of Hostility' (2:14-16)",,
bridgetown-62eLIXrjQBuERHmq70OCIH|ephesians,ephesians,bridgetown,2022-11-13,Biblical Reconciliation,Ephesians 2:11-22,Vision 2022: A House of Prayer For All Nations,other,topical,0.7,"series_ctx: vision series 1/10 Ephesians, hops books; notes: 'Reconciliation across ethnic, socio-economic...one new humanity'",,
eleven22-7y5jsxMryIE7vhmB4rMsSG|ephesians,ephesians,eleven22,2020-04-26,Salt and Light,Ephesians 2:8-10,,other,topical,0.7,notes: 'bestsermonever' series; 'saved FOR good works' quoting Eph 2:8-10,,
eleven22-4PisPudOV9c1E3UDhlXZay|ephesians,ephesians,eleven22,2018-01-21,Prayers of a Pastor,Ephesians 3:14-21,,other,topical,0.7,no series; new-year sermon; notes: 'praying that this year you and I DEEPEN our relationship' + Eph 3:14-21,,
keller-1661|ephesians,ephesians,keller,2002-01-27,Befriending Grace,Ephesians 4:29-5:2; John 15:12-15,Practical Grace; How the Gospel Transforms Character,other,topical,0.7,"series_ctx: Practical Grace, 2/10; refs: Eph 4:29-5:2 + John 15; notes: 'We're looking now at kindness'",,
keller-1071|ephesians,ephesians,keller,1994-06-19,The Freedom of Simplicity; Against Theft and Envy (8th),"Exodus 20:15, Ephesians 4:28",Ten Commandments 1994,other,topical,0.7,"series_ctx: Ten Commandments 1994 (8th), 1/13 Eph; Eph 4:28 secondary to Exodus 20:15",,
keller-1060|exodus,exodus,keller,1994-04-24,The Freedom of Service – 2 (1st),Acts 4:7-20; Exodus 20:3,Ten Commandments 1994,other,secondary,0.7,series: Ten Commandments 1994; passage Acts 4:7-20 primary; notes on Peter and John,,
keller-898|exodus,exodus,keller,1992-09-20,Only True God: His Supremacy,Exodus 20:1-6,The Attributes of God,other,topical,0.7,series: The Attributes of God; title 'Only True God: His Supremacy'; no notes,,
cotcny-5q8f5jUDB70uhPTvM0XcJ8|ezekiel,ezekiel,cotcny,2022-02-01,Advocates,Ezekiel 22,SEEKING GOD,other,topical,0.7,series: Seeking God; notes: 'called to become God's advocates... serve our city',,
cotcny-7o7it8G8q7KalKu3dTWWzC|ezekiel,ezekiel,cotcny,2020-06-08,Prophetic Lament,Ezekiel 9:4,Crying Out,other,springboard,0.7,notes: 'bear the mark of lamenters (Ezekiel 9:4)... learning our history of oppression',,
cotcny-4qGJKlG92vs7mQ8Lmj3tPJ|ezekiel,ezekiel,cotcny,2019-06-14,Surrender,Ezekiel 47:3-6,Revival,other,springboard,0.7,series: Revival; Pentecost Sunday; Ezek 47 river used for surrender,,
cotcny-4Q9OIdUpV0zIRB60VLwCEk|galatians,galatians,cotcny,2026-04-13,The Call to Freedom,,FREED,other,topical,0.7,"series: FREED opener; notes: 'freest people in history, and among the most anxious'",,
cotcny-6pZs00pnPZSQ2RTsTOtJ5b|galatians,galatians,cotcny,2020-03-24,Fruit of the Spirit in a Time of the Flesh,,Church in A Time of Crisis,other,topical,0.7,"series: Church in A Time of Crisis; notes: 'flesh, which is any independent coping mechanism'",,
eleven22-2zLp3dNxNaxKSC1DfZuQIl|galatians,galatians,eleven22,2015-09-20,Love God With All Your Heart,Galatians 4:6-7,,other,topical,0.7,title: 'Love God With All Your Heart'; notes: 'SHOULD stir a deep sense of worship',,
keller-2025|galatians,galatians,keller,2008-06-01,Spiritual Friendship,Galatians 5:26-6:5,Practicing The Christian Life,other,topical,0.7,series: Practicing The Christian Life; notes: 'the practice of friendship',,
keller-2022|galatians,galatians,keller,2008-05-11,Led by the Spirit,Galatians 5:16-26,Practicing The Christian Life,other,topical,0.7,series: Practicing The Christian Life; notes: 'a Christian practice that never stands on its own',,
keller-1914|galatians,galatians,keller,2006-10-08,Absolutism: Don’t We All Have To Find Truth for Ourselves?,Galatians 2:4-16,The Trouble With Christianity: Why It's So Hard to Believe It,other,topical,0.7,series: The Trouble With Christianity; notes: 'Christians believe they have absolute truth...',,
keller-1036|galatians,galatians,keller,1994-02-06,Cross: The Way to Freedom,Galatians 5:10-13; 6:14-16,The Cross and Your Life,other,topical,0.7,series: The Cross and Your Life; notes: 'answer to the modern problem of freedom',,
cotcny-7H1GhtYk088TSqh5ugp613|genesis,genesis,cotcny,2018-08-07,Week 7 - The Art of Contemplation,Genesis 16,Teach Us To Pray,other,topical,0.7,series_ctx: 1/11 Genesis (Teach Us To Pray); notes: 'Genesis 16 and the core longing to see and be seen',,
keller-1307|genesis,genesis,keller,1996-12-01,Hagar and the Son,Genesis 16:1-16,Daring to Draw Near,other,topical,0.7,"series_ctx: 4/11 on Genesis, encounters-with-God series hopping books; notes: 'Sarah mistreats Hagar... the gospel according to Hagar'",,
keller-1301|genesis,genesis,keller,1996-11-10,Sarah and the Laugh,Genesis 18:9-33,Daring to Draw Near,other,topical,0.7,"series_ctx: 4/11 on Genesis, encounters-with-God series hopping books; notes: 'In Genesis 15... Here, in Genesis 18... establish Sarah in his promise'",,
keller-1297|genesis,genesis,keller,1996-11-03,Abraham and the Torch,Genesis 15:1-21,Daring to Draw Near,other,topical,0.7,"series_ctx: 4/11 on Genesis, encounters-with-God series hopping books; notes: 'a covenant ratification ceremony... the making of a contract'",,
keller-1275|genesis,genesis,keller,1996-09-08,Jacob and the Wrestler,Genesis 32:22-32,Daring to Draw Near,other,topical,0.7,"series_ctx: 4/11 on Genesis, encounters-with-God series hopping books; notes: 'look at the whole scope of Jacob's life and how this brings it all together'",,
keller-1098|genesis,genesis,keller,1994-10-30,The Cost of Mission,Genesis 12:1-4,,other,topical,0.7,no series; notes: 'willing to leave what is comfortable... take risks to bless others',,
keller-952|genesis,genesis,keller,1993-03-21,Nakedness and the Holiness of God,Genesis 3:7-24,Lent - Nature of Sin,other,topical,0.7,"series_ctx: Lent - Nature of Sin, 4/12 Genesis (Gen 3 run in topical series); notes: 'Adam and Eve rebelled... cover our nakedness'",,
keller-1992|hosea,hosea,keller,2007-12-02,The True Bridegroom,Hosea 3:1-5; 11:4-11,Jesus of the Prophets,study,,0.7,notes: 'Hosea 3 teaches us... our relationship with God is like a bad marriage... how God healed his marriage',,
keller-906|hosea,hosea,keller,1992-10-18,A Strong Love in the Same Direction: His Love,Hosea 3:1-5; 11:1-11,The Attributes of God,other,topical,0.7,series: The Attributes of God; title: 'His Love'; no notes,,
cotcny-2VOvm6IneHCzAYqdS6AEGz|isaiah,isaiah,cotcny,2018-12-11,The Promise of Peace,Isaiah 9:2-7,Advent,other,topical,0.7,series: Advent; notes: 'impossible promise of Peace... second week of Advent',,
eleven22-3jauwOBlCXrUJIIaRQ43gE|isaiah,isaiah,eleven22,2016-12-24,Jesus,Isaiah 9:6,,other,topical,0.7,title: 'Jesus'; notes: Isaiah 9:6 + Matthew 1:21 (Christmas Eve),,
eleven22-0UhmGFbgPgiQhXNOjd5h4E|isaiah,isaiah,eleven22,2016-11-20,Wonderful Counselor,Isaiah 9:6,,other,topical,0.7,title: 'Wonderful Counselor'; notes: 'access the power and presence of the Holy Spirit',,
keller-2364|isaiah,isaiah,keller,2015-01-04,Light in the Darkness,"Isaiah 60:1-5, 10-16",Light in the Darkness: Glory of Jesus in Mark,other,topical,0.7,notes: 'church developed a festival called Epiphany... theme of light',,
keller-1862|isaiah,isaiah,keller,2005-10-30,Culture,"Isaiah 60:4-11, 17-21",The Vision of Redeemer,other,topical,0.7,series: Vision of Redeemer; title 'Culture'; no notes,,
keller-1860|isaiah,isaiah,keller,2005-10-23,Justice,Isaiah 58:1-14,The Vision of Redeemer,other,topical,0.7,series: Vision of Redeemer; title 'Justice'; no notes,,
keller-1858|isaiah,isaiah,keller,2005-10-09,Community (2005),Isaiah 56:1-8,The Vision of Redeemer,other,topical,0.7,series: Vision of Redeemer; title 'Community'; no notes,,
keller-1585|isaiah,isaiah,keller,2000-10-08,God Our King,"Isaiah 40:1-11, 27-31","Four Ways to Live, Four Ways to Love",other,topical,0.7,"series: Four Ways to Live, Four Ways to Love; title 'God Our King'; no notes",,
keller-2469|james,james,keller,2016-08-28,Patience,James 5:7-12,Practical Faith: Studies in James,study,,0.7,"series: Practical Faith: Studies in James; notes: 'In James 5, we learn 1) what patience is'",,
cotcny-5STgr5mZH8ul69YelC355j|jeremiah,jeremiah,cotcny,2026-05-11,Idolatry,Jeremiah 2,Freed,other,topical,0.7,"series: Freed (freedom from unforgiveness, shame, lies...); notes: 'teaching on freedom from idolatry. Drawing from Jeremiah 2'",,
keller-1123|jeremiah,jeremiah,keller,1995-01-29,Anatomy of Sin (Part 2),Jeremiah 2:19-32,The Seven Deadly Sins,other,topical,0.7,series: The Seven Deadly Sins; 'Anatomy of Sin (Part 2)'; no notes,,
keller-1390|job,job,keller,1997-11-09,A Rich Man’s Poverty,Job 1:8-22,Pointers to Christ - Directional Signs in History,study,,0.7,notes: 'from Satan... from the early Job... from the later Job'; Job 1,,
bridgetown-1a3clD9r8HDRKIgpu3zL9c|john,john,bridgetown,2026-09-21,Together in Portland,John 15:9-14,,other,springboard,0.7,"notes: 'What stories are shaping you, what habits are forming you...' - vision/formation talk",,
cotcny-7q97rzafF9aGyNzExUqUFj|john,john,cotcny,2026-05-25,Shame,John 7:53-8:11,Freed,other,topical,0.7,series: Freed; notes: 'as his text for the freedom Jesus offers us from shame',,
eleven22-3y7IqhAySVsK4rxQDVLRjC|john,john,eleven22,2025-05-19,A Disciple Discovers Salvation in Christ,John 3,Follow Me,other,topical,0.7,series: Follow Me (discipleship stages); notes: 'salvation is not about what you do',,
eleven22-7E5Eytxfo2H4PmV4D5BW67|john,john,eleven22,2024-01-21,I Am The Man,,Testimony,other,springboard,0.7,series: Testimony; notes: 'I was blind. I met Jesus... Share your testimony',,
bridgetown-4KUiXwvn2fWOWOchGd8S8P|john,john,bridgetown,2023-02-26,Desire,John 9,"God & The Whole Person: Soul, Mind, & Body in His Image",other,topical,0.7,series: God & The Whole Person; notes: 'question Jesus posed to Bartimaeus... our deep desire',Mark 10:46-52,
cotcny-6Mmqq7pS36XSuajFJbh8W1|john,john,cotcny,2022-12-12,There is a Way,John 14:1-10,Advent Week III,other,topical,0.7,"series: Advent Week III; notes: 'We need Christmas, because... Jesus makes a way'",,
bridgetown-6k6KJwZCOTS24okrUgqY1E|john,john,bridgetown,2022-11-27,Landing in Disguise,John 1:6-12,Advent 2022,other,topical,0.7,series: Advent 2022 (Luke/Matthew texts); no notes,,
cotcny-0B8SdLT2rqhkj7tEdwdFhg|john,john,cotcny,2022-11-21,Truth,,The Jesus Stuff,other,topical,0.7,"series: The Jesus Stuff; notes: 'truth, not as an ideological framework, but as the person of Jesus'",John 8:31-32,
bridgetown-5Tlf2XdUWkymbK4AB1QICi|john,john,bridgetown,2022-05-22,The Father of Lies,John 8:12-47,The True and False Self,other,topical,0.7,series: The True and False Self; no notes,,
cotcny-1b5nrUcDIMPeJ7YzO8hSi0|john,john,cotcny,2021-10-21,The Way of Dependance,,The Way of Jesus,other,topical,0.7,series: The Way of Jesus; notes: 'The Way of Dependence... how we define abiding',,
cotcny-2FP41Q7f5R32kEKUXxShAu|john,john,cotcny,2019-04-23,It Is Finished,,Words from the Cross,other,topical,0.7,"series: Words from the Cross, Easter Sunday; notes: 'Jesus is the answer to our despair'",John 19:30,
eleven22-2ac4OZogfzIUC2x9JweCrX|john,john,eleven22,2016-12-11,Prince of Peace,John 16:33,,other,topical,0.7,title: Prince of Peace (Isa 9 Advent title); notes: 'He is peace',,
keller-2448|john,john,keller,2016-03-27,Encountering the Risen King (Easter),John 20:1-18,Where We Are Going: The City and the Mission,other,topical,0.7,title: (Easter); notes: apologetic 'offer too great to not look into it',,
keller-2442|john,john,keller,2016-03-06,Changed Lives,John 4:6-26,Where We Are Going: The City and the Mission,other,topical,0.7,series: City and the Mission (vision); notes: 'how the gospel changes lives',,
keller-2141|john,john,keller,2010-10-03,The Gospel and the Outsider,John 4:1-26,The Gospel and the World,other,topical,0.7,notes: 'Our passage today is really about evangelism... pluralistic society',,
keller-2133|john,john,keller,2010-07-04,Who Is the Spirit?,John 14:16-26,The Holy Spirit,other,topical,0.7,series: The Holy Spirit; notes: 'what the Bible teaches about the Holy Spirit... doctrine',,
keller-1661|john,john,keller,2002-01-27,Befriending Grace,Ephesians 4:29-5:2; John 15:12-15,Practical Grace; How the Gospel Transforms Character,other,secondary,0.7,passage: Ephesians 4:29-5:2 primary; series: Practical Grace; notes: 'practical graces',,
keller-1438|john,john,keller,1998-04-26,The Love of Jesus,John 13:1-21,The Fruit of the Spirit - The Character of Christ,other,topical,0.7,series: Fruit of the Spirit; notes: 'importance of the fruit of the Spirit (love)',,
keller-1396|john,john,keller,1997-11-30,Bible: End or Means?,John 5:31-47,Christ the Controversialist - Confrontations With Jesus,other,topical,0.7,series: Confrontations With Jesus; notes: 'He's going to teach us about the Bible through a debate',,
keller-1349|john,john,keller,1997-04-27,John Meets Jesus,John 20:3-9;21:18-24,The Real Jesus Part 4; The Lord,study,,0.7,series: Real Jesus; notes: 'now... looking at them in John... why should you trust these accounts?',,
keller-1310|john,john,keller,1996-12-08,The Furious Love of Jesus,John 11:32-44,The Real Jesus Part 2: His Life,study,,0.7,series: Real Jesus; notes: 'this passage... depicts Jesus as Immanuel... who Jesus is',,
vintage-sm-4maQTmDNEMDr4tbO5Aq6JZ|jonah,jonah,vintage-sm,2026-08-03,Jonah 4:1-11,Jonah 4:1-11,The Disobedient Prophet,study,,0.7,series: The Disobedient Prophet; notes: 'extend that same grace to others—even those we may struggle to love',,
cotcny-5fkyaMAkj7UMfXBQIcr3Mk|jonah,jonah,cotcny,2021-10-28,The Way of Mercy,,The Way of Jesus,other,topical,0.7,series: The Way of Jesus; notes: 'God orchestrates moments of mercy in our lives',,
eleven22-4CsUWYk0x7U0Xx7XE6ytVG|joshua,joshua,eleven22,2025-09-13,Consecrate Yourselves,,Saturated,other,springboard,0.7,"notes: 'stop managing sin, surrender fully... wilderness of mediocrity'",,
eleven22-0v4TfjW088ahoPotZllFfo|joshua,joshua,eleven22,2016-01-24,Vision Realized,Joshua 3:5,,other,springboard,0.7,title: 'Vision Realized'; notes only quote 3:5,,
keller-2168|joshua,joshua,keller,2011-04-10,The Holy One,Joshua 5:13-6:5,To Know the Living God; The God Who Makes Alive,other,topical,0.7,notes: 'looks at the holiness of God by way of an enigmatic... incident',,
eleven22-23R2wjv136RB0Fxj2PabRt|luke,luke,eleven22,2024-09-29,Grace Celebrates,,Run Over by the Grace Train,other,topical,0.7,series: Run Over by the Grace Train; notes: 'do you respond with disgust or compassion? Just like the father in the story of the prodigal son',Luke 15:11-32,
bridgetown-4APty37oFyT5bzqBNPXylv|luke,luke,bridgetown,2022-06-12,Blessing,Luke 24:50-53,The True and False Self,other,topical,0.7,series: The True and False Self; title: Blessing; no notes,,
cotcny-5rASK7zjQsV9bfSOWYD8DP|luke,luke,cotcny,2020-10-27,Blessed are the Merciful,,Disruptive Discipleship,other,secondary,0.7,series: Disruptive Discipleship (Beatitudes); notes: 'preached on the fifth beatitude... through the parable of the Good Samaritan',Matthew 5:7; Luke 10:25-37,
cotcny-79qSN0Sgs8ioaS8q0zNTOY|luke,luke,cotcny,2019-04-17,Trust,Luke 23:44-49,Words from the Cross,other,topical,0.7,series: Words from the Cross; notes: 'ultimate surrender to the Father stands in stark contrast to the spirit of control',,
eleven22-4OIGSqqcgoMqLnp3QV8Zvq|luke,luke,eleven22,2018-12-23,A Savior // CHRISTMAS EVE,,,other,topical,0.7,title: Christmas Eve; notes: 'We are sinful rebels that need salvation',,
keller-2246|luke,luke,keller,2012-12-23,Responding to Jesus’ Birth,Luke 2:8-20,Christmas 2012,other,topical,0.7,"series: Christmas 2012; notes: 'how should we respond...hear well, make peace, fear not'",,
keller-3346|luke,luke,keller,2012-12-16,The Birth of Jesus,Luke 2:1-7,Christmas 2012,other,topical,0.7,series: Christmas 2012; notes: '1) the fact of Christmas and 2) the pattern of Christmas',,
keller-1928|luke,luke,keller,2006-11-12,The Issue of Money,Luke 19:1-10,,other,topical,0.7,title: 'The Issue of Money'; adjacent to apologetics series; no notes,,
keller-1657|luke,luke,keller,2001-12-23,Mary,Luke 1:26-45,The Mothers of Jesus,other,topical,0.7,"series: The Mothers of Jesus (Christmas, Matthew genealogy women); no notes",,
keller-1520|luke,luke,keller,1999-07-11,Ask Him!,Luke 10:38-11:13,The Lord's Prayer 1999,other,topical,0.7,series: The Lord's Prayer 1999; title only,,
keller-1347|luke,luke,keller,1997-04-20,The Disciples Meet Jesus,Luke 24:36-49,The Real Jesus Part 4; The Lord,study,,0.7,notes: 'Jesus...teaching us in this passage about the nature of the resurrection',,
keller-1312|luke,luke,keller,1996-12-22,Christmas Peace,Luke 2:10-14,The Real Jesus Part 2: His Life,other,topical,0.7,"notes: 'What is Christmas all about? Peace on earth...what it is not, what it is'",,
keller-934|luke,luke,keller,1993-01-24,Let the Dead Bury Their Dead,Luke 9:57-60,Hard Sayings of Jesus 1993,study,,0.7,notes: 'In Luke 9...three men...what it means to follow Jesus...enter the kingdom',,
eleven22-7heYA4EfcAa8TvAcfhkup1|malachi,malachi,eleven22,2020-11-01,The Day is Coming,,,other,springboard,0.7,notes: 'Son of Righteousness has risen with healing... Do you need healing? Do you have faith?',,
bridgetown-192Wu6GrGb7A6jVKomGKC4|mark,mark,bridgetown,2024-09-16,Together in Portland,Mark 12:28-31,Practicing the Way of Jesus Together in Portland,other,springboard,0.7,"vision series; notes: 'transformation...can only happen within Community, From Mark 12v28-31' (greatest commandment)",,
keller-1613|mark,mark,keller,2001-04-01,Become a Little Child,"Mark 10:13-16, 35-45","The ""Amens"" of Jesus: The Challenge of the Cross",other,topical,0.7,Lent series 'Amens of Jesus' hops books; notes: 'ransom for many...objective and subjective meanings of the cross',,
keller-1597|mark,mark,keller,2000-12-24,The Man Who Would Not Be Believed,Mark 6:1-13,Two Christmas Meditations,other,topical,0.7,Christmas meditations; notes: 'Jesus is offensive...They either tried to kill Jesus or they worshipped Him',,
eleven22-4YN49AnDR1RP6OoEgl3H7i|matthew,matthew,eleven22,2026-09-21,Are you sleeping in the garden?,Matthew 26,Saturated Wednesday,other,springboard,0.7,notes: 'Night 1 of Saturated... When was the last time you... hear the voice of the Holy Spirit?',,
cotcny-2IJYtGXKcuLjU6dcy05rwO|matthew,matthew,cotcny,2025-10-13,John Mark Comer,,Gentle + Humble,other,topical,0.7,notes: 'receiving true rest in the gentle and humble heart of Jesus',Matthew 11:25-30,
eleven22-04DipUtAkwkTvICVVHyt6t|matthew,matthew,eleven22,2025-09-11,Jesus Said “Go”,Matthew 28,Saturated with Willie Robertson,other,topical,0.7,series: Saturated; notes: 'family hunting stories... In Acts 18... check your pulse',,
bridgetown-4NrhIAProeVKnyWFNXMGBX|matthew,matthew,bridgetown,2024-11-04,How Did the Fig Tree Wither so Quickly?,Matthew 25:14-30,For the Sake of Others,other,topical,0.7,series: For the Sake of Others; title about fig tree but tagged 25:14-30,"Matthew 21:18-22 (fig tree), tag 25:14-30 likely wrong",
cotcny-3qitOPuQig9CQpGG0LefsN|matthew,matthew,cotcny,2021-12-14,The Curiosity of Christmas,,Advent,other,topical,0.7,notes: 'curiosity Christmas stirs up in the human heart through the story of the Wise Men',Matthew 2:1-12,
cotcny-56KhyRH1gtocfaEafNvHYT|matthew,matthew,cotcny,2021-09-28,The Way of Devotion,,The Way of Jesus,other,topical,0.7,series: The Way of Jesus; notes: 'two of Jesus' parables... treasure... live a life devoted to His Kingdom cause',Matthew 13:44-46,
cotcny-6llDvkbBawh0PMupoKNh1D|matthew,matthew,cotcny,2019-07-02,Simple Prayers,Matthew 10,Revival,other,springboard,0.7,series: Revival; notes: 'power of simple prayers from disciples' from Matt 10:7,,
cotcny-5XBkrix8axTaJuukR8ZvEa|matthew,matthew,cotcny,2019-06-20,Small Beginnings,Matthew 13,Revival,other,topical,0.7,series: Revival; notes: 'how revival takes root with small beginnings' (mustard seed),Matthew 13:31-33,
eleven22-5ezdGNjekf5nY2NmNKI69s|matthew,matthew,eleven22,2018-08-05,Submit to Authority,Matthew 22:20-21,,other,topical,0.7,title: 'Submit to Authority'; notes: verse text only,,
eleven22-6DAZrS6RyNnLVHjMHxqnkA|matthew,matthew,eleven22,2017-02-26,Symptoms of A Gospel Infected Heart,Matthew 22:37-40,,other,topical,0.7,notes: 'A heart infected with the Gospel has 2 primary symptoms' plus John 15:4,,
eleven22-0ZGPXqZE7rFyICFWasCZxI|matthew,matthew,eleven22,2015-08-09,My Fear,Matthew 28:17-20,,other,springboard,0.7,notes: 'The opposite of Faith is FEAR (not doubt). Fear paralyzes. Faith produces.',,
eleven22-0jKGyS4mJSAXIS3fH55SUB|matthew,matthew,eleven22,2015-01-04,Providence,Matthew 10:29-32,,other,topical,0.7,notes: 'Sovereign God orchestrates the details of our lives... pain and provision' (providence doctrine),,
keller-2337|matthew,matthew,keller,2014-09-14,The Great Promise – Rest for Your Soul,Matthew 11:25-30,Matthew 11 - The One Who Gives You Rest,study,,0.7,"series: Matthew 11 - The One Who Gives You Rest; notes: 'Jesus offers us deep, inner rest'",,
keller-2050|matthew,matthew,keller,2008-12-14,The History of Grace,Matthew 1:1-17,Christmas 2008 - The Beginning of the Gospel,study,,0.7,notes: 'Matthew begins the story of Jesus' birth with a genealogy... what do we learn here?',,
keller-1628|matthew,matthew,keller,2001-07-01,Arguing About the Afterlife,Matthew 22:23-33,Arguing With Jesus,study,,0.7,"notes: 'Jesus's answer to a question about the afterlife... 1) a stern rebuke, 2) a remarkable argument, 3) an amazing promise'",,
keller-1577|matthew,matthew,keller,2000-07-09,Reading Hearts,Matthew 7:1-6,The Hard Sayings of Jesus 2000,study,,0.7,"notes: 'in the context of the entire passage, you will see why verse 6 can be so difficult... contradictory to verses 1-5'",,
keller-1113|matthew,matthew,keller,1994-12-25,The “Begats” (Christmas),Matthew 1:1-17,,study,,0.7,notes: 'Why study the begats?... four things the genealogies of Christ tell us... God broke through into history',,
keller-929|matthew,matthew,keller,1992-12-20,Christmas Message,Matthew 2:1-8,Advent 1992,other,topical,0.7,series: Advent 1992; notes: 'The message of Christmas is foolishness to this world... wisdom',,
keller-892|matthew,matthew,keller,1992-08-23,The Sower: On Hearing,Matthew 13:1-9; 18-23,The Parables of Jesus 1992,study,,0.7,notes: 'Jesus tells the parable of the sower in order to help individuals test whether... in this most unlikely kingdom',"Matthew 13:1-9, 18-23",
keller-668|matthew,matthew,keller,1990-05-27,Christian Experience and Counterfeit,Matthew 13:1-9; 18-30; 36-43,"Growth in Christ, Part 2",other,topical,0.7,series: Growth in Christ; notes: 'three kinds of Christianity that are fake',"Matthew 13:1-9, 18-30, 36-43",
keller-667|numbers,numbers,keller,1990-05-20,"Fear, Faith and Courage",Numbers 13-14,"Growth in Christ, Part 2",other,topical,0.7,series: Growth in Christ; notes: 'Courage and faith... Follow your fears',,
cotcny-3iPCHa0nWdy0lIpLjP9bsY|philippians,philippians,cotcny,2018-05-15,Jesus and Privilege,Philippians 2,The Controversial Jesus,other,topical,0.7,series_ctx: 1/11 'Controversial Jesus'; notes: 'Jesus demonstrates how to leverage one's privilege on behalf of others',Philippians 2:5-11,
eleven22-4nv4AC7uitU7Gmn8rEXNiU|philippians,philippians,eleven22,2015-12-13,How to Have a Great Christmas,Philippians 2:5-8,,other,topical,0.7,"no series, Christmas; notes: Keller quote on humility + Phil 2:5-8 text",,
keller-2122|philippians,philippians,keller,1990-02-18,Peace – Overcoming Anxiety,Philippians 4:4-9,Fruit of the Spirit,other,topical,0.7,series_ctx: 1/11 Fruit of the Spirit; notes: 'what the Bible says about peace and joy... our three enemies',,
eleven22-5AhNxQ1ZSWtFMkHLCbAzMg|proverbs,proverbs,eleven22,2021-01-24,The Woman,Proverbs 31:30,,other,topical,0.7,"title 'The Woman'; notes: 'download the series journal, watch RELATE'",,
eleven22-4mkeivNHKFHbAihgDzE1Rq|proverbs,proverbs,eleven22,2019-02-03,Marks of the Growing Believer,Proverbs 22:3,,other,topical,0.7,title 'Marks of the Growing Believer'; notes: 'Where is your life going?',,
keller-1016|proverbs,proverbs,keller,1993-11-07,The Problem of the City,"Genesis 11, Proverbs 11",Modern Problems; Ancient Solutions,other,topical,0.7,series: Modern Problems; Ancient Solutions; notes: 'The Bible teaches 1) that God invented the city'; Genesis 11 + Proverbs 11,,
cotcny-01ckaKxVMQxH8XHsfAnB2J|psalms,psalms,cotcny,2024-01-29,Love,Psalm 86,Leverage,other,topical,0.7,"series_ctx: Leverage (topical); notes: 'leveraging our love and the importance of an ""undivided heart"" from Psalm 86'",,
eleven22-49ANnKvZYgFffP4Depvuoe|psalms,psalms,eleven22,2017-03-19,Parenting,Psalm 127,,other,topical,0.7,no series; title 'Parenting'; notes: 'raising God worshiping missionaries or culturally compliant citizens' + Ps 127:3-4,,
keller-2354|psalms,psalms,keller,2014-11-23,Word: Teach Us To Pray,Psalm 1:1-6; 2:1-12,The Prayer of Prayers,other,topical,0.7,series: Prayer of Prayers; notes: 'first page is not a prayer... a meditation on meditation... Psalm 1 tells us',,
keller-2176|psalms,psalms,keller,2011-06-05,God Our Father,Psalm 103:1-18,To Know the Living God; The Adequacy of God,other,topical,0.7,series: attributes of God; notes: 'God can be our Father... live in covenant... grace... intimacy' (Ps 103:13),,
keller-2173|psalms,psalms,keller,2011-05-15,The Justice of God,Psalm 146:1-10,To Know the Living God; The Adequacy of God,other,topical,0.7,series: attributes of God; notes: 'Micah 6:8... Do justice... life of justice; God of justice',,
keller-2162|psalms,psalms,keller,2011-03-13,The Love of God,Psalm 145:14-20; John 15:9-15,To Know the Living God; The God Who Makes Alive,other,topical,0.7,series: attributes of God (1/8 Psalms); passage Ps 145 + John 15; notes: 'multidimensionality of God's love',,
keller-1327|psalms,psalms,keller,1997-02-23,Disciplines of Repentance,Psalm 32,Lessons in Drawing Near,other,topical,0.7,"series_ctx: Lessons in Drawing Near, 6/11 Psalms (with Romans 8; experiencing God); notes: 'In Psalm 32... 1) the power of guilt, 2) the power of repentance'",,
keller-1325|psalms,psalms,keller,1997-02-16,Disciplines of Distress,Psalm 11,Lessons in Drawing Near,other,topical,0.7,"series_ctx: Lessons in Drawing Near, 6/11 Psalms (with Romans 8; experiencing God); notes: 'In this psalm, David shows us how to take refuge in God'",,
keller-1323|psalms,psalms,keller,1997-02-09,Disciplines of Guidance,Psalm 25:1-15,Lessons in Drawing Near,other,topical,0.7,"series_ctx: Lessons in Drawing Near, 6/11 Psalms (with Romans 8; experiencing God); notes: 'Psalm 25 is one of the greatest passages on how God guides'",,
keller-1023|psalms,psalms,keller,1993-12-05,Jesus Our Servant,Psalm 69,Understanding Jesus,other,topical,0.7,series: Understanding Jesus (2/8 Psalms); notes: 'written by David... also refers to a greater king... John 15',,
bridgetown-6NNmVastTKMwKQEBm1kCDn|revelation,revelation,bridgetown,2023-04-02,The Body as a Living Sacrifice,Revelation 19:6-7,"God & The Whole Person: Soul, Mind, & Body in His Image",other,springboard,0.7,series: God & The Whole Person; title 'Body as a Living Sacrifice' (Rom 12 language) on Rev 19:6-7; no notes,,
bridgetown-3Nfdv6BrIdDGYuXGboFVKp|revelation,revelation,bridgetown,2023-03-26,Theology of the Body,Revelation 19:6-7,"God & The Whole Person: Soul, Mind, & Body in His Image",other,springboard,0.7,series: God & The Whole Person; title 'Theology of the Body' from Rev 19:6-7 marriage-supper verse; no notes,,
keller-2074|revelation,revelation,keller,2009-04-26,The Garden – City of God,Revelation 22:1-11,Bible: The Whole Story - Redemption and Restoration,study,,0.7,notes: 'last chapter of the last book... final vision of God's future... What is it? How does it arrive?',,
keller-1550|revelation,revelation,keller,2000-02-13,The Amazing End of History,Revelation 21:1-6; 22:1-5,The Apostles' Creed; Getting a Vocabulary for Faith,other,topical,0.7,series: The Apostles' Creed; no notes; title 'The Amazing End of History' is a creed doctrine,,
cotcny-4B3md0ht4kzoDh0gaXPoRu|romans,romans,cotcny,2026-06-01,Rejection,Romans 8,Freed,other,topical,0.7,series: FREED; notes: 'a sermon on rejection... Greco-Roman context of adoption in Romans 8',,
bridgetown-5FEIorjfwLEFioa4Dyr4Ni|romans,romans,bridgetown,2024-10-20,For the Sake of the City,Romans 12:2,For the Sake of Others,other,springboard,0.7,notes: 'positioning ourselves to bring Heaven to Portland by becoming a community of love for the sake of our city',,
eleven22-0gbzkQ5ETZz7vQ2zhMvcPy|romans,romans,eleven22,2024-09-22,Grace Can't Be Lost,Romans 3:20-22,Run Over by the Grace Train,other,topical,0.7,series: Run Over by the Grace Train; title 'Grace Can't Be Lost'; notes quote Rom 3:20-22 only,,
bridgetown-21jG6xxRJ5PbP9W0v6hOwX|romans,romans,bridgetown,2024-04-02,Love Pt. 2,Romans 8:12-17,Holy Spirit Conference January 2024,other,topical,0.7,series: Holy Spirit Conference January 2024; notes: 'his revelation on the supernatural power of God's love',,
bridgetown-5i8BzDVeSEfn8hEMCydtD1|romans,romans,bridgetown,2023-03-19,Renewal of the Mind,Romans 12:1-2,"God & The Whole Person: Soul, Mind, & Body in His Image",other,topical,0.7,"series: God & The Whole Person: Soul, Mind, & Body; title 'Renewal of the Mind'; no notes",,
bridgetown-5LzvrcpgLiL7WY3EVXBkVj|romans,romans,bridgetown,2023-03-12,A Sound Mind,Romans 12:1-2,"God & The Whole Person: Soul, Mind, & Body in His Image",other,topical,0.7,"series: God & The Whole Person: Soul, Mind, & Body; title 'A Sound Mind'; no notes",,
bridgetown-77NfYUocGeR4EjzLaw4Pib|romans,romans,bridgetown,2022-04-10,Dignified Suffering,Romans 8:14-17,In This World You Will Have Trouble,other,topical,0.7,series: In This World You Will Have Trouble; title 'Dignified Suffering'; no notes,,
bridgetown-6BZr5ayea6u2iPNqyGKiNh|romans,romans,bridgetown,2022-03-20,Made to Suffer,Romans 8:18-28,In This World You Will Have Trouble,other,topical,0.7,series: In This World You Will Have Trouble (suffering/unanswered prayer); no notes,,
eleven22-07b3TYYz83ZpxRBEoIGBYa|romans,romans,eleven22,2020-05-17,Blind and Toothless,Romans 5:8,,other,secondary,0.7,notes: 'The reason that we are to love our enemies...' series coe22.com/bestsermonever (Sermon on the Mount),,
cotcny-5cTsIZcCoOzV0CNPbgfXBZ|romans,romans,cotcny,2018-09-25,Truth Must Be Stronger Than Lies,Romans 11:33-12:2,,other,topical,0.7,notes: 'why truth must be stronger than lies in our hearts and minds... This Must Be Stronger Than That series',,
cotcny-7ekoPtSWsvVVplHEWOHpMA|romans,romans,cotcny,2018-09-18,Worship Must Be Stronger Than Idolatry,Romans 1,,other,topical,0.7,"notes: 'why worship must be stronger than idolatry in the church, as part of the This Must Be Stronger Than That series'",,
keller-2462|romans,romans,keller,2016-05-15,"Love, Patience and Suffering",Romans 8:16-28,What We Are Becoming: Transforming Love,other,topical,0.7,series: Transforming Love; notes: 'Romans 8 shows us 1) the unique Christian view of suffering',,
keller-2024|romans,romans,keller,2008-05-25,Community Building,Romans 12:9-21,Practicing The Christian Life,other,topical,0.7,series: Practicing The Christian Life; notes: 'Over the next three sermons... aspects of community-building',,
keller-1344|romans,romans,keller,1997-04-13,Certainty of the Spirit,Romans 8:31-39,Lessons in Drawing Near,study,,0.7,"notes: 'At the end of the chapter, we get to the heart of the Holy Spirit's job: to assure us that nothing can separate us from the love of God'",,
keller-1331|romans,romans,keller,1997-03-09,Freedom in the Spirit,Romans 8:1-4,Lessons in Drawing Near,study,,0.7,"series runs through Romans 8 (5 talks); notes: 'In Romans 8, we see 1) we continue to struggle with sin, but 2) there is no condemnation'",,
keller-1045|romans,romans,keller,1994-03-06,Cross: The Way to Become Yourself,Romans 8:1-17,The Cross and Your Life,other,topical,0.7,series: The Cross and Your Life; notes: '1) The Spirit is not a spirit of fear and 2) The Spirit is a spirit of adoption',,
keller-1040|romans,romans,keller,1994-02-20,Cross: The Way to Endurance,Romans 5:1-10,The Cross and Your Life,other,topical,0.7,series: The Cross and Your Life; notes: 'What does it mean to rejoice in your sufferings?',,
keller-751|romans,romans,keller,1991-03-31,Meaning of the Resurrection (Easter Sermon and Testimonies),Romans 10:9,,other,topical,0.7,title: 'Meaning of the Resurrection (Easter Sermon and Testimonies)'; no notes,,
bridgetown-7qNXQW8xak1F1bw6wb11hI|ruth,ruth,bridgetown,2024-06-30,The Contrast,Ruth 3,"Ruth, Act 3",study,,0.7,"series: Ruth, Act 3; notes: 'unseen... decisions of faithfulness and fidelity'",,
bridgetown-6WQzRm3SE0z1r74JuUno8v|ruth,ruth,bridgetown,2024-06-23,Small Things with Great Love,Ruth 2,"Ruth, Act 2",study,,0.7,"series: Ruth, Act 2; notes: 'God redeems his people through... humble obedience, and ordinary sacrifices'",,
bridgetown-6tTID5NEnlr6BmZm7E8Xkf|song-of-songs,song-of-songs,bridgetown,2022-06-26,Life of the Beloved,Song of Songs 1:5-6,The True & False Self,other,topical,0.7,series: The True & False Self; title: 'Life of the Beloved'; no notes,,
keller-2091|titus,titus,keller,2009-10-25,Hope for Your Work,Titus 2:11-3:9,"The Gospel, Hope, and the World",other,topical,0.7,"series: The Gospel, Hope, and the World; notes: 'how does hope shape the way in which we do our work?'",,
keller-2085|1-chronicles,1-chronicles,keller,2009-09-20,David Prepares His People,1 Chronicles 29:1-20,The Life of David 2009,study,,0.75,"notes: 'biography written by the author of 1 and 2 Chronicles... David points his people to the presence of God, the temple... promise'",,
cotcny-7CmEfniDjHPihcEgxeEPtc|1-corinthians,1-corinthians,cotcny,2025-11-24,The Body,1 Corinthians 12,Making Sense of Church,other,topical,0.75,series: Making Sense of Church; notes: 'teaching on the Body of Christ',,
eleven22-2ZIYYyjvYMJZN7Aa66hxpZ|1-corinthians,1-corinthians,eleven22,2023-10-15,Abundant Marriage,1 Corinthians 6:18,,other,topical,0.75,title: 'Abundant Marriage'; notes: quote of 6:18,,
keller-2458|1-corinthians,1-corinthians,keller,2016-05-01,"Love, the Most Excellent Way",1 Corinthians 13:1-13,What We Are Becoming: Transforming Love,other,topical,0.75,series: Transforming Love; notes: 'rubber ball... how you get a supernaturally changed heart',,
keller-1785|1-corinthians,1-corinthians,keller,2004-04-11,The Hope of Glory (Easter 2004),1 Corinthians 15:1-10; 47-58,Living in Hope,other,topical,0.75,series: Living in Hope; notes: 'Why were the Christians so much more compassionate... key to Christian hope is the resurrection',,
keller-1663|1-corinthians,1-corinthians,keller,2002-02-10,Receptive Grace,1 Corinthians 8:4-11; Romans 15:1-7,Practical Grace; How the Gospel Transforms Character,other,topical,0.75,series: Practical Grace; notes: 'something better than tolerance... gospel-receptivity' (1 Cor 8 + Rom 15),,
cotcny-4362x7iDGGKI55of567iQf|1-john,1-john,cotcny,2026-04-27,Sin,1 John 1:5-10,Freed,other,topical,0.75,series: Freed; notes: 'teaching on freedom from sin... guilt-innocence and honor-shame frameworks',,
keller-2197|1-john,1-john,keller,2011-12-18,The Meaning of Christmas,1 John 1:1-4,Christmas 2011,other,topical,0.75,series: Christmas 2011; notes: 'four things that 1 John tells us Christmas means',,
keller-1781|1-john,1-john,keller,2004-03-28,The Experience of Hope,Ephesians 3:14-21; 1 John 3:1-3,Living in Hope,other,topical,0.75,series: Living in Hope; Eph 3 + 1 John 3; notes: 'the experience of hope',,
keller-1542|1-john,1-john,keller,1999-12-19,The Purpose of Christmas,1 John 1:1-4,The Apostles' Creed; Getting a Vocabulary for Faith,other,topical,0.75,title: 'The Purpose of Christmas'; series: Apostles' Creed; no notes,,
bridgetown-16ltmHkbxhOrQYUOsGGKXY|1-kings,1-kings,bridgetown,2022-10-16,Evening: Pray Gratitude,1 Kings 19:9-15,Vision 2022: A House of Prayer For All Nations,other,springboard,0.75,series: Vision 2022; notes: 'Praying gratitude in the evening allows us to perceive God's presence',,
keller-2089|1-peter,1-peter,keller,2009-10-11,Hope for Your Life,1 Peter 1:3-13,"The Gospel, Hope, and the World",other,topical,0.75,"series: The Gospel, Hope, and the World; notes: 'every Christian has been born again. Yet, this term is commonly misunderstood'",,
eleven22-4PP35VHi4nHYKs1Do6xImr|1-samuel,1-samuel,eleven22,2025-06-23,David Fights Goliath,1 Samuel 17,,study,,0.75,"notes: 'walks us through 1 Samuel 17... It's about a greater David, Jesus'",,
keller-1229|1-samuel,1-samuel,keller,1996-01-28,Sin as Self-Deceit,1 Samuel 15:12-23,The Faces of Sin,other,topical,0.75,series: The Faces of Sin; notes: 'our capacity for self-deception... no better example... than this tragic story of Saul',,
keller-1263|1-thessalonians,1-thessalonians,keller,1996-06-02,How the Gospel Makes Christians,1 Thessalonians 1:1-10,Thessalonians; The Gospel and the End of Time,study,,0.75,series: Thessalonians; The Gospel and the End of Time (4 of 6 on 1 Thess); title restates 1:1-10 conversion,,
bridgetown-5A0G6UT52e1UWkrsE2ISGu|2-corinthians,2-corinthians,bridgetown,2024-01-01,The Surprise of Silence,2 Corinthians 3:7-18,,other,springboard,0.75,notes: 'what it means to behold Jesus in silent prayer',,
keller-2428|2-corinthians,2-corinthians,keller,2015-12-13,The Power of Generosity,2 Corinthians 8:8-15; 9:6-12,What We Are Giving: The Dynamic of Grace,other,topical,0.75,series: generosity; notes: 'Why is it that we celebrate Christmas with gift giving?',,
keller-1794|2-corinthians,2-corinthians,keller,2004-05-16,Christian Hope and Suffering,2 Corinthians 4:7-18; 12:7-10,Living in Hope,other,topical,0.75,series: Living in Hope; notes: 'Christian hope has an enormous impact on how we face... suffering'; 2 Cor 4 + 12,,
keller-2231|2-kings,2-kings,keller,2012-09-16,How We Live as Believers,"2 Kings 5:2-3, 15-27",Gospel in Life: Grace in the Case of Naaman,study,,0.75,"notes: 'In 2 Kings chapter 5, a slave girl prompts... Why did leprosy strike Gehazi'",,
keller-2404|2-peter,2-peter,keller,2015-09-20,The Bible and Experience,2 Peter 1:12-21,What We Believe: Foundations,other,topical,0.75,series: What We Believe: Foundations; notes: 'the authority of the Bible',,
keller-2149|2-peter,2-peter,keller,2010-12-05,The God Who Can Be Known (Part 2),2 Peter 1:1-9,To Know the Living God; The God Who Can Be Known,other,topical,0.75,series: To Know the Living God; notes: 'One of the marks that you know God is spiritual growth',,
bridgetown-74U9eGaVlVHBMOm2iihiuw|acts,acts,bridgetown,2024-04-14,Witness,Acts 1:1-11,The Gifts of the Spirit for the work of the Kingdom,other,topical,0.75,"series: Gifts of the Spirit; notes: 'Holy Spirit as fundamentally missional, expressed as justice, mercy, and evangelism'",,
bridgetown-0wssi6QLoGOmMyza06xiHr|acts,acts,bridgetown,2024-04-07,"Go, But Wait",Acts 1:1-11,The Gifts of the Spirit for the work of the Kingdom,other,topical,0.75,series: Gifts of the Spirit; notes: 'Holy Spirit from a more practical vantage point',,
cotcny-4EI9s4oRJunl5Ech2rVrUx|acts,acts,cotcny,2019-05-14,Community,Acts 2,Kingdom Values,other,topical,0.75,series: Kingdom Values; notes: 'radical New Testament Community from Acts 2',,
keller-2132|acts,acts,keller,2010-06-27,Money and the Power of the Spirit,Acts 4:29-37,Money and Possessions - In the Teaching of St. Luke,other,topical,0.75,series: Money and Possessions; notes: 'how Christianity affects your attitude... money',,
keller-1758|acts,acts,keller,2003-11-30,Converted by the Spirit,Acts 10:27-47,The Necessity of Belief,study,,0.75,notes: 'case study of Cornelius... through the challenge to religion... Holy Spirit',,
keller-1753|acts,acts,keller,2003-11-09,"A Woman, a Slave and a Gentile",Acts 16:13-34,The Necessity of Belief,study,,0.75,notes: 'Luke chooses three... Lydia... slave girl... jailer',,
keller-1418|acts,acts,keller,1998-03-01,Spiritual Friendship,Acts 20:36-21:8,The Church - How to Believe Despite Christians,other,topical,0.75,notes: 'appears to be a travelogue... but in it we see principles of spiritual friendship',,
keller-1355|acts,acts,keller,1997-05-18,The Ascension,Acts 1:1-12,The Real Jesus Part 4; The Lord,study,,0.75,series: The Real Jesus; notes: 'the nature of the ascension... the meaning of the ascension',,
keller-602|acts,acts,keller,1989-08-13,Signs of the King,Acts 2:37-47,The King and the Kingdom,other,topical,0.75,notes: 'series of messages... on the church... launching',,
keller-601|acts,acts,keller,1989-08-06,Presence of the King,Acts 4:23-37,The King and the Kingdom,other,topical,0.75,notes: 'launching a new church... looking at what the church is',,
cotcny-4rsaVkHdnP3nzk52vh5CQS|daniel,daniel,cotcny,2020-08-31,Prioritizing Prayer,Daniel 6:1-11,Crying Out,other,topical,0.75,series: Crying Out; notes: 'preached a powerful word about prioritizing prayer',,
keller-2180|daniel,daniel,keller,2011-08-21,The King and the Furnace,Daniel 3:14-29,Theophany: Anticipations of Jesus in the Old Testament,study,,0.75,notes: 'Babylon... had conquered Israel... exiles... pressured to assimilate'; Daniel 3,,
keller-1128|daniel,daniel,keller,1995-02-05,Pride: The Case of Nebuchadnezzar,Daniel 4:24-37,The Seven Deadly Sins,other,topical,0.75,series: The Seven Deadly Sins; notes: 'Nebuchadnezzar's pride began in contentment',,
cotcny-43pSIFXBvihTd712YfsAxf|deuteronomy,deuteronomy,cotcny,2020-02-11,The Home,Deuteronomy 6,Altars,other,topical,0.75,series: Altars; notes: 'building altars in our home',,
keller-2144|deuteronomy,deuteronomy,keller,2010-10-31,The Testimony of Justice,Deuteronomy 4:5-8; 15:1-11,The Gospel and the World,other,topical,0.75,series: The Gospel and the World; notes: 'the gospel creates a passion for doing justice',,
keller-2278|ecclesiastes,ecclesiastes,keller,2013-10-06,The Sickness Unto Death,Ecclesiastes 2:9-26,A Public Faith,study,,0.75,notes: 'author... called qoheleth... Ecclesiastes is a set of thought experiments in which the professor is saying...',,
bridgetown-4F0Hcep5GFWK7WeZVyboNa|ephesians,ephesians,bridgetown,2024-04-02,Love Pt. 1,Ephesians 3:14-21,Holy Spirit Conference January 2024,other,topical,0.75,"series_ctx: Holy Spirit conference, 1/4 Ephesians; notes: 'supernatural power of God's love. Ephesians 3v14-21'",,
eleven22-5sp302mpp95yfoA11ACIFQ|ephesians,ephesians,eleven22,2018-09-30,The Husband,Ephesians 5:25,,other,topical,0.75,"no series; title 'The Husband'; notes: Eph 5:25 + 1 Cor 13:11, 'Love your wife. Provide. Protect. Pursue.'",,
keller-2464|ephesians,ephesians,keller,2016-06-19,Love and Truth,"Ephesians 4:14-15, 25-32",What We Are Becoming: Transforming Love,other,topical,0.75,"series_ctx: Transforming Love 1/5 Eph; notes: 'crisis of integrity... Volkswagen' on Eph 4:15,25",,
eleven22-2CxEVnVo08y0PlphvZhWK6|ephesians,ephesians,eleven22,2015-08-16,My Anger,Ephesians 4:26-27,,other,topical,0.75,"no series; title 'My Anger'; notes quote Eph 4:26-27, James 1:19-20, Eph 4:31-32 (topical on anger)",,
keller-1035|ephesians,ephesians,keller,1994-01-30,Jesus as King: God’s Ultimate Plan,Ephesians 1:9-12,Understanding Jesus,other,topical,0.75,series_ctx: Understanding Jesus 1/8 Eph; notes: 'Jesus is King... kingdom coming... King of history',,
keller-623|ephesians,ephesians,keller,1989-12-10,Spirit and Presence of God,Ephesians 5:18-21;3:14-21,"Growth in Christ, Part 1",other,topical,0.75,"series_ctx: Growth in Christ, 1/9 Ephesians; notes: 'role of the Holy Spirit in the life of the believer'",,
keller-618|ephesians,ephesians,keller,1989-11-12,Orphans or Children (5th),Ephesians 6:1-4,Ten Commandments 1989,other,topical,0.75,series_ctx: Ten Commandments 1989 (5th); Eph 6:1-4 quotes 5th commandment; title 'Orphans or Children',,
eleven22-78jtMknki5T6vMUaoz57cB|exodus,exodus,eleven22,2023-09-24,Parenting,Exodus 2:11-15,,other,springboard,0.75,title: Parenting; notes: 'power of Godly parental instruction. Exodus 2:11-15' (Moses kills Egyptian),,
keller-2165|exodus,exodus,keller,2011-03-27,The Jealousy of God,Exodus 20:1-6,To Know the Living God; The God Who Makes Alive,other,topical,0.75,series: To Know the Living God; notes: 'characteristics... attributes of God... jealousy of God',,
keller-1984|exodus,exodus,keller,2007-10-14,Moses’ Prayer for God,Exodus 33:12-23; 34:5-8,Real Spirituality - Prayer and Beyond,study,,0.75,notes: 'case studies of prayer... encounter between God and Moses... 1) Moses' prayer for our glory; 2)... 3) God's answer',,
keller-1152|exodus,exodus,keller,1995-04-09,The Judgment on Sin,Exodus 17:1-7,The Seven Deadly Sins,other,topical,0.75,series: The Seven Deadly Sins; title 'The Judgment on Sin'; no notes,,
cotcny-1n20d22A0Iy0SwbAin8Zin|ezekiel,ezekiel,cotcny,2018-07-16,Week 4 - Experience Glory,Ezekiel 1,Teach Us To Pray,other,topical,0.75,series: Teach Us To Pray; notes: 'why we need God to reveal his Glory',,
keller-1584|ezekiel,ezekiel,keller,2000-10-01,God Our Lover,"Ezekiel 16:3-10,15-22,39-42,60-63","Four Ways to Live, Four Ways to Love",other,topical,0.75,"series: Four Ways to Live, Four Ways to Love; title 'God Our Lover'; no notes",,
eleven22-74XK7pPuPJND76bVI1Hajo|galatians,galatians,eleven22,2015-05-03,Love Reconciles,Galatians 5:6,,other,topical,0.75,notes: 'With whom do I need to reconcile?' + Matt 5:23-24,,
keller-2339|galatians,galatians,keller,2014-09-28,Family: Our Father,Galatians 3:26-4:3,The Prayer of Prayers,other,topical,0.75,"series: The Prayer of Prayers; notes: 'What does it mean to pray, Our Father?... adoption'",,
keller-1668|galatians,galatians,keller,2002-03-17,Living Grace,Galatians 5:16-25,Practical Grace; How the Gospel Transforms Character,other,topical,0.75,series: Practical Grace; notes: 'Galatians 5 and 1 Corinthians 13... traits... supernaturally changed heart',,
eleven22-5IVKEC8D9mxmM0iMCi6Luy|genesis,genesis,eleven22,2025-09-14,With God There is Always a Meanwhile,,Saturated,other,topical,0.75,"series_ctx: 1/3 Genesis (Saturated); notes: 'Joseph's story... What others meant for evil, God meant for good'",Genesis 37-50,
eleven22-6IoIkOwYHS4q04X2be4oa0|genesis,genesis,eleven22,2025-06-29,Jacob Wrestles God,Genesis 25,,other,topical,0.75,notes: 'Week 4 of In The Arena... Genesis 25 and 32... the wrestling match that changed his name to Israel',Genesis 25; 32:22-32,
keller-1983|genesis,genesis,keller,2007-10-07,Jacob’s Prayer for Joy,Genesis 32:22-31,Real Spirituality - Prayer and Beyond,other,topical,0.75,"series_ctx: Real Spirituality - Prayer, 2/8 Genesis; notes: 'Jacob encountered God... meet God alone, for blessing, at weakness'",,
keller-1374|genesis,genesis,keller,1997-09-14,An Old Woman’s Laughter,Genesis 21:1-7,Pointers to Christ - Directional Signs in History,other,topical,0.75,"series_ctx: Pointers to Christ, book-hopping, 3/10 Genesis; notes: 'Isaac means laughter... three kinds of laughter in the story of Abraham and Sarah'",,
keller-921|hebrews,hebrews,keller,1992-11-22,The Only Wise God: His Sovereignty,Hebrews 12:1-13,The Attributes of God,other,topical,0.75,series: The Attributes of God; title 'The Only Wise God: His Sovereignty',,
keller-903|hebrews,hebrews,keller,1992-10-04,Our Covenant God: What Can I Really Trust In?,Hebrews 6:12-20,The Attributes of God,other,topical,0.75,series: The Attributes of God; title 'Our Covenant God: What Can I Really Trust In?',,
cotcny-6Rbo6VMpRAYdgrOyEupEhX|isaiah,isaiah,cotcny,2023-02-08,The Cry of the Region,Isaiah 64,God Comes Where He's Wanted,other,springboard,0.75,series: God Comes Where He's Wanted; notes: 'cry for God to intervene... in our region',,
bridgetown-6yA9WcJxXUhy0wEjTo7XUJ|isaiah,isaiah,bridgetown,2022-02-20,For All Nations (Where Prayer Meets Justice),Isaiah 56:1-8,Teach Us to Pray,other,topical,0.75,series: Teach Us to Pray; title: 'Where Prayer Meets Justice',,
cotcny-3vrxD4dC1pHiOo15fXRFO9|isaiah,isaiah,cotcny,2020-12-22,Defiant Love,Isaiah 61,A Defiant Christmas,other,topical,0.75,series: A Defiant Christmas; notes: 'wrapped up our Advent series... called to join Him on mission',,
keller-2452|isaiah,isaiah,keller,2016-04-10,Faith and Work,"Isaiah 60:1-11, 18-21",Where We Are Going: The City and the Mission,other,topical,0.75,series: The City and the Mission; notes: 'What does that mean for our work?',,
keller-2438|isaiah,isaiah,keller,2016-02-21,The Sin-Bearer,Isaiah 52:13-53:12,What We Are Receiving: The Gospel Goods,study,,0.75,notes: 'If you're reading through the book of Isaiah... Isaiah indicates... a great king... Then Isaiah starts talking about a servant',,
keller-1859|isaiah,isaiah,keller,2005-10-16,Witness,Isaiah 55:1-7; 57:14-21,The Vision of Redeemer,other,topical,0.75,series: Vision of Redeemer; notes: 'you receive a new mission: to give testimony and witness',,
keller-901|isaiah,isaiah,keller,1992-09-27,The Holy One: His Holiness,Isaiah 6:1-13,The Attributes of God,other,topical,0.75,series: The Attributes of God; title 'His Holiness'; no notes,,
keller-723|isaiah,isaiah,keller,1990-12-23,His Name Shall Be Called (Christmas),Isaiah 9:1-7,,other,topical,0.75,title: '(Christmas)'; notes: 'lead you in a meditation on the idea of Jesus as a gift',,
keller-1916|james,james,keller,2006-10-15,Injustice: Hasn’t Christianity Been an Instrument for Oppression?,James 2:1-17,The Trouble With Christianity: Why It's So Hard to Believe It,other,topical,0.75,series: The Trouble With Christianity; notes: objection that Christianity oppresses,,
cotcny-6YodPF61bMjmKYj80y3UpP|jeremiah,jeremiah,cotcny,2023-06-12,Compassion Sunday,Jeremiah 9:23-24,,other,topical,0.75,title: Compassion Sunday; notes: 'special sermon on Biblical justice' with Compassion International testimony,,
keller-1119|jeremiah,jeremiah,keller,1995-01-22,Anatomy of Sin (Part 1),"Jeremiah 2:2-13, 19",The Seven Deadly Sins,other,topical,0.75,series: The Seven Deadly Sins; notes: 'like someone with an alcohol problem refusing to admit',,
keller-895|jeremiah,jeremiah,keller,1992-09-13,God With a Name: What Does It Mean To Know God?,Jeremiah 31:31-34,The Attributes of God,other,topical,0.75,series: The Attributes of God; title 'God With a Name: What Does It Mean To Know God?'; no notes,,
keller-1279|job,job,keller,1996-09-15,Job and the Whirlwind,Job 42:1-10,Daring to Draw Near,study,,0.75,"series: Daring to Draw Near; notes: 'Let's look at the story of Job, and then... what it teaches'",,
cotcny-1jcNUpef2Hn4HQmDep8VPz|john,john,cotcny,2026-05-04,Lies,John 8:31-47,Freed,other,topical,0.75,series: Freed; notes: 'freedom from lies... beneath every sin pattern is a lie',,
eleven22-6EI0DN1wu88QVlg0rDzXPO|john,john,eleven22,2025-07-13,Jesus Clears the Temple,John 2,,other,topical,0.75,notes: 'In the Arena series... what it means to be angry like Jesus and what to do about it',,
eleven22-6pGhidh9DZErPjhTQRbas3|john,john,eleven22,2025-06-01,A Disciple Deepens in Their Faith,John 15,Follow Me,other,topical,0.75,"series: Follow Me; notes: 'abide... spiritual disciplines, pruning'",,
bridgetown-4fNj9dnd5yWRlAvVEYnJkl|john,john,bridgetown,2024-05-19,Pentecost Sunday,John 20:19-22,The Gifts of the Spirit for the work of the Kingdom,other,topical,0.75,"series: The Gifts of the Spirit; notes: 'how the work of the Spirit awakens us, forms us'",,
bridgetown-14WbCVSsR8VbY8OwQSkID5|john,john,bridgetown,2022-03-27,Unanswered Prayer Pt. 1,John 11:1-3,In This World You Will Have Trouble,other,topical,0.75,series: In This World You Will Have Trouble; title: Unanswered Prayer Pt. 1,,
cotcny-6wKIbNZeLwdNuMGxndLPL2|john,john,cotcny,2022-01-25,Worshipers,,SEEKING GOD,other,topical,0.75,series: Seeking God; notes: 'a teaching on the Worshiper... God's passion for worship',John 4:1-42,
cotcny-24R8qNgghQQ39ECTGw6duQ|john,john,cotcny,2019-04-02,Deliverance,John 19:28-30,Words from the Cross,other,topical,0.75,series: Words from the Cross (Lent); notes: 'Jesus' thirst shows... his divine provision',,
cotcny-6XAzN6K6jgylqrzNl4WgH0|john,john,cotcny,2019-03-19,Relationship,John 19:23-27,Words from the Cross,other,topical,0.75,series: Words from the Cross (Lent); notes: 'a new definition for family',,
eleven22-298Yx7F0wvlKZdffRGAPP2|john,john,eleven22,2018-12-02,Good News,John 1:43-49,,other,springboard,0.75,notes: 'Who has God called you to bring the message of good news to this Christmas season?',,
cotcny-001tPpzoiewE2YUVcnhIYJ|john,john,cotcny,2018-11-06,Grieving Must Be Stronger Than Dismissing,John 11:35,,other,topical,0.75,series: This Must Be Stronger Than That; notes: 'why grieving and lamenting... must be stronger than dismissing',,
keller-2444|john,john,keller,2016-03-13,Public Faith,John 4:27-42,Where We Are Going: The City and the Mission,other,topical,0.75,series: vision; notes: 'church... for our friends in the city... understood by looking at the woman at the well',,
keller-2418|john,john,keller,2015-11-08,The Holy Spirit,John 14:15-26,What We Believe: Foundations,other,topical,0.75,series: What We Believe: Foundations; notes: 'basic beliefs... the Holy Spirit',,
eleven22-3kHpqR7j6KAdq33HjSrxTR|john,john,eleven22,2015-01-18,Passover,John 1:29,,other,secondary,0.75,title: Passover; notes quote Exodus plagues at length; John 1:29 as application,,
keller-2277|john,john,keller,2013-09-29,Why a Public Faith?,John 4:27-42,A Public Faith,other,topical,0.75,series: A Public Faith; notes: 'pluralistic society... how Christians can be part of the solution',,
keller-2178|john,john,keller,2011-06-19,The Glory of the Triune God,"John 17:1-6, 20-26",To Know the Living God; The Adequacy of God,other,topical,0.75,notes: 'The doctrine of the trinity... how the doctrine of the Trinity helps us understand true glory',,
keller-1638|john,john,keller,2001-09-16,"Truth, Tears, Anger and Grace",John 11:20-53,The Church in the City,study,,0.75,"notes: 'passage in John 11... raising Lazarus... truth (Martha), tears (Mary), anger (at the tomb)'",,
keller-1440|john,john,keller,1998-05-03,The Joy of Jesus,John 16:19-24,The Fruit of the Spirit - The Character of Christ,other,topical,0.75,series: Fruit of the Spirit; notes: 'Moral reformation is not... spiritual transformation... the joy',,
keller-1400|john,john,keller,1997-12-14,One Way or Many?,John 14:5-10,Christ the Controversialist - Confrontations With Jesus,other,topical,0.75,series: Confrontations; notes: apologetic on exclusivity 'No one comes to the Father except through me',,
keller-1352|john,john,keller,1997-05-11,Peter Meets Jesus,John 21:1-17,The Real Jesus Part 4; The Lord,study,,0.75,notes: 'very last of the resurrection appearances... John 21... four beautiful things',,
keller-665|john,john,keller,1990-05-13,Cost of Commitment,"John 12:1-6, 23-26","Growth in Christ, Part 2",other,topical,0.75,series: Growth in Christ; notes: 'Jesus Christ cannot be known apart from absolute commitment',,
keller-2175|jonah,jonah,keller,2011-05-29,The Compassion of God,Jonah 4:1-11,To Know the Living God; The Adequacy of God,other,topical,0.75,series: To Know the Living God (attributes); notes: 'look at the compassion of God',,
keller-1282|joshua,joshua,keller,1996-09-22,Joshua and the General,"Joshua 5:13-15, 6:1-5",Daring to Draw Near,study,,0.75,series: Daring to Draw Near; notes: 'Joshua has been to Jericho... remembering something that happened 40 years before',,
bridgetown-2s6dbM7RCtwHWpEOnmaTTm|luke,luke,bridgetown,2024-04-21,Healing,Luke 10:1-9,The Gifts of the Spirit for the work of the Kingdom,other,topical,0.75,"series: The Gifts of the Spirit; notes: 'Jesus empowers His people to... heal the sick, but there's a lot that gets in our way'",,
cotcny-5c4PSuhtbWgJxVXj2XxZd1|luke,luke,cotcny,2024-04-01,Easter Sunday 2024,Luke 24,,other,topical,0.75,"notes: 'three things it takes to believe in Jesus' resurrection: evaluating the historical facts, gaining a theological understanding...'",Luke 24:13-35,
bridgetown-6i2T5m8XQqHjsupqDHZC2o|luke,luke,bridgetown,2023-10-16,Community: Witness,Luke 8:26-38,Community,other,topical,0.75,series: Community (Community As Home/Friendship...); title: 'Community: Witness'; no notes,,
bridgetown-2QdFo3E1dG1ACLlxJYFHK0|luke,luke,bridgetown,2023-03-05,Shame,Luke 7:36-50,"God & The Whole Person: Soul, Mind, & Body in His Image",other,topical,0.75,series: God & The Whole Person; title: Shame; no notes,,
bridgetown-4jRdZNb6R8qojxdlA7sGEr|luke,luke,bridgetown,2022-10-09,Morning: Pray the Lord’s Prayer,Luke 11:1-4,Vision 2022: A House of Prayer For All Nations,other,topical,0.75,series: Vision 2022: A House of Prayer (prayer rhythms Morning/Midday/Evening); no notes,,
cotcny-3taDYy8gzQni5CYR9g9zb2|luke,luke,cotcny,2021-11-18,The Way of Gratitude,,The Way of Jesus,other,topical,0.75,series: The Way of Jesus; notes: 'Jesus healing ten men with leprosy... encouraged us to create rhythms of gratitude',Luke 17:11-19,
cotcny-3bjzgeIhQxjYE2qdNFu9qd|luke,luke,cotcny,2019-12-02,Who is God,Luke 1:46-55,Emmanuel,other,topical,0.75,"series: Emmanuel; notes: 'a word on who the God of the Bible is. God is infinite, yet personal; just, yet merciful'",,
cotcny-6pBMdA4XW9xFdfSvZyLdmQ|luke,luke,cotcny,2019-03-12,Forgiveness,Luke 23:33-34,Words from the Cross,other,topical,0.75,"series: Words from the Cross (Lent, multi-Gospel); notes: 'Jesus' forgiveness of His enemies is what needs to define our Christian identity'",,
cotcny-53PfAvsVtgh4gqsqnVXc52|luke,luke,cotcny,2018-04-10,Controversial Compassion,Luke 7,The Controversial Jesus,other,topical,0.75,"series: The Controversial Jesus; notes: 'how Jesus provides a middle way for us, with compassion and clarity'",,
keller-2402|luke,luke,keller,2015-09-13,The Bible and History,Luke 1:1-4,What We Believe: Foundations,other,topical,0.75,series: What We Believe; notes: 'how you regard the Bible...bookends of the book of Luke',,
eleven22-3Wa14WlxBnXSY6YPVmB6hk|luke,luke,eleven22,2015-04-12,Love Shares,Luke 19:10,,other,springboard,0.75,"notes: 'The moment you are rescued, you become part of the rescue team' (Luke 19:10 as proof text)",,
keller-1328|luke,luke,keller,1997-02-23,With a Politician,Luke 23:1-25,The Real Jesus Part 2: His Life,study,,0.75,series: Real Jesus; notes: 'religious leaders...bring Jesus to the Roman politicians...Pilate',,
keller-1309|luke,luke,keller,1996-12-08,Mary’s Song,Luke 1:39-55,Daring to Draw Near,study,,0.75,series: Daring to Draw Near; notes: 'Mary sings...what leads her to sing...what she sings a lot about',,
keller-1018|luke,luke,keller,1993-11-14,The Problem of Materialism,Luke 11:37-42,Modern Problems; Ancient Solutions,other,topical,0.75,series: Modern Problems; notes: 'Jesus applies this to...financial giving...attitude toward our possessions',,
keller-935|luke,luke,keller,1993-01-31,Shameless Prayer,Luke 11:5-13,Hard Sayings of Jesus 1993,study,,0.75,"notes: 'Lord, teach us to pray, he tells them a story...word...shamelessness'",,
bridgetown-2hfs5IKTEbkvVq8SUTTnR8|malachi,malachi,bridgetown,2024-12-09,Whispers in the Dark,Malachi 3:1-4,Advent 2024,other,topical,0.75,"series: Advent 2024 (Hope, Joy, Love, Christmas Eve); no notes",,
bridgetown-0Z1siGGq0iFvNW4Q6GPTAQ|mark,mark,bridgetown,2024-10-06,Family,Mark 3,For the Sake of Others,other,topical,0.75,series 1/10 on Mark (For the Sake of Others); notes: 'relating to one another as family. From Mark 3v31-35',,
bridgetown-23v9p6GzQbK2Trkgy9elEV|mark,mark,bridgetown,2023-09-10,Practicing the Way of Jesus,Mark 8:34-35,Vision Series 2023,other,springboard,0.75,series: 'Vision Series 2023'; notes: 'Be with Jesus. Become like Jesus. Do what Jesus did.',,
bridgetown-2lACiTZCHotSD9c4U4uxSq|mark,mark,bridgetown,2022-09-11,Practicing the Way of Jesus Together in Portland,Mark 8:34-35,Vision 2022: A House of Prayer For All Nations,other,springboard,0.75,series: 'Vision 2022'; notes: 'Be with Jesus. Become like Jesus. Do what Jesus did.' from 8:34-35,,
cotcny-1SZ9H71uPgATEnHzGaLHCF|mark,mark,cotcny,2019-04-09,Adoption,Mark 15:33-34,Words from the Cross,other,topical,0.75,"Lent series 'Words from the Cross' 1/7 Mark; notes: 'forsaken by His Father, so that we...experience adoption'",,
keller-1631|mark,mark,keller,2001-07-15,Arguing About Politics,Mark 12:13-17,Arguing With Jesus,other,topical,0.75,series 'Arguing With Jesus' hops books; notes: 'religious leaders attempting to nail down Jesus's politics',,
keller-1630|mark,mark,keller,2001-07-08,Arguing About Morality,Mark 12:28-34,Arguing With Jesus,other,topical,0.75,series 'Arguing With Jesus' hops books 2/5; notes: 'helps us understand the nature of morality',,
keller-1442|mark,mark,keller,1998-05-10,The Fidelity of Jesus,Mark 14:32-42,The Fruit of the Spirit - The Character of Christ,other,topical,0.75,"series 'Fruit of the Spirit' 1/7 Mark; notes: 'the cup, Abba, and began' in Gethsemane",,
eleven22-1Iy1a1GN4tlXirdYmtkYiS|matthew,matthew,eleven22,2026-09-27,The Last Supper and Gethsemane,Matthew 26,Death to Life,study,,0.75,"nearby: Matt 20,21,22,23,24 in sequence; notes: 'From the Last Supper to the Garden of Gethsemane... failures of Judas, Peter'",,
bridgetown-5JJhY5WCecwXX4YrRJlbt5|matthew,matthew,bridgetown,2025-04-20,2025,Matthew 28:1-10,Easter,other,topical,0.75,series: Easter; notes: 'This Easter we celebrate... renewal we are invited into',,
cotcny-1obHVawdw2nwEmjjII0oW8|matthew,matthew,cotcny,2025-03-31,The Redemptive Edge,Matthew 25,Missional Formation,other,topical,0.75,series: Missional Formation; notes: 'distinctive of The Redemptive Edge and the discipline of blessing beyond barriers',Matthew 25:31-46,
bridgetown-5ReVjTjsmhKDTi7Pgka3zP|matthew,matthew,bridgetown,2024-11-18,How Many Times Should I Forgive?,Matthew 18:21-35,For the Sake of Others,other,topical,0.75,series: For the Sake of Others; notes: 'become a people of sustained forgiveness for the sake of others',,
eleven22-75VPrRf6rUuBzHZse2dNsm|matthew,matthew,eleven22,2024-10-20,Grace is Our Significance,Matthew 11:1-19,Run Over by the Grace Train,other,topical,0.75,series: Run Over by the Grace Train; notes: 'grace of God is... a life of significance',,
bridgetown-7bWdNtALXHA7xqZqvkzStU|matthew,matthew,bridgetown,2024-09-08,In Portland As It Is In Heaven,Matthew 7:13-14,Practicing the Way of Jesus Together in Portland,other,springboard,0.75,series: Practicing the Way of Jesus Together in Portland; notes: 'Be Like Jesus. Become Like Jesus.',,
cotcny-6TIRQMsAmfUkOGkODqRCZ3|matthew,matthew,cotcny,2024-09-02,Come to Me,Matthew 11,Come & See,other,topical,0.75,"notes: closing John series, 'Jesus is the only one who truly cares for our souls, offering us true rest'",Matthew 11:28-30,
bridgetown-1Aodv20lMdK0Zctc3u5BwF|matthew,matthew,bridgetown,2024-02-25,Generosity,Matthew 13:44-46,Unforced Rhythms of Grace,other,springboard,0.75,notes: 'community of contentment in a culture of consumerism through the practice of generosity' from treasure parable,,
eleven22-3737NZrgQANtP6Lhiv4aLv|matthew,matthew,eleven22,2023-12-17,Christmas from the East,Matthew 1:21,,other,topical,0.75,"title: 'Christmas from the East'; notes: 'From the cradle, Jesus was being prepared for the cross' + Christmas promo",,
eleven22-05PW8r6YF8bkdCChczLhYP|matthew,matthew,eleven22,2023-04-02,Secret to Contentment,Matthew 11:28-30,,other,topical,0.75,title: 'Secret to Contentment'; notes: 'You want true CONTENTMENT...',,
bridgetown-6h8G3TamM3lpE4HaRI8Wqb|matthew,matthew,bridgetown,2022-02-06,Daily Bread (Petition),Matthew 6:9-13,Teach Us to Pray,other,topical,0.75,"series: Teach Us to Pray (Acts, Isaiah, Psalm 51 texts); title 'Daily Bread (Petition)'",Matthew 6:11,
cotcny-0yw8Ze1RMsTt8YYL9P3Q00|matthew,matthew,cotcny,2021-12-07,Longing Contested,,Advent,other,topical,0.75,"notes: Advent series, Joseph 'teaches us about embracing a spirit of peace in contested spaces'",Matthew 1:18-25,
cotcny-5nbUw0sv9CXceSghAOa623|matthew,matthew,cotcny,2020-08-03,The Cry of the Poor in Spirit,,Crying Out,other,topical,0.75,series: Crying Out; notes: 'Christ's exhortation and example of humility',Matthew 5:3,
cotcny-7gbDRcdUjEBQOBQy711ryj|matthew,matthew,cotcny,2018-01-23,The Way of Practice,Matthew 7,The Way of Jesus,other,topical,0.75,"series: The Way of Jesus; notes: 'teaches from Matthew 7, on the way of practice'",,
eleven22-4R5hKYDD7kP1BTJkx3YI2j|matthew,matthew,eleven22,2016-12-18,Immanuel,Matthew 1:22-23,,other,topical,0.75,notes: 'Man-made religion... The Gospel is that God came down to rescue us' plus Luke 19:10,,
keller-2150|matthew,matthew,keller,2010-12-12,God Incarnate (Part 1),Matthew 1,To Know the Living God; The God Who Can Be Known,other,topical,0.75,series: To Know the Living God; notes: 'three things about Jesus Christ as Immanuel: 1) He is God',,
keller-1991|matthew,matthew,keller,2007-11-25,Jesus’ Prayer for All Time,Matthew 6:5-15,Real Spirituality - Prayer and Beyond,other,topical,0.75,series: Real Spirituality - Prayer; notes: 'concludes the series... how to pray',,
keller-1330|matthew,matthew,keller,1997-03-02,The King Is Come,Matthew 21:1-17,The Real Jesus Part 3; The King,study,,0.75,notes: 'the story of Jesus' triumphal entry... confrontational... paradoxical... transformational' kingship,,
keller-1029|matthew,matthew,keller,1993-12-19,Jesus Our God,Matthew 1:20-23,Understanding Jesus,other,topical,0.75,series: Understanding Jesus; notes: 'Immanuel... the most repulsive because it says Jesus Christ is God',,
bridgetown-0Oeldgu859Akw6TEMNg0iw|micah,micah,bridgetown,2024-12-22,Love,Micah 5:2-5,Advent 2024,other,topical,0.75,series: Advent 2024; title: 'Love'; no notes,,
vintage-sm-2pbTWxkS1CdOPmmyRnrDhT|philippians,philippians,vintage-sm,2023-06-21,Introduction to Philippians,,Citizens,study,,0.75,series_ctx: 1/1 'Citizens'; title: 'Introduction to Philippians'; no notes,Philippians (whole book intro),
keller-1054|philippians,philippians,keller,1994-04-03,Knowing the Risen Christ (Easter),Philippians 3:3-10,The Cross and Your Life,other,topical,0.75,"series_ctx: 1/9 'Cross and Your Life', Easter; notes: resurrection 'fact to be believed... experience to connect with' (3:10)",,
eleven22-4c42sWslWjnuwZPd0o01yg|proverbs,proverbs,eleven22,2018-09-23,The Wife,Proverbs 12:4,,other,topical,0.75,title 'The Wife'; notes: 'CROWN or CANCER to your household. Actions Steps',,
eleven22-7z06LjtVYCGY2fqlROIVOx|proverbs,proverbs,eleven22,2016-03-13,Accountability,Proverbs 27:6,,other,topical,0.75,title 'Accountability'; notes: 'A TRUE friend is in the business of getting into your business',,
bridgetown-0W1KYF9S22UfFxF637Ea3g|psalms,psalms,bridgetown,2026-03-23,"Sexuality, Acquired Taste",Psalm 34:8,The Good News About Our Bodies,other,springboard,0.75,"series_ctx: Good News About Our Bodies, 1/6 Psalms; notes: 'Sexuality... form our desires with intention' from 'taste and see' 34:8",,
bridgetown-57qoB20djKdBOQxGRMkcf5|psalms,psalms,bridgetown,2024-01-22,Scripture,Psalm 1:1-3,Unforced Rhythms of Grace,other,topical,0.75,"series_ctx: Unforced Rhythms, 2/12 Psalms (practices); notes: 'courageous fidelity to orthodoxy... through the practice of scripture. From Psalm 1v1-3'",,
bridgetown-1c4t2I1kBNiupl9t0n1G2J|psalms,psalms,bridgetown,2023-05-28,The Spirit Speaks through Creation,Psalm 19:1-6,"Hearing God: Listening to the Still, Small Voice of the Holy Spirit",other,topical,0.75,"series_ctx: Hearing God, 2/7 on Psalms (topical); notes: 'hear God speak through creation—in nature, in wonder, and in the face of another'",,
bridgetown-2AGBvHl1oqqY2ZuCMJigWe|psalms,psalms,bridgetown,2023-04-30,"The Spirit Speaks through the Written Word, Pt. 2",Psalm 119:103-112,"Hearing God: Listening to the Still, Small Voice of the Holy Spirit",other,topical,0.75,"series_ctx: Hearing God, 2/7 on Psalms (topical); notes: 'How do I hear God through the written Word?... Scripture reading practice'",,
keller-2352|psalms,psalms,keller,2014-11-16,Repose: The Power and Glory,Psalm 27:1-14,The Prayer of Prayers,other,topical,0.75,series: Prayer of Prayers; notes: 'In Psalm 27 we have an example of a prayer of repose',,
keller-2350|psalms,psalms,keller,2014-11-09,Battle: Lead Us and Deliver Us,"Psalm 73:1-3, 13-26",The Prayer of Prayers,other,topical,0.75,"series: Prayer of Prayers; notes: 'In Psalm 73, the psalmist... everything is going wrong... corrupt... great life'",,
keller-2348|psalms,psalms,keller,2014-11-02,Reality: Forgive Us Our Debts,Psalm 51:1-19,The Prayer of Prayers,other,topical,0.75,series: Prayer of Prayers (Lord's Prayer frame); notes: 'Looking at Psalm 51... what one thing must you stop doing',,
keller-2341|psalms,psalms,keller,2014-10-05,Awe: Hallowed Be Thy Name,Psalm 63:1-11,The Prayer of Prayers,other,topical,0.75,"series: Prayer of Prayers (Lord's Prayer); notes: 'one phrase in the Lord's Prayer, Hallowed be thy name... five aspects to praise'",,
keller-2279|psalms,psalms,keller,2013-10-13,Facing Doubt,"Psalm 73:1-3, 12-26",A Public Faith,other,topical,0.75,"series_ctx: A Public Faith, 1/8 Psalms (apologetics); notes: 'what the Bible says about doubt is unique, nuanced'",,
keller-2160|psalms,psalms,keller,2011-02-20,The God of Truth,"Psalm 119:1-4,11,14,29,38,45,130,135,151-152",To Know the Living God; The Majesty of God,other,topical,0.75,series: attributes of God; notes: 'Psalm 119... is itself God's Word of Truth'; selected verses on inspiration,,
keller-1818|psalms,psalms,keller,2004-12-19,Grace and Glory,Psalm 113:1-9,Proverbs: True Wisdom for Living,other,topical,0.75,Christmas sermon in Proverbs series; notes: 'Psalm 113... song of Hannah... song of Mary... infinitely high becoming inconceivably low',,
keller-1581|psalms,psalms,keller,2000-09-10,Considering the Great Love of God,Psalm 107:31-43,"Four Ways to Live, Four Ways to Love",other,topical,0.75,"series_ctx: Four Ways to Live, 2/5 Psalms (God's attributes); notes: 'only when we see the tension... can we truly ponder the love of God'",,
keller-1365|psalms,psalms,keller,1997-07-13,A Christian’s Weeping,Psalm 126,Happiness and Weeping,other,topical,0.75,"series_ctx: Happiness and Weeping, 1/2 Psalms; notes: 'Psalm 126 tells us 3 things about how we're supposed to address our sorrows'",,
eleven22-0yQijGbIWqLEchHc0jhvKu|revelation,revelation,eleven22,2026-01-05,The End,Revelation 21,,other,topical,0.75,notes: 'we trace the arc from Christmas to eternity... what the Bible actually teaches about heaven',,
cotcny-6eql3xgIxKjhvIbkCQj97B|revelation,revelation,cotcny,2024-09-23,From Platforms to Pillars,Revelation 3,Mark Sayers,other,springboard,0.75,"notes: 'how to become a pillar for God despite living in a ""platform society""... need for spiritual revival'",,
keller-2072|revelation,revelation,keller,2009-04-12,The New Heaven and New Earth,Revelation 21:1-7,Bible: The Whole Story - Redemption and Restoration,study,,0.75,"notes: 'He wrote it for a group of people facing terrible things, in order to give them a living hope'",,
keller-2070|revelation,revelation,keller,2009-04-05,The Wedding Feast of the Lamb,Revelation 19:1-10,Bible: The Whole Story - Redemption and Restoration,study,,0.75,"notes: 'vision of the marriage supper of the Lamb... three figures: a prostitute, a Lamb, and a bride' (multi-book Bible story series)",,
bridgetown-2BbtQZLwkLOvjPpzbbjFMW|romans,romans,bridgetown,2024-05-12,Groaning,Romans 8:22-27,The Gifts of the Spirit for the work of the Kingdom,other,topical,0.75,series: Gifts of the Spirit; notes: 'giving us particular gifts to help us in our suffering',,
bridgetown-0UkFxy7L2QFVD87GTUEXXa|romans,romans,bridgetown,2024-02-11,Fasting,Romans 12:1,Unforced Rhythms of Grace,other,springboard,0.75,series: Unforced Rhythms of Grace; notes: 'holiness in a culture of indulgence... through the practice of fasting. From Romans 12v1',,
eleven22-5mVNPuzl2E9jJJMQMT4zPz|romans,romans,eleven22,2021-12-26,Where Have All the Good Men Gone?,Romans 5:17,Stand Alone,other,springboard,0.75,series: Stand Alone; notes: 'To STAND UP and act like a man you must first BOW DOWN',,
cotcny-6TGTxNCsVj6njtK1bN8LS8|romans,romans,cotcny,2019-04-30,Gospel,Romans 1:16-17,Kingdom Values,other,topical,0.75,"series: Kingdom Values; notes: 'examining the first priority of the Kingdom of Heaven, the announcement of the Gospel'",,
eleven22-5osYkIwYu9mLkBA8JYhnRq|romans,romans,eleven22,2016-09-25,Where Have All the Good Men Gone?,Romans 5:17,,other,springboard,0.75,notes: 'To STAND UP and act like a man you must first BOW DOWN' + Roosevelt 'man in the arena',,
keller-2460|romans,romans,keller,2016-05-08,Love and Forgiveness,Romans 12:9-21,What We Are Becoming: Transforming Love,other,topical,0.75,series: Transforming Love; notes: 'the marks of a supernaturally changed heart... patience and graciousness',,
keller-1663|romans,romans,keller,2002-02-10,Receptive Grace,1 Corinthians 8:4-11; Romans 15:1-7,Practical Grace; How the Gospel Transforms Character,other,topical,0.75,series: Practical Grace; 1 Cor 8 + Rom 15; notes: 'something better than tolerance... gospel-receptivity',,
keller-1368|romans,romans,keller,1997-08-17,The War Between Your Selves (Part 1),Romans 7:1-25,The War Between Your Selves,study,,0.75,"two-part series on Romans 7; notes: 'If you look at Romans 7, you'll see 1) the battle you can't win, 2) the battle you can't lose'",,
keller-1044|romans,romans,keller,1994-02-27,Cross: The Way to Know Yourself,Romans 8:1-17,The Cross and Your Life,other,topical,0.75,series: The Cross and Your Life; notes: 'The cross... reshapes a Christian's self-image',,
keller-1038|romans,romans,keller,1994-02-13,Cross: The Way to Forgiveness,Romans 5:1-10,The Cross and Your Life,other,topical,0.75,series: The Cross and Your Life; notes: 'resources to deal with guilt... feeling of guilt; God's dealing with guilt',,
keller-1028|romans,romans,keller,1993-12-19,Jesus Our Gift,Romans 8:32,Understanding Jesus,other,topical,0.75,series: Understanding Jesus (Christmas); notes: 'Jesus was not just born... he was given to us',,
keller-923|romans,romans,keller,1992-11-29,God Descending: His Incarnation,Romans 1:1-4,The Attributes of God,other,topical,0.75,series: The Attributes of God; title 'God Descending: His Incarnation',,
bridgetown-1JKKhTrqHwV0bhUkZO9gHv|ruth,ruth,bridgetown,2024-07-15,The Epilogue,Ruth 4:18-22,Ruth,study,,0.75,notes: 'God's redeeming love ... in the book of Ruth'; Ruth series epilogue 4:18-22,,
keller-1384|ruth,ruth,keller,1997-10-19,An Immigrant’s Courage,Ruth 4:13-17,Pointers to Christ - Directional Signs in History,study,,0.75,notes: 'ambiguity in the text... three redeemers in this story'; Naomi/Ruth as Moabite immigrants,,
cotcny-7vfTz0AouT0sAJdjwYrP1c|song-of-songs,song-of-songs,cotcny,2018-07-10,Week 3 - Passionate Prayer Pursues,Song of Songs 3,Teach Us To Pray,other,springboard,0.75,series: Teach Us To Pray; notes: 'why we should long for and pursue daily encounters with God's presence',,
bridgetown-1LcotQ9IP0VjpRs8ElmGLy|zephaniah,zephaniah,bridgetown,2024-12-15,Joy,Zephaniah 3:14-20,Advent 2024,other,topical,0.75,series: Advent 2024; title: 'Joy'; no notes,,
bridgetown-1LNWd4RJkGopQ6R9eQbZOC|1-corinthians,1-corinthians,bridgetown,2024-05-05,Prophecy,1 Corinthians 14:1-4,The Gifts of the Spirit for the work of the Kingdom,other,topical,0.8,series: Gifts of the Spirit; notes: 'practical exploration of the biblical gift of prophecy',,
bridgetown-1tbOdVdIhLkAvnAgCwdDOA|1-corinthians,1-corinthians,bridgetown,2024-04-28,Discernment,1 Corinthians 12:1-11,The Gifts of the Spirit for the work of the Kingdom,other,topical,0.8,series: Gifts of the Spirit; notes: 'Discerning God's voice in our lives begins by recognizing...',,
bridgetown-3tvbijoQ9e3HVbW5Um77XV|1-corinthians,1-corinthians,bridgetown,2023-05-07,The Spirit Speaks through Prophecy,1 Corinthians 14:1-4,"Hearing God: Listening to the Still, Small Voice of the Holy Spirit",other,topical,0.8,series: Hearing God; notes: 'introduction to prophetic listening and prayer',,
cotcny-5m1ylR7OeqfmrTK6DCbhB8|1-corinthians,1-corinthians,cotcny,2019-06-28,From Proficiency to Spiritual Power,1 Corinthians 4:20,Revival,other,springboard,0.8,"series: Revival; notes: 'move beyond proficiency and competence to humility, hunger, and spiritual power' from 4:20",,
keller-3344|1-corinthians,1-corinthians,keller,2010-05-30,Self-Control,1 Corinthians 9:23-10:13,The Real Signs of the Spirit,other,topical,0.8,series: The Real Signs of the Spirit; notes: 'We all have a problem with self-control',,
keller-2117|1-corinthians,1-corinthians,keller,2010-04-11,Love and the Fruit of the Spirit,1 Corinthians 13:1-13,The Real Signs of the Spirit,other,topical,0.8,series: The Real Signs of the Spirit; notes: 'mistake a morally restrained heart for a supernaturally changed heart',,
keller-1667|1-corinthians,1-corinthians,keller,2002-03-10,Enduring Grace,1 Corinthians 9:23-27; 10:11-13,Practical Grace; How the Gospel Transforms Character,other,topical,0.8,series: Practical Grace; notes: 'explosion of 12-step groups... problem with self-control',,
keller-1660|1-corinthians,1-corinthians,keller,2002-01-20,Forgiving Grace,"Matthew 18:21-35; 1 Corinthians 13:4,6",Practical Grace; How the Gospel Transforms Character,other,secondary,0.8,"passage: Matthew 18:21-35 primary, 1 Cor 13:4,6 support; notes on patience",,
keller-1056|1-john,1-john,keller,1994-04-10,The Freedom of Obedience (1st),1 John 2:1-8,Ten Commandments 1994,other,topical,0.8,series: Ten Commandments 1994 (1st); no notes,,
bridgetown-0QpfgUknCroYvdF75WNXOC|1-kings,1-kings,bridgetown,2023-05-21,"The Spirit Speaks to the Soul, Pt. 2",1 Kings 19:1-13,"Hearing God: Listening to the Still, Small Voice of the Holy Spirit",other,topical,0.8,"series: Hearing God: Listening to the Still, Small Voice",,
keller-1288|1-kings,1-kings,keller,1996-10-13,Elijah and the Voice,1 Kings 19:9-18,Daring to Draw Near,study,,0.8,"series: Daring to Draw Near; notes: 'Right before this moment... spectacular event... Elijah is afraid, running for his life'",,
keller-635|1-peter,1-peter,keller,1990-01-21,Passive Discipline,1 Peter 1:1-9,"Growth in Christ, Part 1",other,topical,0.8,series: Growth in Christ; notes: 'Nobody grows without trouble... How can you make sure you don't waste your sorrows?',,
cotcny-58aM7vJYjbesLhXpkhMRpm|1-samuel,1-samuel,cotcny,2018-07-24,Week 5 - Stand Up,,Teach Us To Pray,other,topical,0.8,series: Teach Us To Pray; notes: 'choosing to stand up and believe in the power of God again',,
eleven22-4ny9J4EFCSP3CS0TS5JkNN|1-timothy,1-timothy,eleven22,2016-11-13,"Outside the Kingdom, Hell",1 Timothy 2:3-4,,other,topical,0.8,"title: 'Outside the Kingdom, Hell'; notes: 'The reality of Hell should...'",,
cotcny-49T28H2giUUCiGLtR5xiQC|2-corinthians,2-corinthians,cotcny,2019-05-21,Mission,2 Corinthians 5:20-22,Kingdom Values,other,topical,0.8,series: Kingdom Values; notes: 'examining the Mission of God',,
keller-1293|2-corinthians,2-corinthians,keller,1996-10-20,Paul and the Thorn,2 Corinthians 12:1-10,Daring to Draw Near,study,,0.8,series: Daring to Draw Near; notes: 'Paul is writing... to the church at Corinth. There were false teachers... his revelations are different',,
keller-1034|2-corinthians,2-corinthians,keller,1994-01-23,Jesus as King: The King of Hearts,2 Corinthians 10:1-6,Understanding Jesus,other,topical,0.8,series: Understanding Jesus; notes: 'Jesus Christ carries out his office of King',,
cotcny-7jbjhFEcozm6DoiCYZGRtK|2-kings,2-kings,cotcny,2018-08-14,"Week 8 - Can't Stop, Won't Stop",2 Kings 13:18,Teach Us To Pray,other,springboard,0.8,series: Teach Us To Pray; notes: 'need to pray without ceasing' from striking ground 13:18,,
bridgetown-6ZX4A41l68t9hiWIRaX9nO|2-samuel,2-samuel,bridgetown,2025-11-03,The Presence-Centered Life,2 Samuel 6:6-11,A Prayer Shaped Life,other,topical,0.8,"series: A Prayer Shaped Life; notes: 'Prayer is not only something we say, it's a way we live'",,
cotcny-3rk0n0TAKf5ywcGMraSldH|2-timothy,2-timothy,cotcny,2025-03-24,Disciple Making,2 Timothy 2:1-2,Missional Formation,other,topical,0.8,series: Missional Formation; notes: 'core competencies of living life on mission',,
cotcny-11eRTp9Qqd4eAsnuUYuJQG|2-timothy,2-timothy,cotcny,2019-05-30,Power,2 Timothy 1:6-8,Kingdom Values,other,topical,0.8,"series: Kingdom Values; notes: 'examining the Power of God, the Holy Spirit'",,
bridgetown-0Z2nrPH7G54VrFkVBvk3dK|acts,acts,bridgetown,2024-05-26,Tongues,Acts 2:1-4,The Gifts of the Spirit for the work of the Kingdom,other,topical,0.8,series: Gifts of the Spirit; notes: 'Gift of Tongues... Acts 2v1-4 and 1 Corinthians 14',,
bridgetown-0NZOdTBWBVLJiQBJ1SEL5A|acts,acts,bridgetown,2023-11-07,Community As Home,Acts 5:42,Community,other,topical,0.8,series: Community (mostly Gospels); notes: 'teaches from Acts 5v42',,
bridgetown-26iQcloxskyE35BVkLtemx|acts,acts,bridgetown,2022-02-27,Unceasing Prayer,Acts 13:1-3,Teach Us to Pray,other,topical,0.8,series: Teach Us to Pray; title: Unceasing Prayer; no notes,,
keller-2096|acts,acts,keller,2009-11-15,Hope for the City,Acts 8:1-8,"The Gospel, Hope, and the World",other,topical,0.8,notes: 'Christians need to be devoted to cities... population of cities exploding',,
keller-1358|acts,acts,keller,1997-06-01,The New City,Acts 2:1-12,The Real Jesus Part 4; The Lord,study,,0.8,"series: The Real Jesus; notes: 'Exodus 18-20... Sinai... here in Acts... new mountain, new ministry, new people'",,
keller-681|acts,acts,keller,1990-08-05,Blueprint for Revival: Introduction (Part 2),Acts 2:37-47,Revival,other,topical,0.8,series: Revival; notes: 'Five key components... keep a church balanced',,
keller-679|acts,acts,keller,1990-07-29,Blueprint for Revival: Introduction (Part 1),Acts 2:37-47,Revival,other,topical,0.8,series: Revival; notes: 'Distorted views of revival... can inspire revival',,
bridgetown-5T67TkArXlsutUnTKNo3Aw|amos,amos,bridgetown,2022-09-18,Raise Up the Tabernacle of David,Amos 9:11-12,Vision 2022: A House of Prayer For All Nations,other,springboard,0.8,series: Vision 2022: A House of Prayer For All Nations; no notes,,
bridgetown-47QMGwqXsZUwQlD7D0pL1n|colossians,colossians,bridgetown,2025-10-05,"Prayer as Be, Become, Do",Colossians 4:2-6,A Prayer Shaped Life,other,topical,0.8,"series: A Prayer Shaped Life; notes: 'Prayer is not only something we say, it's a way we live'",,
keller-1662|colossians,colossians,keller,2002-02-03,Resting Grace,Colossians 3:1-15,Practical Grace; How the Gospel Transforms Character,other,topical,0.8,series: Practical Grace; notes: 'A trait... of a supernaturally changed heart is peace',,
keller-1061|colossians,colossians,keller,1994-05-01,The Freedom of Truth (2nd),Colossians 1:15-23,Ten Commandments 1994,other,topical,0.8,series: Ten Commandments 1994 (2nd commandment); no notes,,
bridgetown-2JMEhb7IJHz4OEKNREgA3P|daniel,daniel,bridgetown,2026-01-25,Pride,Daniel 4:4-9,7 Deadly Sins,other,topical,0.8,series: 7 Deadly Sins; notes: 'how pride unravels us',,
keller-608|deuteronomy,deuteronomy,keller,1989-09-24,Introduction to the Ten Commandments,Deuteronomy 4:8–14,Ten Commandments 1989,other,topical,0.8,series: Ten Commandments 1989 (introduction),,
keller-1372|ecclesiastes,ecclesiastes,keller,1997-09-07,The Professor’s Disillusionment,Ecclesiastes 2:17-26,Pointers to Christ - Directional Signs in History,study,,0.8,"notes: 'the teacher is looking at life in two different ways, and... keeps going back and forth between them'",,
keller-2171|ephesians,ephesians,keller,2011-05-01,The Grace of God,Ephesians 2:1-10,To Know the Living God; The God Who Makes Alive,other,topical,0.8,series_ctx: attributes of God 1/8 Eph; notes: 'This sermon looks at the grace of God',,
keller-2143|ephesians,ephesians,keller,2010-10-17,Our Work and Our Character,"Ephesians 5:21, 6:5-9",The Gospel and the World,other,topical,0.8,series_ctx: 'The Gospel and the World' 1/6 Eph; notes: 'what Paul says... historical context' on work,,
keller-2135|ephesians,ephesians,keller,2010-08-29,The Gifts of the Spirit,Ephesians 4:1-13,The Holy Spirit,other,topical,0.8,series_ctx: Holy Spirit topical 2/4 Eph; notes: 'theology of spiritual gifts... three questions of this text',,
keller-2134|ephesians,ephesians,keller,2010-08-22,Life in the Spirit,Ephesians 5:15-21,The Holy Spirit,other,topical,0.8,series_ctx: Holy Spirit topical 2/4 Eph; notes: 'Paul commands... be filled with the Spirit... ask this short text',,
keller-3342|ephesians,ephesians,keller,2010-05-16,Integrity,Ephesians 4:15-16; 25-30,The Real Signs of the Spirit,other,topical,0.8,series_ctx: Real Signs of the Spirit (fruit) 1/8 Eph; notes: 'Ephesians 4 shows us... problem of practicing truthfulness',,
keller-2016|ephesians,ephesians,keller,2008-04-13,Singing,Ephesians 5:18-21,Practicing The Christian Life,other,topical,0.8,"series_ctx: Practicing the Christian Life, 1/11; notes: 'spiritual disciplines... most commanded Christian practice' (singing)",,
keller-1781|ephesians,ephesians,keller,2004-03-28,The Experience of Hope,Ephesians 3:14-21; 1 John 3:1-3,Living in Hope,other,topical,0.8,"series_ctx: Living in Hope, 2/8; refs: Eph 3 + 1 John 3; notes: 'the experience of hope'",,
keller-1665|ephesians,ephesians,keller,2002-03-03,Passionate Grace,Ephesians 4:15-25,Practical Grace; How the Gospel Transforms Character,other,topical,0.8,"series_ctx: Practical Grace, 2/10; notes: 'In Ephesians 4:15... truthing in love'",,
eleven22-5y0VgLI6LyH7NrZqmOtwTG|exodus,exodus,eleven22,2016-10-16,Stand Firm,Exodus 15:3,,other,springboard,0.8,notes: 'To Stand up and Act like Men we must dress ourselves for battle'; Ex 15:3 + Gen + Eph,,
keller-1071|exodus,exodus,keller,1994-06-19,The Freedom of Simplicity; Against Theft and Envy (8th),"Exodus 20:15, Ephesians 4:28",Ten Commandments 1994,other,topical,0.8,series: Ten Commandments 1994 (8th commandment); paired with Eph 4:28; no notes,,
cotcny-5aKfrVHTa3KOOwx824Nkyx|galatians,galatians,cotcny,2020-05-25,Self-Control in a Time of Self-Fulfillment,,Church in a time of Crisis,other,topical,0.8,series: Church in a Time of Crisis; notes: 'self-control... sacrificial stewardship of the self',,
cotcny-6CZKOIM2AbY80hGqtRvT8e|galatians,galatians,cotcny,2020-05-11,Faithfulness in a Time of Compromise,,Church in a Time of Crisis,other,topical,0.8,series: Church in a Time of Crisis; notes: 'faithfulness in a time of compromise',,
cotcny-0Jy0K8aEwIE4FQa17oJysb|galatians,galatians,cotcny,2020-03-31,Love In A time of Selfishness,,Church in a Time of Crisis,other,topical,0.8,series: Church in a Time of Crisis; notes: 'love in a time of selfishness',,
keller-660|galatians,galatians,keller,1990-04-08,Self-Control (Part 1),Galatians 5:19-26,Fruit of the Spirit,other,topical,0.8,series: Fruit of the Spirit; notes: 'what self-control is... how to get self-control',,
bridgetown-4Pv8MJwCpKzH3LrB6vQTe6|genesis,genesis,bridgetown,2024-03-03,Sabbath,Genesis 2:1-3,Unforced Rhythms of Grace,other,topical,0.8,series_ctx: 1/12 Genesis (spiritual practices); notes: 'practice of sabbath. From Genesis 2v1-3',,
keller-2430|genesis,genesis,keller,2016-01-10,Home From Exile,Genesis 3:7-24,What We Are Receiving: The Gospel Goods,other,topical,0.8,series_ctx: Gospel Goods 1/5; notes: 'Genesis 3 tells us... we're homeless... exiles',,
keller-2179|genesis,genesis,keller,2011-07-03,Abraham and the Fire,Genesis 15:1-21,Theophany: Anticipations of Jesus in the Old Testament,other,topical,0.8,series_ctx: Theophany 1/3; notes: 'questions and doubts of Abraham; answers and assurances of God',,
keller-2142|genesis,genesis,keller,2010-10-10,A Vision for Culture-Making,Genesis 1:26-28; 2:2-17,The Gospel and the World,other,topical,0.8,series_ctx: The Gospel and the World 1/6; notes: 'Genesis... best places to learn about the meaning of our work',,
keller-1981|genesis,genesis,keller,2007-09-30,Abraham’s Prayer for the City,Genesis 18:16-33,Real Spirituality - Prayer and Beyond,other,topical,0.8,"series_ctx: Real Spirituality - Prayer, 2/8 Genesis; notes: 'dialogue between Abraham and God... How Abraham prayed'",,
keller-1654|genesis,genesis,keller,2001-12-02,Tamar,"Genesis 38:11-19, 24-30",The Mothers of Jesus,other,topical,0.8,series_ctx: The Mothers of Jesus 1/4; notes: 'Tamar... Judah neglected to... provide... God uses broken people',,
keller-1378|genesis,genesis,keller,1997-09-28,A Prime Minister’s Forgiveness,Genesis 50:15-21,Pointers to Christ - Directional Signs in History,other,topical,0.8,"series_ctx: Pointers to Christ, book-hopping, 3/10 Genesis; notes: 'very end of a very long story... Genesis 37 to 50... Why did Joseph weep?'",,
keller-1376|genesis,genesis,keller,1997-09-21,A Con Artist’s Struggle,Genesis 32:22-32,Pointers to Christ - Directional Signs in History,other,topical,0.8,"series_ctx: Pointers to Christ, book-hopping, 3/10 Genesis; notes: 'Jacob... wrestles him all night... wrestling with God'",,
eleven22-0UP5Q70GQb11hoHKdfLI8M|hebrews,hebrews,eleven22,2021-03-28,Palm Sunday,Hebrews 12:3,,other,topical,0.8,title: 'Palm Sunday'; notes only quote Hebrews 12:3,,
keller-2169|hebrews,hebrews,keller,2011-04-17,The God Who Reconciles Sinners,"Hebrews 9:11-14, 22-26",To Know the Living God; The God Who Makes Alive,other,topical,0.8,series: attributes of God; notes: 'looks at God as the God who reconciles sinners',,
keller-2151|hebrews,hebrews,keller,2010-12-19,God Incarnate (Part 2),Hebrews 2:5-18,To Know the Living God; The God Who Can Be Known,other,topical,0.8,series: To Know the Living God; notes: 'If we can grasp this doctrine... incarnation',,
keller-2094|hebrews,hebrews,keller,2009-11-01,Hope for the Church,Hebrews 10:19-25,"The Gospel, Hope, and the World",other,topical,0.8,"series: The Gospel, Hope, and the World; notes: 'people see the church as a hindrance to their spirituality'",,
keller-1135|hosea,hosea,keller,1995-03-05,Gluttony: The Case of Achan,"Joshua 7:19-26, Hosea 2:13-15",The Seven Deadly Sins,other,topical,0.8,series: The Seven Deadly Sins (Gluttony: Achan); id listed under joshua and hosea; Hosea 2 secondary,,
cotcny-1Hq1mLCcsfpH5gtQS2886p|isaiah,isaiah,cotcny,2020-06-22,A Cry for Breakthrough,Isaiah 53:12,Crying Out,other,springboard,0.8,series: Crying Out; notes: 'intercessory prayer and the spiritual authority' from 53:12,,
cotcny-3sIQHyEN9EJKpTeKV3fpVg|isaiah,isaiah,cotcny,2019-05-13,Identity,Isaiah 43:1,Kingdom Values,other,topical,0.8,series: Kingdom Values; notes: 'examining our Identity... God is the one who names us',,
keller-2330|james,james,keller,2014-08-17,Patience,James 5:7-12,Growth in the Spirit,other,topical,0.8,series: Growth in the Spirit; notes: 'Impatience is almost seen as a virtue in New York City',,
cotcny-6EiecmJEyXg73eX56tiDyx|jeremiah,jeremiah,cotcny,2018-10-16,Commitment Must Be Stronger Than Preference,Jeremiah 31:31-34,,other,topical,0.8,"notes: 'why commitment must be stronger than preference, as part of the This Must Be Stronger Than That series'",,
keller-2152|jeremiah,jeremiah,keller,2011-01-09,Our Covenant God,Jeremiah 31:31-34,To Know the Living God; The Majesty of God,other,topical,0.8,series: To Know the Living God (attributes); notes: 'One of God's attributes is that he is a covenant God',,
keller-1492|jeremiah,jeremiah,keller,1999-02-14,How Sin Makes Us Addicts,Jeremiah 2:1-8; 23-32,What's Really Wrong with the World,other,topical,0.8,series: What's Really Wrong with the World; notes: 'The definition of sin is when you replace God...',,
keller-1232|jeremiah,jeremiah,keller,1996-02-11,Sin as Unbelief,Jeremiah 17:5-13,The Faces of Sin,other,topical,0.8,series: The Faces of Sin; notes: 'This text is about how to deal with your anxiety and worries',,
bridgetown-0Pw32tqoKxLqKfgP0dRIi4|john,john,bridgetown,2025-09-21,Rule of Life,John 15:9-17,In Portland as it is In Heaven,other,springboard,0.8,notes: 'reorient ourselves around our vision... deepen our practice of Community',,
eleven22-3ltCnwkaEKwWl8gVYeXC1O|john,john,eleven22,2025-09-21,It Is Well,John 6,,other,springboard,0.8,notes: 'Horatio Spafford... Worship is war'; John 6 used for worship theme,,
cotcny-6b8CvnnfxiBdeU75SZWg3P|john,john,cotcny,2025-09-15,The Flock,,Making Sense of Church,other,topical,0.8,series: Making Sense of Church; notes: 'crisis of trust... leadership... Church as the Flock',John 10:1-18,
bridgetown-39nXUIupypHC8YeYN6sDRq|john,john,bridgetown,2025-05-25,Self-Giving Love,John 15:9-13,God is Love,other,topical,0.8,series: God is Love; notes: 'God is love (1 John 4v8)',,
bridgetown-6SOwcyj3UavOf91sKJRSsQ|john,john,bridgetown,2024-03-25,"Rule of Life, Pt. 2",John 15:1-5,Unforced Rhythms of Grace,other,topical,0.8,series: Unforced Rhythms of Grace; notes: 'The 9 core practices... rule of life',,
eleven22-38JJnZYXZbsKKCU6E4p0lN|john,john,eleven22,2023-10-29,Abundant Work,John 10:10,,other,springboard,0.8,"notes: 'If God works, then working is Godly... the 10:10 Life' campaign",,
bridgetown-20EzF21qlEfzG6aJr1WKoL|john,john,bridgetown,2023-04-16,The Living Word,John 1:1-4,"Hearing God: Listening to the Still, Small Voice of the Holy Spirit",other,topical,0.8,"series: Hearing God: Listening to the Still, Small Voice of the Holy Spirit; no notes",,
bridgetown-3Va3ByI8dRuyPhr8GDpp4C|john,john,bridgetown,2022-09-25,Unceasing Prayer,John 8:2-11,Vision 2022: A House of Prayer For All Nations,other,springboard,0.8,"series: Vision 2022; notes: 'John 8v2-11, 1 Thessalonians 5v17. A vision for reclaiming the early church prayer rhythm'",,
eleven22-3TcjaQME85W3ZBwLkDIioj|john,john,eleven22,2022-03-06,Mount Moriah – Do You Live As Though You Can Save Yourself?,John 3:16,,other,secondary,0.8,title: Mount Moriah (Genesis 22); John 3:16 supporting,,
eleven22-309r0XBe6nkJRT2Lspm3Ic|john,john,eleven22,2019-04-07,Temptation of Jesus,John 5:39,,other,secondary,0.8,title: Temptation of Jesus (Matt 4/Luke 4); John 5:39 supporting,,
eleven22-3uqHPzqhjFVu7EKOB8x8ob|john,john,eleven22,2019-03-10,Abraham and Isaac,John 3:16,,other,secondary,0.8,title: Abraham and Isaac (Genesis 22); John 3:16 as fulfillment,,
keller-2509|john,john,keller,2017-03-19,Testimony,John 15:22-27,"Jesus, Mission, and Glory: New Life",study,,0.8,nearby: run through John 14-21; notes: 'night before Jesus was to be killed... in John 15 Jesus goes into more detail',,
keller-2507|john,john,keller,2017-03-12,Conflict,John 15:18-23; 16:1-4,"Jesus, Mission, and Glory: New Life",study,,0.8,nearby: run through John 14-21; notes: 'Before Jesus is about to die... training his disciples... warning over and over',,
keller-2166|john,john,keller,2011-04-03,The Wrath of God,John 18:1-14,To Know the Living God; The God Who Makes Alive,other,topical,0.8,notes: 'attributes of God... wrath of God',,
keller-2162|john,john,keller,2011-03-13,The Love of God,Psalm 145:14-20; John 15:9-15,To Know the Living God; The God Who Makes Alive,other,topical,0.8,notes: 'attributes of God... love of God'; Psalm 145 + John 15,,
keller-1633|john,john,keller,2001-08-19,Arguing About Predestination,John 6:41-48,Arguing With Jesus,other,topical,0.8,"notes: 'we will look at the doctrine of predestination, or election'",,
keller-1446|john,john,keller,1998-05-24,The Humility of Jesus,John 8:1-11,The Fruit of the Spirit - The Character of Christ,other,topical,0.8,series: Fruit of the Spirit; notes: 'Galatians 5... meekness',,
keller-687|john,john,keller,1990-08-26,Blueprint for Revival: Community,John 17:20-26,Revival,other,topical,0.8,series: Revival; title: 'Blueprint for Revival: Community',,
keller-685|john,john,keller,1990-08-19,Blueprint for Revival: Worship,John 4:19-39,Revival,other,topical,0.8,series: Revival; title: 'Blueprint for Revival: Worship',,
keller-683|john,john,keller,1990-08-12,Blueprint for Revival: Truth,John 17:6-17,Revival,other,topical,0.8,series: Revival; title: 'Blueprint for Revival: Truth',,
keller-1135|joshua,joshua,keller,1995-03-05,Gluttony: The Case of Achan,"Joshua 7:19-26, Hosea 2:13-15",The Seven Deadly Sins,other,topical,0.8,series: The Seven Deadly Sins (Gluttony: Achan); id listed under joshua and hosea; Hosea 2 secondary,,
cotcny-4wlizTOYDLZbflHRe61ec7|judges,judges,cotcny,2026-01-12,The Altar of the Home,Judges 6,God Comes Where He's Wanted,other,springboard,0.8,series: God Comes Where He's Wanted; notes: 'altar of the home... generational drift... Matthew 18... blessing young people',,
bridgetown-5IgbW1nrWDchzRHec36tVz|luke,luke,bridgetown,2022-11-20,Kinship,Luke 16:19-31,A House of Prayer For All Nations,other,topical,0.8,"notes: 'we trace the biblical concept of justice through Hebrew language, arriving at kinship'",,
cotcny-1Xd6J211kzl3Sru8RxA5Uw|luke,luke,cotcny,2022-05-03,Through Disappointment,,Seeing Jesus,study,,0.8,notes: 'walking through Jesus' post-resurrection encounter with two... disciples on their journey to Emmaus... broke this story down into three acts and an epilogue',Luke 24:13-35,
cotcny-32OMOSQypCNAOWGVXJpK7v|luke,luke,cotcny,2018-09-03,Week 11 - Missional Prayer,Luke 10,Teach Us To Pray,other,topical,0.8,series: Teach Us To Pray; notes: 'how we play into the plan of Jesus' strategy to reach the lost',,
cotcny-1qtgzl5Ybk9O2tU21gOMma|luke,luke,cotcny,2018-07-31,Week 6 - Prayer Of Relinquishment,Luke 22,Teach Us To Pray,other,topical,0.8,series: Teach Us To Pray; notes: 'on the stages of prayer that lead to a relinquishing of our desires',Luke 22:39-46,
eleven22-0dopSGgBl8H9ErGKFJhGAX|luke,luke,eleven22,2017-04-02,One More,Luke 19:10,,other,springboard,0.8,notes: 'the RESCUED will stop at nothing to tell the world about the RESCUER',,
eleven22-1RrHY4a8JgcxOHt1Rw3VET|luke,luke,eleven22,2015-03-15,Tabernacle,Luke 9:30-31,,other,secondary,0.8,notes: 'The tabernacle reveals to us God's Desire to dwell with His People'; Luke 9:30-31 and John 1:14 as supporting texts,,
keller-1644|luke,luke,keller,2001-10-21,Two Men With Money,2 Kings 5:13-19; Luke 19:5-10,,other,topical,0.8,notes: 'grasping the grace...changes our relationship to our money'; paired with 2 Kings 5,,
keller-1429|luke,luke,keller,1998-04-05,Blessed Are the Poor,Luke 6:20-26,The Church - How to Believe Despite Christians,other,topical,0.8,series: The Church; notes: 'one of the marks of the church...care and involvement with the poor' (Edwards),,
keller-1340|luke,luke,keller,1997-03-30,Long Live the King! (Easter),Luke 24:1-12,The Real Jesus Part 3; The King,study,,0.8,notes: 'this one here in Luke is the only account...two angels...Why do you look for the living',,
keller-1033|luke,luke,keller,1994-01-16,Jesus as Prophet (Part 2),Luke 24:44-53,Understanding Jesus,other,topical,0.8,series: Understanding Jesus; notes: 'this prophetic ministry of Christ',,
keller-1580|mark,mark,keller,2000-08-27,Camels and Money,Mark 10:17-27,The Hard Sayings of Jesus 2000,other,topical,0.8,series 'Hard Sayings of Jesus 2000' hops books; notes: 'spiritual dangers of money and wealth',,
keller-1049|mark,mark,keller,1994-03-20,Cross: The Way to Servanthood,Mark 10:35-45,The Cross and Your Life,other,topical,0.8,series 'The Cross and Your Life' 1/9 Mark; notes: 'Jesus came to give his life as a ransom...servanthood',,
keller-877|mark,mark,keller,1992-06-03,"Camels, Needles and Riches",Mark 10:23,Hard Sayings of Jesus 1993,other,topical,0.8,series 'Hard Sayings of Jesus' hops books; notes: 'story of the rich young ruler...wealth and goodness',Mark 10:17-27,
cotcny-2YaerA9BQDzXwYRfaBxWua|matthew,matthew,cotcny,2026-06-15,Fear,Matthew 25,FREED,other,topical,0.8,series: FREED; notes: 'sermon on fear... unpacked Jesus' parable of the talents',Matthew 25:14-30,
cotcny-1elqrDQgijCndGuQP9wr2m|matthew,matthew,cotcny,2026-06-08,Unforgiveness,Matthew 18,Freed,other,topical,0.8,series: FREED; notes: 'unforgiveness... one of the most ignored sources of bondage',Matthew 18:21-35,
cotcny-7ACS8CkAUuzDldMF0qRvS7|matthew,matthew,cotcny,2026-03-30,Rest For Your Soul,Matthew 11,Come to Me,other,topical,0.8,"notes: 'three reasons to come to Jesus: longing, forgiveness, and rest'; cultural moment",Matthew 11:28-30,
cotcny-4IPccVdcDGQcrXu15NjH2k|matthew,matthew,cotcny,2025-11-10,The City on a Hill,Matthew 5,Making Sense of Church,other,topical,0.8,series: Making Sense of Church; notes: 'the Church as the City on a Hill',Matthew 5:14-16,
cotcny-7pm9zNxUEBHX1S9yP4Q1ls|matthew,matthew,cotcny,2024-11-26,Multiplication,Matthew 28,Formed,other,topical,0.8,series: Formed; notes: 'importance of multiplication laid out in the Great Commission',Matthew 28:18-20,
eleven22-5IZBQrQcxtfjkNcubDIRrd|matthew,matthew,eleven22,2024-10-27,Grace Forgives,,Run Over by the Grace Train,other,topical,0.8,series: Grace Train; notes: 'Forgiven people forgive people... Fill out the Debt Ledger',,
bridgetown-1Yu36T9P6ZamPsXskZVsmC|matthew,matthew,bridgetown,2024-10-13,For the Sake of the Poor,Matthew 6:19-24,For the Sake of Others,other,topical,0.8,series: For the Sake of Others; title 'For the Sake of the Poor',,
bridgetown-7mVZ2KuSHUMJS98zVySJfa|matthew,matthew,bridgetown,2024-03-19,"Rule of Life, Pt.1",Matthew 9:14-17,Unforced Rhythms of Grace,other,springboard,0.8,notes: 'practiced sustainably... through the ancient way of a rule of life' from Matt 9:14-17,,
bridgetown-0G8hi9LEQkOYaClr9O9niB|matthew,matthew,bridgetown,2024-01-08,9 Core Practices For A Rule of Life,Matthew 11:28-30,Unforced Rhythms of Grace,other,topical,0.8,notes: 'Intro teaching to our new series Unforced Rhythms of Grace'; title '9 Core Practices',,
bridgetown-6tBq7pk0c2bu2gFwCbgZsG|matthew,matthew,bridgetown,2023-11-20,Community As Reconciliation,Matthew 18:15-22,Community,other,topical,0.8,series: Community; title 'Community As Reconciliation',,
bridgetown-03CJvZvPWAH5OCneRfbUm3|matthew,matthew,bridgetown,2023-10-23,Community: Church,Matthew 16:13-20,Community,other,topical,0.8,"series: Community ('Community As Friendship', 'As Home'); title 'Community: Church'",,
bridgetown-696WcnQWcNZxDUCTVcAdI6|matthew,matthew,bridgetown,2022-04-03,Unanswered Prayer Pt. 2,Matthew 7:7-8,In This World You Will Have Trouble,other,topical,0.8,series: In This World You Will Have Trouble; title 'Unanswered Prayer Pt. 2',,
bridgetown-3AeDYI6q5qXEP5m9JtGEzf|matthew,matthew,bridgetown,2022-01-16,Hallowed Be Your Name (Adoration),,Teach Us to Pray,other,topical,0.8,series: Teach Us to Pray; notes: 'what if adoration is more for us than it is for God?',Matthew 6:9,
cotcny-31Tk6T7P03GCMFiYOdPl7q|matthew,matthew,cotcny,2022-01-10,The Lost,,SEEKING GOD,other,secondary,0.8,notes: 'examining the story of Zacchaeus' with Great Commission as support,Luke 19:1-10 (primary); Matthew 28:19,
cotcny-47gpLreRLNsfsEYDvYF2nm|matthew,matthew,cotcny,2019-12-09,With,Matthew 1:21-23,Emmanuel,other,topical,0.8,"notes: Advent, 'from Genesis to Revelation, God's desire is to be with His people'",,
cotcny-3WmAkSmX5JfHxdLPubCa9G|matthew,matthew,cotcny,2018-06-12,Jesus and Mammon,Matthew 6,The Controversial Jesus,other,topical,0.8,notes: 'effect of mammon in our culture and our counter Kingdom story response',Matthew 6:19-34,
cotcny-74AmZdNPOvP99nyfAAWbba|matthew,matthew,cotcny,2018-06-05,Jesus and Violence,Matthew 5,The Controversial Jesus,other,topical,0.8,"notes: 'Does scripture hold a thoroughly peaceful ethic?', series The Controversial Jesus",Matthew 5:38-48,
eleven22-5bG174mQDYnb0UUkPWiCqR|matthew,matthew,eleven22,2016-02-14,Devoted,Matthew 6:24-25,,other,topical,0.8,"notes: 'How would you describe your financial situation? FAITHFUL, FEARFUL, or FALSE SECURITY'",Matthew 6:24-34,
keller-2346|matthew,matthew,keller,2014-10-19,Struggle: Thy Will Be Done,Matthew 26:36-46,The Prayer of Prayers,other,topical,0.8,series: The Prayer of Prayers; notes: 'To understand this phrase [Thy will be done]... when Jesus himself prayed it',,
keller-1502|matthew,matthew,keller,1999-03-28,The Inside Out Kingdom,Matthew 5:11-20,The Mount; Life in the Kingdom,study,,0.8,"series: The Mount (6/10 on Matt 5-7); notes: 'In the Sermon on the Mount, Jesus contrasts two groups... spirit of the law'",,
keller-909|matthew,matthew,keller,1992-10-25,Why Doesn’t Life Make Sense?: His Justice,Matthew 11:20-30,The Attributes of God,other,topical,0.8,series: The Attributes of God; title 'His Justice',,
vintage-sm-1pY6p6AKhuaEExg40j30NO|nahum,nahum,vintage-sm,2026-08-10,The God of Mercy and Judgement,Nahum 1,,study,,0.8,notes: 'teaching through Jonah and Nahum... Looking at Nahum 1... God is both a refuge... and a God who confronts evil and oppression',,
keller-2032|numbers,numbers,keller,2008-09-14,Benediction,Numbers 6:22-27,Liturgy: What We Do in Worship,other,topical,0.8,series: Liturgy: What We Do in Worship; notes: 'What is a benediction?',,
keller-1240|numbers,numbers,keller,1996-03-17,Sin as Slavery,"Numbers 11:4-6,10-20",The Faces of Sin,other,topical,0.8,series: The Faces of Sin; notes: 'Sin is an enslaving power',,
keller-2424|proverbs,proverbs,keller,2015-11-29,The Wisdom of Generosity,Proverbs 10:15,What We Are Giving: The Dynamic of Grace,other,topical,0.8,series: generosity; notes: 'how we can break the power of money over our lives',,
cotcny-5uZuXP5VceZWYbwuiYATll|psalms,psalms,cotcny,2023-06-05,Joining the Chorus,Psalm 148,We Want You Here,other,topical,0.8,"series_ctx: We Want You Here, 1/3 Psalms; notes: 'joining in creation's chorus of praise through Psalm 148'",,
keller-2172|psalms,psalms,keller,2011-05-08,The Beauty of God,Psalm 27:1-14,To Know the Living God; The Adequacy of God,other,topical,0.8,series: To Know the Living God (attributes); notes: 'David's desire to behold the beauty of God... enemies surround him',,
keller-2155|psalms,psalms,keller,2011-01-23,The Unchanging God,Psalm 102:1-4; 18-28,To Know the Living God; The Majesty of God,other,topical,0.8,series: attributes of God; notes: 'he does not change... explore this attribute in Psalm 102',,
keller-2154|psalms,psalms,keller,2011-01-16,Maker of Heaven and Earth,Psalm 8:1-9,To Know the Living God; The Majesty of God,other,topical,0.8,"series: attributes of God (4/7); notes: 'Psalm 8, written by David... wonderful thing David saw'",,
keller-2020|psalms,psalms,keller,2008-04-27,The Bridge to Prayer,Psalm 1:1-6,Practicing The Christian Life,other,topical,0.8,"series_ctx: 3/11, practices series; notes: 'subject of Psalm 1: meditating on the law of the Lord... to the point of delight'",,
keller-2017|psalms,psalms,keller,2008-04-20,Thy Word,Psalm 119,Practicing The Christian Life,other,topical,0.8,"series_ctx: 3/11 Psalms, Christian practices; notes: 'Psalm 119... all about the practical uses of Scripture'",,
keller-3336|psalms,psalms,keller,2008-04-06,Worship,Psalm 95:1-11,Practicing The Christian Life,other,topical,0.8,series_ctx: 3/11 Psalms (spiritual disciplines); notes: 'new series on spiritual disciplines... Psalm 95... what worship is',,
keller-1988|psalms,psalms,keller,2007-11-04,Heman’s Cry of Darkness,"Psalm 88:1-2, 6-18",Real Spirituality - Prayer and Beyond,other,topical,0.8,"series_ctx: 1/8 Psalms, prayer case studies across books; notes: 'a psalm that ends without hope... darkness as its last word'",,
keller-1582|psalms,psalms,keller,2000-09-17,God Our Father,"Psalm 103:1-2, 8-18","Four Ways to Live, Four Ways to Love",other,topical,0.8,"series_ctx: Four Ways to Live, 2/5 Psalms; notes: 'This sermon looks at God as our father... Looking at this Psalm'",,
keller-1245|psalms,psalms,keller,1996-03-31,Healing of Sin (Part 2),Psalm 51,The Faces of Sin,other,topical,0.8,series: Faces of Sin; Palm Sunday; notes: 'Psalm 51 and the story around it... can be repaired... because of what Jesus did',,
keller-1026|psalms,psalms,keller,1993-12-12,Jesus Our King,Psalm 2,Understanding Jesus,other,topical,0.8,series: Understanding Jesus; notes: 'context of Psalm 2... king installed in Jerusalem... messianic psalms',,
eleven22-47MYkYflDYWAvExUdddFaZ|romans,romans,eleven22,2025-11-30,Be A Godly Dad,Romans 8:14-15,,other,topical,0.8,notes: 'Week 7 of Stand Firm & Act Like Men... our calling as dads',,
eleven22-5gfuiKl5y3mcszWMLfvbDG|romans,romans,eleven22,2025-10-05,Come Thou Fount,Romans 7,,other,topical,0.8,notes: 'week four of Worship is War... the story behind Come Thou Fount',,
cotcny-7dgTdd5gHyZpHaqW2P5FH8|romans,romans,cotcny,2024-09-30,Salvation,,Formed,other,topical,0.8,series: Formed; notes: 'confessing Jesus is Lord... forms the foundation of salvation',,
cotcny-56cqWLjPFLNSfcfw3f8uS2|romans,romans,cotcny,2019-01-08,Creating a Culture of Honor,Romans 12:10,,other,springboard,0.8,notes: 'sets our vision for the New Year... God's operating system is honor',,
eleven22-5djhmmpvj4OZF8qmetSps0|romans,romans,eleven22,2015-04-05,"Risen: Opened Eyes, Opened Minds, Burning Hearts",Romans 10:9-10,Easter 2015,other,topical,0.8,"series: Easter 2015; title 'Opened Eyes, Opened Minds, Burning Hearts' (Emmaus); Rom 10:9-10 as 'Final Thought'",,
keller-2124|romans,romans,keller,2010-05-02,Patience,Romans 12:9-21,The Real Signs of the Spirit,other,topical,0.8,series: Real Signs of the Spirit; notes: 'two kinds of patience... Romans 12 is a remarkable passage',,
keller-1515|romans,romans,keller,1999-06-13,Praying in the Spirit,Romans 8:15-27,The Lord's Prayer 1999,other,topical,0.8,"series: The Lord's Prayer 1999; notes: 'To address God as Father... Prayer is primal, realistic, positional'",,
bridgetown-21FTtAVsGF5TbteA9VpyTP|ruth,ruth,bridgetown,2024-07-07,The Wedding,Ruth,"Ruth, Act 4",study,,0.8,notes: 'In the final act of Ruth... marriage of Boaz and Ruth',Ruth 4,
bridgetown-5GEeNgLNg8W2wSzQlLBxSg|1-corinthians,1-corinthians,bridgetown,2026-02-08,Vanity,1 Corinthians 6:19-20,7 Deadly Sins,other,topical,0.85,series: 7 Deadly Sins; notes: 'Vanity often goes unnamed... shame-driven attempt to secure identity',,
cotcny-2WfGbCTRJqu3L18OzTsOEY|1-corinthians,1-corinthians,cotcny,2018-05-01,Jesus and the Gay Community,1 Corinthians 6:11,The Controversial Jesus,other,topical,0.85,"series: The Controversial Jesus; notes: 'Compassion of Jesus, the Church, and the Gay community'",,
keller-3337|1-corinthians,1-corinthians,keller,2008-06-15,Self-Control,1 Corinthians 9:23-27; 10:11-13,Practicing The Christian Life,other,topical,0.85,series: Practicing The Christian Life; notes: 'how a number of practices come together to create... self-control',,
keller-622|1-corinthians,1-corinthians,keller,1989-12-10,Sex and the End of Loneliness (7th),1 Corinthians 6:15-7:5,Ten Commandments 1989,other,topical,0.85,series: Ten Commandments 1989 (7th commandment),,
eleven22-0HdrIt1arO8O73weqvxdz4|1-john,1-john,eleven22,2023-11-26,A Discussion on Discipleship and Mental & Emotional Health,1 John 5:5,,other,springboard,0.85,title: 'Discussion on Discipleship and Mental & Emotional Health'; notes: 988 crisis line,,
keller-650|1-john,1-john,keller,1990-03-25,"Goodness, Faithfulness",1 John 1:5-2:8,Fruit of the Spirit,other,topical,0.85,series: Fruit of the Spirit; notes: 'Goodness and faithfulness... integrity',,
keller-647|1-john,1-john,keller,1990-03-11,Kindness – Overcoming Self-Pity,1 John 3:16-20,Fruit of the Spirit,other,topical,0.85,series: Fruit of the Spirit; notes: 'definition of kindness... counterfeit of kindness',,
keller-645|1-john,1-john,keller,1990-03-04,Patience – Overcoming Anger (Part 2),"1 John 3:11-20, Ephesians 4:26-32",Fruit of the Spirit,other,topical,0.85,series: Fruit of the Spirit; notes: 'Ephesians 4 shows us three things about anger',,
keller-1912|1-peter,1-peter,keller,2006-10-01,"Suffering: If God Is Good, Why Is There So Much Evil in the World?",1 Peter 1:3-12,The Trouble With Christianity: Why It's So Hard to Believe It,other,topical,0.85,series: The Trouble With Christianity; notes: 'the problem of evil and suffering',,
keller-1070|1-timothy,1-timothy,keller,1994-06-19,The Freedom of Simplicity (8th),"1 Timothy 6:6-10, 17-19",Ten Commandments 1994,other,topical,0.85,series: Ten Commandments 1994 (8th),,
keller-629|2-corinthians,2-corinthians,keller,1990-01-07,Overflowing Joy (8th),2 Corinthians 8:1-15,Ten Commandments 1989,other,topical,0.85,series: Ten Commandments 1989; title 'Overflowing Joy (8th)',,
keller-2398|2-samuel,2-samuel,keller,2015-05-31,David’s Passion,2 Samuel 6:1-23,David: The Man of Prayer,study,,0.85,notes: 'this episode in 2 Samuel 6... the death of Uzzah... the ark is given to Obed-Edom',,
keller-2083|2-samuel,2-samuel,keller,2009-08-23,David and Bathsheba,"2 Samuel 11:1-5, 14-17; 12:1-7",The Life of David 2009,study,,0.85,notes: 'woe be unto us if we don't learn what this passage is seeking to teach us',,
keller-2082|2-samuel,2-samuel,keller,2009-08-16,Covenant Love,2 Samuel 9:1-21,The Life of David 2009,study,,0.85,notes: 'This particular incident is about David searching for someone... let's ask the text three questions',,
bridgetown-2iZt1qC8qi2diNXFcIXMmm|2-timothy,2-timothy,bridgetown,2023-04-23,"The Spirit Speaks through the Written Word, Pt. 1",2 Timothy 3:16-17,"Hearing God: Listening to the Still, Small Voice of the Holy Spirit",other,topical,0.85,series: Hearing God; notes: 'five metaphors for understanding the power of Scripture',,
bridgetown-3qRfk8ia02P9L6u71BbTgT|acts,acts,bridgetown,2025-06-08,Creating Love,Acts 2,God is Love,other,topical,0.85,series: God is Love; notes centre on 1 John 4 'God is love',,
eleven22-2yYSLXGt32DD72kaDl4FmB|acts,acts,eleven22,2025-05-11,A Disciple Shares Faith with All People,Acts 1:8,Follow Me,other,topical,0.85,series: Follow Me; notes: 'Sharing your faith... Acts 1:8 and Matthew 4:19',,
bridgetown-5vEUATB2Ee3NHZ1oz2IsMz|acts,acts,bridgetown,2024-03-10,Witness,Acts 1:8,Unforced Rhythms of Grace,other,topical,0.85,series: Unforced Rhythms of Grace (practices); notes: 'through the practice of witness',,
bridgetown-56Vb8nkOqxWAIQ5JhYFl8u|acts,acts,bridgetown,2023-05-25,Finding Yourself in the Story,Acts 9:31,Various Teachings,other,springboard,0.85,notes: 'learn about the Bridgetown Story',,
cotcny-3x0qN8Jwxgqy4VvGsXadfS|acts,acts,cotcny,2018-08-21,Week 9 - Divine Intercession,Acts 12,Teach Us To Pray,other,topical,0.85,series: Teach Us To Pray; notes: 'power of intercessory prayer',,
cotcny-7DLM4gZJqeaI6nqUlY0QKk|acts,acts,cotcny,2018-05-22,"Jesus, Women, and Leadership",Acts 2,The Controversial Jesus,other,topical,0.85,series: The Controversial Jesus; notes: 'Women in leadership... current moment',,
keller-1060|acts,acts,keller,1994-04-24,The Freedom of Service – 2 (1st),Acts 4:7-20; Exodus 20:3,Ten Commandments 1994,other,topical,0.85,series: Ten Commandments 1994 (1st commandment),,
keller-1032|acts,acts,keller,1994-01-09,Jesus as Prophet (Part 1),Acts 3:17-26,Understanding Jesus,other,topical,0.85,series: Understanding Jesus; notes: 'Jesus as a prophet... revealer',,
eleven22-5VCFYLy2e9HwQI3L73zZps|colossians,colossians,eleven22,2015-10-25,First Fruits,Colossians 1:21-23,,other,springboard,0.85,title: First Fruits; notes: 'We BRING to God our FIRST and BEST',,
eleven22-38ar5JBNNun1CKuXPzL1O0|ephesians,ephesians,eleven22,2025-11-18,Be A Godly Husband,Ephesians 5,,other,topical,0.85,notes: 'Week 5 of Stand Firm and Act Like Men' (men's topical series); 'Scripture Passage: Ephesians 5:25-27',Ephesians 5:25-27,
cotcny-77z8ubadtWIcjdio0P3M0R|ephesians,ephesians,cotcny,2024-10-14,Regeneration,Ephesians 2,Formed,other,topical,0.85,series_ctx: 'Formed' doctrinal series 1/4; notes: 'doctrine of regeneration as outlined in Ephesians 2...made alive',,
keller-2416|ephesians,ephesians,keller,2015-11-01,Salvation,Ephesians 1:3-10,What We Believe: Foundations,other,topical,0.85,series_ctx: Apostles' Creed series 2/11 Eph; notes: 'blessed us with every spiritual blessing. This is what we mean by salvation',,
keller-2159|ephesians,ephesians,keller,2011-02-13,The Power of God,Ephesians 1:11-23,To Know the Living God; The Majesty of God,other,topical,0.85,series_ctx: attributes of God 1/7 Eph; notes: 'verse 19... incomparably great power... hyperballon',,
keller-2090|ephesians,ephesians,keller,2009-10-18,Hope for the Family,Ephesians 5:22-33,"The Gospel, Hope, and the World",other,topical,0.85,series_ctx: Hope series 2/8 Eph; notes: 'Wives... grant husbands leadership... pointer to Jesus Christ',,
keller-1989|ephesians,ephesians,keller,2007-11-11,Paul’s Prayer for Experience,Ephesians 3:14-21,Real Spirituality - Prayer and Beyond,other,topical,0.85,"series_ctx: prayer case studies, 1/8 hops books; notes: 'this particular prayer in Ephesians... seek profound... spiritual experience'",,
keller-1779|ephesians,ephesians,keller,2004-03-21,The Grammar of Hope,Ephesians 1:13-23,Living in Hope,other,topical,0.85,"series_ctx: Living in Hope, 2/8; notes: 'what Ephesians 1 tells us about 1) the importance of hope, 2) the content'",,
keller-1516|ephesians,ephesians,keller,1999-06-20,Father’s Day Message,Ephesians 6:4,,other,topical,0.85,"no series; title 'Father's Day Message'; notes: 'According to Paul in the book of Ephesians, parents must...'",,
keller-645|ephesians,ephesians,keller,1990-03-04,Patience – Overcoming Anger (Part 2),"1 John 3:11-20, Ephesians 4:26-32",Fruit of the Spirit,other,topical,0.85,"series_ctx: Fruit of the Spirit, 2/11 Ephesians; notes: 'Ephesians 4 shows us three things about anger'",,
bridgetown-1vd9koYcr7fNES5Del8VQA|genesis,genesis,bridgetown,2026-02-22,Work,Genesis 1:27-28,The Good News About Our Bodies,other,topical,0.85,series_ctx: 1/6 Genesis (Good News About Our Bodies); notes: 'created in God's image to rule by working and keeping his world',,
cotcny-0nr1o8aTP8Jg46SaKGPQQl|genesis,genesis,cotcny,2021-03-06,Rebellion,Genesis 3,Sin,other,topical,0.85,"series: 'Sin' topical; notes: 'sin as rebellion... same lies Adam and Eve believed in Genesis 3... God pursues, covers'",,
keller-2412|genesis,genesis,keller,2015-10-18,Sin,Genesis 2:16-17; 3:1-9,What We Believe: Foundations,other,topical,0.85,"series_ctx: What We Believe 1/11; notes: 'story of Adam and Eve... root of sin, essence, signs, solution'",,
keller-1226|genesis,genesis,keller,1996-01-21,Sin as Predator,Genesis 4:3-15,The Faces of Sin,other,topical,0.85,series_ctx: Faces of Sin 1/10; notes: 'sin hides itself. It crouches... You must master it',,
keller-1149|hebrews,hebrews,keller,1995-04-02,Wrath: The Case of Esau,Hebrews 12:14-17,The Seven Deadly Sins,other,topical,0.85,series: The Seven Deadly Sins; title 'Wrath: The Case of Esau',,
keller-2446|isaiah,isaiah,keller,2016-03-20,Doing Justice and Mercy,Isaiah 58:1-14,Where We Are Going: The City and the Mission,other,topical,0.85,"notes: 'a piece of the vision of Redeemer... Today, we're looking at social justice'",,
keller-1072|james,james,keller,1994-06-26,The Freedom of Truth – 2 (9th),James 3:1-12,Ten Commandments 1994,other,topical,0.85,series: Ten Commandments 1994 (9th),,
keller-633|james,james,keller,1990-01-14,Rich in Faith (8th),James 2:1-17,Ten Commandments 1989,other,topical,0.85,series: Ten Commandments 1989 (8th),,
bridgetown-4k3vMctzGM6E5s8BIbKCZL|jeremiah,jeremiah,bridgetown,2024-12-02,Hope,Jeremiah 33:14-16,Advent 2024,other,topical,0.85,series: Advent 2024; title 'Hope'; no notes,,
bridgetown-3fAUNb9xyPY4T3NZeQxtTp|job,job,bridgetown,2022-04-07,A God of Love. A World of Suffering.,,Lecture,study,,0.85,notes: 'Tim Mackie... discusses the Book of Job'; book overview lecture,,
bridgetown-2MncbwSjj7mQu7wkg8EQ7R|john,john,bridgetown,2026-02-16,Gluttony,John 6:47-58,7 Deadly Sins,other,springboard,0.85,series: 7 Deadly Sins; notes: 'Gluttony... our habits with food and drink' from bread of life text,,
bridgetown-1YbXW2LeOQc6TAdIXqgFFV|john,john,bridgetown,2025-11-23,Evening: Pray Examen,John 8:31-36,A Prayer Shaped Life,other,topical,0.85,series: A Prayer Shaped Life; notes: 'the Examen invites us to slow down',,
bridgetown-0YynEwx4hJcRNHHC3OV9Vi|john,john,bridgetown,2025-11-10,Morning: Pray Scripture,John 8:31-36,A Prayer Shaped Life,other,topical,0.85,"series: A Prayer Shaped Life; notes: 'daily rhythms of prayer - morning, midday, and evening'",,
eleven22-5LS4MgxE7CdCLocG2H1VOd|john,john,eleven22,2024-12-08,Why Do You Doubt?,,When He Asks,other,springboard,0.85,notes: 'enemy wants you to believe your doubts... do whatever Jesus tells us',,
bridgetown-1KsR5EKxDQpsYt7nC7XNTn|john,john,bridgetown,2023-11-13,Community As Wonder,John 1:43-46,Community,other,topical,0.85,series: Community ('Community As Wonder'); no notes,,
bridgetown-33cog5uqDV2CPq2XlYxWVr|john,john,bridgetown,2023-10-30,Community As Friendship,John 15:12-17,Community,other,topical,0.85,series: Community ('Community As Friendship'); no notes,,
bridgetown-1NFncevZluzxLkEdiyBTNN|john,john,bridgetown,2023-10-09,Community As Formation,John 15:1-12,Community,other,topical,0.85,series: Community ('Community As Formation'); no notes,,
eleven22-7vdsA33Ta7ls2PKP7avnS1|john,john,eleven22,2020-03-08,Smyrna – Suffer Well,John 16:33,,other,secondary,0.85,title: Smyrna - Suffer Well (Revelation 2); John 16:33 supporting,,
keller-2125|john,john,keller,2010-05-09,Kindness,John 15:6-15,The Real Signs of the Spirit,other,topical,0.85,series: Real Signs of the Spirit; notes: 'How do you talk about kindness?... friendship',,
keller-1698|john,john,keller,2002-11-24,The Serpent in the Desert,"Numbers 21:4-9; John 3:7-10, 14,15",The Gospel According to Moses: Discovering the Lost Language of Salvation,other,secondary,0.85,series: Gospel According to Moses; passage: Numbers 21:4-9 primary,,
keller-1350|john,john,keller,1997-05-04,Thomas Meets Jesus,John 20:24-31,The Real Jesus Part 4; The Lord,study,,0.85,notes: 'My Lord and my God!... This is what John has been trying to get us to',,
keller-1341|john,john,keller,1997-04-06,Mary Meets Jesus,John 20:10-18,The Real Jesus Part 4; The Lord,study,,0.85,"notes: 'first of the accounts... Mary Magdalene... verse 10, Then the disciples'",,
keller-1306|john,john,keller,1996-11-24,Lord of the Whips,John 2:12-25,The Real Jesus Part 2: His Life,study,,0.85,"notes: 'In John 2, John puts the changing of water into wine... and the cleansing of the temple together'",,
keller-1303|john,john,keller,1996-11-17,Lord of the Wine,John 2:1-11,The Real Jesus Part 2: His Life,study,,0.85,series: Real Jesus; notes: 'first miracle was... a miraculous sign... How does this reveal his glory?',,
keller-1186|john,john,keller,1995-08-27,Moses and the Bronze Serpent,"Numbers 21:4-9, John 3:12-17",Life of Moses,other,secondary,0.85,series: Life of Moses; passage: Numbers 21:4-9 primary,,
keller-632|john,john,keller,1990-01-14,Active Discipline,John 8:31-39,"Growth in Christ, Part 1",other,topical,0.85,series: Growth in Christ; notes: 'simplest of all of the disciplines: You have to obey',,
bridgetown-7GPIrQtsznJQixOLuP2gKU|jonah,jonah,bridgetown,2026-01-11,Anger,Jonah 4:1-9,7 Deadly Sins,other,topical,0.85,series: 7 Deadly Sins; notes: 'Anger has become normalized in our world',,
keller-609|jonah,jonah,keller,1989-10-01,First of All (1st),Jonah 1:1-10,Ten Commandments 1989,other,topical,0.85,series: Ten Commandments 1989 (1st),,
eleven22-6KcUtLf2zhjrjkAbwrMxSQ|luke,luke,eleven22,2025-12-28,Simeon,Luke 2,,other,topical,0.85,series: Real Men of Christmas; notes: 'what do we see in Simeon that points us to what a real man truly is?',Luke 2:21-33,
eleven22-2fYgnmhJGPNxtLWwos86jr|luke,luke,eleven22,2025-12-14,Shepherds,Luke 2:8-20,,other,topical,0.85,"series: Real Men of Christmas; notes: 'God used these unnoticed, rugged men to teach us what real strength looks like'",,
bridgetown-2rX0dOJGLpXIYcnsWUJb6k|luke,luke,bridgetown,2025-10-26,Prayer as “Doing What Jesus Did”,Luke 10:25-37,A Prayer Shaped Life,other,topical,0.85,"series: A Prayer Shaped Life; notes: 'prayer is not only something we say, it's a way we live'",,
eleven22-2rznUhIRdANCM21AcfYkeA|luke,luke,eleven22,2025-09-14,Because He Lives,Luke 10:17-20,,other,springboard,0.85,notes: 'Worship is a weapon God has placed in the hands of His people... fight from victory',,
bridgetown-1y2t2zugeDBaO26XyZtnHW|luke,luke,bridgetown,2024-02-18,Service,Luke 10:25-37,Unforced Rhythms of Grace,other,topical,0.85,series: Unforced Rhythms of Grace; notes: 'through the practice of Service',,
eleven22-0bxEDFN9sdwRpFVbGSZY6w|luke,luke,eleven22,2019-01-27,Watch Your Mouth,Luke 6:45,,other,topical,0.85,notes: 'Should I say it? Is it gospel (grace-filled) truth? Is it timely? Is it helpful?' (Luke 6:45 + Eph 4:29),,
keller-2426|luke,luke,keller,2015-12-06,The Grace of Generosity,Luke 18:18-30,What We Are Giving: The Dynamic of Grace,other,topical,0.85,series: What We Are Giving; notes: 'gospel changes the way we look at our money',,
eleven22-0CXF9tRvMouXgZYabSoxy3|luke,luke,eleven22,2014-12-14,Not So Silent Night,Luke 19:10,,other,springboard,0.85,notes: 'As soon as you were rescued you became a part of the rescue team: 1.Pray... 2.Invite someone to church... 4.COMMIT TO ATTEND',,
keller-2344|luke,luke,keller,2014-10-12,Hope: Thy Kingdom Come,"Luke 6:20-26, 46-49",The Prayer of Prayers,other,topical,0.85,"series: The Prayer of Prayers; notes: 'What does it mean to pray, Thy kingdom come?'",,
keller-2013|luke,luke,keller,2008-03-30,I Am Sending You,John 20:19-22; Luke 24:36-49,St. John's Passion,other,secondary,0.85,series: St. John's Passion; passage John 20:19-22 primary,,
keller-1923|luke,luke,keller,2006-11-05,Literalism: Isn’t the Bible Historically Unreliable and Regressive?,Luke 1:1-4; 24:13-32,The Trouble With Christianity: Why It's So Hard to Believe It,other,topical,0.85,series: Trouble With Christianity; notes: 'you should trust the Bible',,
keller-1448|luke,luke,keller,1998-05-31,The Zeal of Jesus,Luke 4:1-15,The Fruit of the Spirit - The Character of Christ,other,topical,0.85,series: Fruit of the Spirit; notes: 'last fruit...self-control...what temptation is',,
keller-1444|luke,luke,keller,1998-05-17,The Patience of Jesus,Luke 17:3-19,The Fruit of the Spirit - The Character of Christ,other,topical,0.85,series: Fruit of the Spirit; notes: 'practice of forgiveness in the Christian life',,
keller-1360|luke,luke,keller,1997-06-08,Hell,Luke 16:19-21,Heaven and Hell,other,topical,0.85,series: Heaven and Hell; title 'Hell'; no notes,,
keller-1345|luke,luke,keller,1997-04-13,Two Meet Jesus,Luke 24:13-32,The Real Jesus Part 4; The Lord,study,,0.85,notes: 'If Luke only preserves three...these three...convey the meaning of the resurrection',,
keller-1335|luke,luke,keller,1997-03-16,The King Is Dying,Luke 23:26-43,The Real Jesus Part 3; The King,study,,0.85,"notes: 'Jesus meets three sets of people...Father, forgive them'",,
keller-1332|luke,luke,keller,1997-03-09,The King Is Abandoned,Luke 22:31-53,The Real Jesus Part 3; The King,study,,0.85,"notes: 'three people who are brought out in the book of Luke...Judas, Peter and the Father'",,
keller-1320|luke,luke,keller,1997-01-26,With the Powerless,Luke 7:36-50,The Real Jesus Part 2: His Life,study,,0.85,series: Real Jesus; notes: 'In Luke 7...Simon...the woman...3 waves',,
keller-690|luke,luke,keller,1990-09-02,Blueprint for Revival: Social Concern,Luke 10:25-37,Revival,other,topical,0.85,series: Revival; title 'Blueprint for Revival: Social Concern',,
keller-1864|malachi,malachi,keller,2005-11-06,The Gospel and Your Wealth,"Malachi 3:1-4, 8-10;4:1-6",The Vision of Redeemer,other,topical,0.85,series: The Vision of Redeemer; notes: 'Money will always reveal what you truly worship... God's money managers',,
eleven22-7lI5GbazvseY0kAvqy7O0w|mark,mark,eleven22,2019-11-24,If You Can,Mark 9,,other,springboard,0.85,notes: 'God could use YOU to be that miracle...rescued from poverty...compassion.com' (child sponsorship),,
bridgetown-0Ylm7iCuhkHmHdEreS7A0z|matthew,matthew,bridgetown,2026-09-28,Rule of Life,Matthew 11:28-30,,other,topical,0.85,notes: 'explore how a shared rule of life can anchor us in God's love',,
cotcny-5O8jz2ppfRtqZoJYQFGIx0|matthew,matthew,cotcny,2026-05-18,Anxiety,Matthew 6:25-34,FREED,other,topical,0.85,series: FREED; notes: 'freedom from anxiety. Drawing from Matthew 6:25-34 and Philippians 4:6-7',,
bridgetown-5mlNIElsxNSm85SHhQphUx|matthew,matthew,bridgetown,2026-03-30,"Sexuality, What Does The Bible Really Teach?",Matthew 19:4-6,The Good News About Our Bodies,other,topical,0.85,"notes: 'what the Bible says about same-sex relationships, walking through key passages'",,
bridgetown-4XBbprVQOnVIztoysXAmBS|matthew,matthew,bridgetown,2026-03-16,"Sexuality, The Cultural Story",Matthew 16:2-3,The Good News About Our Bodies,other,springboard,0.85,notes: 'explores the cultural story of the sexual revolution' from Matt 16:2-3,,
bridgetown-17ylloG72nABhXUxdiB9Hv|matthew,matthew,bridgetown,2026-02-02,Sloth,Matthew 25:14-30,7 Deadly Sins,other,topical,0.85,series: 7 Deadly Sins; notes: 'parable of the talents exposes how sloth takes root',,
bridgetown-4H96D8XpdWVyvVQ1pUYqze|matthew,matthew,bridgetown,2025-09-29,A Community of Counter-Formation,Matthew 5:48,In Portland as it is in Heaven,other,springboard,0.85,notes: 'reorient ourselves around our vision... practice of Community' from Matt 5:48,,
bridgetown-6X0cO05PKZIGh5mBl1zyXy|matthew,matthew,bridgetown,2025-09-07,Practicing the Way of Jesus,Matthew 7:13-14,In Portland as it is in Heaven,other,springboard,0.85,notes: 'reorient ourselves around our vision... deepen our practice of Community',,
cotcny-07D4Iz2nMfAn3urADLoB3r|matthew,matthew,cotcny,2024-02-26,Lust,Matthew 5,Seven Deadly Sins,other,topical,0.85,series: Seven Deadly Sins; notes: 'teaching on the destructive power of lust',Matthew 5:27-30,
cotcny-1P0RVt5xeSRc6y3pG0j4bo|matthew,matthew,cotcny,2018-04-23,Sexual Formation,Matthew 5,The Controversial Jesus,other,topical,0.85,"notes: 'how does sexuality relate to discipleship', series The Controversial Jesus",Matthew 5:27-30,
cotcny-4QxGJjQYaxvXxNUNIhOp4Q|matthew,matthew,cotcny,2018-04-17,Controversial Singleness,Matthew 19,The Controversial Jesus,other,topical,0.85,"notes: 'on the rise of singleness in our culture', series The Controversial Jesus",Matthew 19:10-12,
keller-2335|matthew,matthew,keller,2014-09-07,The Great Question: Are You the One?,Matthew 11:1-6,Matthew 11 - The One Who Gives You Rest,study,,0.85,series: Matthew 11; notes: '1) John's condition; 2) John's question; 3) Jesus' credentials; 4) Jesus' challenge',,
keller-2177|matthew,matthew,keller,2011-06-12,The Triune God,Matthew 28:16-20,To Know the Living God; The Adequacy of God,other,topical,0.85,series: To Know the Living God; notes: 'The trinity is one of the most unique... teachings',,
keller-2023|matthew,matthew,keller,2008-05-18,Forgiveness and Reconciliation,"Matthew 18:15-17, 23-35",Practicing The Christian Life,other,topical,0.85,series: Practicing The Christian Life; notes: 'We're in a series on Christian practices',,
keller-1660|matthew,matthew,keller,2002-01-20,Forgiving Grace,"Matthew 18:21-35; 1 Corinthians 13:4,6",Practical Grace; How the Gospel Transforms Character,other,topical,0.85,series: Practical Grace; notes: 'we come now to patience',,
keller-1140|matthew,matthew,keller,1995-03-19,Greed: The Case of the Rich Young Ruler,Matthew 19:16-25,The Seven Deadly Sins,other,topical,0.85,series: The Seven Deadly Sins; title 'Greed: The Case of the Rich Young Ruler',,
keller-1129|matthew,matthew,keller,1995-02-12,Duplicity: The Case of Peter,Matthew 26:69-75,The Seven Deadly Sins,other,topical,0.85,series: The Seven Deadly Sins; title 'Duplicity: The Case of Peter',,
keller-2332|micah,micah,keller,2014-08-24,Goodness,Micah 6:6-8,Growth in the Spirit,other,topical,0.85,"series: Growth in the Spirit (fruit: Patience, Goodness); notes: 'what the Bible means by good'",,
keller-1132|numbers,numbers,keller,1995-02-26,Envy: The Case of Israel,Numbers 11:4-6,The Seven Deadly Sins,other,topical,0.85,series: The Seven Deadly Sins (Envy),,
keller-2414|philippians,philippians,keller,2015-10-25,Incarnation,Philippians 2:1-11,What We Believe: Foundations,other,topical,0.85,series_ctx: 1/11 doctrinal 'What We Believe'; notes: 'Paul takes... the problem of fighting... brings to bear the incarnation',,
keller-3343|philippians,philippians,keller,2010-05-23,Humility,Philippians 2:1-11,The Real Signs of the Spirit,other,topical,0.85,series_ctx: 2/8 fruit-of-Spirit series; notes: 'let's look in Philippians 2 at this concept of humility',,
keller-3341|philippians,philippians,keller,2010-04-25,Peace,Philippians 4:4-12,The Real Signs of the Spirit,other,topical,0.85,series_ctx: 2/8 fruit-of-Spirit series; notes: 'three things from this classic passage in Philippians 4... the secret of peace',,
cotcny-1iK87tVxrwCGJ3qyOlWDAw|proverbs,proverbs,cotcny,2020-12-14,Defiant Joy,Proverbs 13:12,A Defiant Christmas,other,topical,0.85,series: A Defiant Christmas; notes: 'in the midst of our Advent series... defiant Joy',,
keller-1069|proverbs,proverbs,keller,1994-06-12,The Freedom of Purity; The Sanctity of Sex (7th),Proverbs,Ten Commandments 1994,other,topical,0.85,series: Ten Commandments 1994; title 'Sanctity of Sex (7th)',,
keller-1067|proverbs,proverbs,keller,1994-05-29,The Freedom of Authority (5th),"Proverbs 23:12-16, 22-25",Ten Commandments 1994,other,topical,0.85,series: Ten Commandments 1994; title '(5th)',,
keller-2273|psalms,psalms,keller,2013-08-25,God at Work,Psalm 111,Open My Lips: Studies in the Psalms,study,,0.85,series: 'Studies in the Psalms'; notes: 'These two psalms are each 10 verses. Psalm 111 describes the great God',,
keller-2272|psalms,psalms,keller,2013-08-18,God of the Nations,Psalm 96,Open My Lips: Studies in the Psalms,study,,0.85,"series: 'Studies in the Psalms' 2/2; notes: 'Psalm 96 is an astonishingly happy psalm... trees, the earth, and the sea'",,
keller-2156|psalms,psalms,keller,2011-01-30,The God Who Is Everywhere,Psalm 139:1-24,To Know the Living God; The Majesty of God,other,topical,0.85,series: attributes of God; notes: 'omnipresence... three things this psalm tells us about the presence of God',,
keller-1243|psalms,psalms,keller,1996-03-24,Healing of Sin (Part 1),Psalm 51:1-10,The Faces of Sin,other,topical,0.85,series: The Faces of Sin (2/10 Psalms); notes: 'the classic... passage in all of the Bible on... repentance',,
bridgetown-4ueDS7y5hEYTClBxChXot4|revelation,revelation,bridgetown,2026-03-08,"Sexuality, The Jesus Story",Revelation 19:6-7,The Good News About Our Bodies,other,topical,0.85,series: The Good News About Our Bodies; notes: 'How do our bodies and our sexuality fit into the larger story',,
eleven22-79esHyfA8ZeujVsaa30bAv|revelation,revelation,eleven22,2015-09-13,The Lord,Revelation 3:20,,other,springboard,0.85,notes: 'wants YOU to Discover and Deepen a Relationship with Him' using Rev 3:20 as evangelistic invitation,,
keller-2028|revelation,revelation,keller,2008-06-29,The First and the Last,Revelation 1:7-20,Revelation: Jesus' Letters to the Church,study,,0.85,notes: 'Jesus appears to the now elderly apostle John on the isle of Patmos... three vivid contrasts',,
keller-1359|revelation,revelation,keller,1997-06-08,Heaven,Revelation 21:21-22:5,Heaven and Hell,other,topical,0.85,series: Heaven and Hell; notes: 'new heaven and the new earth... reason to participate in restoring this fallen world',,
bridgetown-2nlnEqnh5kMtjHdrn6Cw6I|romans,romans,bridgetown,2026-01-04,Envy,Romans 7:7-12,7 Deadly Sins,other,topical,0.85,series: 7 Deadly Sins; notes: 'examining envy and the disordered desires beneath it',,
keller-3340|romans,romans,keller,2010-04-18,Joy,Romans 5:1-11,The Real Signs of the Spirit,other,topical,0.85,series: Real Signs of the Spirit; notes: 'fruit of the Spirit in Galatians 5... the first of these: joy',,
keller-1057|romans,romans,keller,1994-04-17,The Freedom of Service (1st),Romans 1:18-25,Ten Commandments 1994,other,topical,0.85,series: Ten Commandments 1994; title 'The Freedom of Service (1st)',,
keller-619|romans,romans,keller,1989-11-19,Secret Treason,Romans 1:18–24,Ten Commandments 1989,other,topical,0.85,series: Ten Commandments 1989; no notes,,
cotcny-7FcjJjRt52GNSLDcErSZIb|titus,titus,cotcny,2024-10-21,Sanctification,Titus 2:11-12,Formed,other,topical,0.85,series: Formed; notes: 'a teaching on the doctrine of sanctification',,
keller-2027|1-corinthians,1-corinthians,keller,1990-04-15,Self-Control (Part 2),Ephesians 2:1-3; Luke 11:14-26; 1 Cor. 9:23-27; Gen 3:1-6;39:7-2,Fruit of the Spirit,other,topical,0.9,"series: Fruit of the Spirit; multi-passage (Eph, Luke, 1 Cor 9, Gen) on self-control",,
keller-2943|1-corinthians,1-corinthians,keller,1990-02-04,Love – Overcoming Fear,1 Corinthians 13,Fruit of the Spirit,other,topical,0.9,series: Fruit of the Spirit; notes: 'what it means to study the fruit of the Spirit',,
keller-2081|1-samuel,1-samuel,keller,2009-06-14,God Promises to Send David to His People,"1 Samuel 1:4-11, 2:6-10",The Life of David 2009,study,,0.9,"notes: 'This is the introduction to the book, 1 Samuel, which is about David... Hannah's tears, Hannah's turn, Hannah's song'",,
keller-2084|2-samuel,2-samuel,keller,2009-09-13,David Fails the Lord,2 Samuel 24:10-25,The Life of David 2009,study,,0.9,notes: 'the author of 1 and 2 Samuel... This is the last chapter... the climax of his book',,
cotcny-3AyZF98w55lnO6UojlPiF7|acts,acts,cotcny,2025-07-14,The Shocking Gift of the Spirit,Acts 10,the Fifth Act,study,,0.9,notes: 'continued our series through the Book of Acts... Acts 10 and 11... Spirit... also on Gentiles',{'passage': 'Acts 10-11'},
eleven22-077SYd4AURlZcUvQFZEyN4|acts,acts,eleven22,2022-09-18,Sunday,,Saturated 2022,other,unclear,0.9,title: Sunday; no notes or passage,,
keller-2420|ephesians,ephesians,keller,2015-11-15,The Church,Ephesians 2:11-22,What We Believe: Foundations,other,topical,0.9,series_ctx: Apostles' Creed series; notes: 'passage from Ephesians 2... power to get along with people radically different',,
cotcny-7L1YippuIkOxnDdPkiYxjp|habakkuk,habakkuk,cotcny,2019-09-09,Culture,Habakkuk 3:2,Fall Vision Day 2019,other,springboard,0.9,series: Fall Vision Day 2019; notes: 'three stories from members of our community',,
bridgetown-6CIf1sDp7Yv2LXeSAzkM4d|hebrews,hebrews,bridgetown,2024-01-15,Prayer,Hebrews 5:7,Unforced Rhythms of Grace,other,topical,0.9,series: Unforced Rhythms of Grace (practices); notes: 'through the practice of prayer. From Hebrews 5v7',,
keller-2026|hebrews,hebrews,keller,2008-06-08,Hospitality,Hebrews 13:1-14,Practicing The Christian Life,other,topical,0.9,series: Practicing The Christian Life; notes: 'the practice of hospitality',,
keller-615|hebrews,hebrews,keller,1989-11-05,Entering His Rest (4th),Hebrews 4:1-12,Ten Commandments 1989,other,topical,0.9,series: Ten Commandments 1989 (4th); notes: 'The weekly Sabbath points to a deeper rest',,
keller-644|james,james,keller,1990-02-25,Patience (Part 1),James 5:7-16,Fruit of the Spirit,other,topical,0.9,series: Fruit of the Spirit; notes: 'patience... fruit of the Spirit',,
eleven22-1HkPMyRBmxsJBRlH7vOxY7|john,john,eleven22,2023-11-05,Abundant Treasure,John 10:10,,other,springboard,0.9,"notes: '10:10 Life... leverage everything... time, talent and treasure'; giving appeal",,
keller-2120|john,john,keller,1990-02-11,Joy – Overcoming Boredom,John 16:16-22,Fruit of the Spirit,other,topical,0.9,series: Fruit of the Spirit; notes: 'To look at the fruit of joy',,
bridgetown-167fRopwavHeRN3owUJPN8|luke,luke,bridgetown,2026-01-18,Greed,Luke 12:13-34,7 Deadly Sins,other,topical,0.9,"series: 7 Deadly Sins; notes: 'this week explores the psychology, sociology, and spirituality of greed'",,
eleven22-2dmw6T0bkmSBuSICPUNFeT|luke,luke,eleven22,2016-10-23,Be Strong,Luke 11:21,,other,springboard,0.9,notes: 'True strength is not found in position... (Luke 11:21; 2 Cor 12:10; Josh 1:9)'; Act Like Men,,
keller-1919|luke,luke,keller,2006-10-22,Hell: Isn’t the God of Christianity an Angry Judge?,Luke 16:19-31,The Trouble With Christianity: Why It's So Hard to Believe It,other,topical,0.9,series: The Trouble With Christianity; notes: 'Christian teaching that God is a judge',,
keller-2027|luke,luke,keller,1990-04-15,Self-Control (Part 2),Ephesians 2:1-3; Luke 11:14-26; 1 Cor. 9:23-27; Gen 3:1-6;39:7-2,Fruit of the Spirit,other,topical,0.9,"series: Fruit of the Spirit; notes on self-control from Mark 5, multi-text",,
keller-1066|matthew,matthew,keller,1994-05-15,The Freedom of Commitment (3rd),Matthew 7:15-23,Ten Commandments 1994,other,topical,0.9,series: Ten Commandments 1994; title 'The Freedom of Commitment (3rd)',,
keller-621|matthew,matthew,keller,1989-12-03,Love Your Enemies (6th),Matthew 5:21-24; 38-48,Ten Commandments 1989,other,topical,0.9,series: Ten Commandments 1989; title 'Love Your Enemies (6th)',,
cotcny-0h3pF4HudoMQ3msXhWK8f7|philippians,philippians,cotcny,2026-04-20,Past,Philippians 3,FREED,other,springboard,0.9,"series_ctx: 1/5 'FREED' topical; notes: ACE score, 'can you be free from your past?' via 'forgetting what is behind'",,
bridgetown-1bR4N334yoYwG12IvKqsHv|revelation,revelation,bridgetown,2025-11-17,Midday: Pray Compassion,Revelation 5:8,A Prayer Shaped Life,other,topical,0.9,series: A Prayer Shaped Life; notes: 'Prayer is where compassion is born' (Rev 5:8 + Ps 56:8),,
keller-2029|revelation,revelation,keller,2008-08-17,Letter to the Church in Laodicea,Revelation 3:14-22,Revelation: Jesus' Letters to the Church,study,,0.9,notes: 'The city of Laodicea was a medical center... church in Laodicea is spiritually sick',,
keller-1803|revelation,revelation,keller,2004-10-03,Strangeness and the Order of God,Proverbs 5:16-23; Revelation 21:1-5,Proverbs: True Wisdom for Living,other,secondary,0.9,"series: Proverbs: True Wisdom for Living; passage Proverbs 5:16-23 primary, Rev 21 paired",,
bridgetown-3AlKPJEEBlUug21TPxie2M|ruth,ruth,bridgetown,2024-06-09,3 Births & 3 Deaths,Ruth 1:1-5,Ruth,study,,0.9,"notes: 'An introduction into the book of Ruth; ...two migrant, childless widows'",,
keller-1814|titus,titus,keller,2004-11-28,A Broken Wall,Proverbs 18:10; 23:19-21; 25:28; Titus 2:11-14,Proverbs: True Wisdom for Living,other,secondary,0.9,series: Proverbs: True Wisdom for Living; notes: 'We learn three things from Proverbs about self-control',,
