episode_id,status,date,series,title,speaker,minutes,passage,other_refs_in_desc,overridden,spotify_title,ref_source,ai_kind,ai_confidence,ai_refs,ai_rationale,ai_pass,series_key,series_tag
2ea8GwCOmR4xUZzuuc2AR9,mapped,2026-09-28,Manifesto of Fruitfulness,The Fruit of the Spirit,Jon Tyson,51,Galatians 5:13-26,,,Manifesto of Fruitfulness | The Fruit of the Spirit - Jon Tyson,regex,,,,,,manifesto of fruitfulness|2026-09,
1YGYwCGaqbnZQbVWkas4FF,mapped,2026-09-21,Manifesto of Fruitfulness,The 100x Life,Jon Tyson,62,Luke 8:4-15,,,Manifesto of Fruitfulness | The 100x Life - Jon Tyson,regex,,,,,,manifesto of fruitfulness|2026-09,
4t3D72K7iKl2IQtaEFuro1,mapped,2026-09-14,Manifesto of Fruitfulness,An invitation to a life of joy and love,Jon Tyson,53,John 15,,,Manifesto of Fruitfulness  | An invitation to a life of joy and love - Jon Tyson,regex,,,,,,manifesto of fruitfulness|2026-09,
5MAfqq0F7FxtIma1hgE8sW,mapped,2026-09-07,FOLLOW,Multiplication,Billy Sprague,47,,,,FOLLOW | Multiplication - Billy Sprague,ai,book,0.95,matthew 28,"Go and make disciples, Great Commission",1,follow|2026-06,
2ZUCshgERUTSG9C9I5HGF5,mapped,2026-08-31,FOLLOW,Worshipping,Raegan Griffith,39,,,,FOLLOW | Worshipping - Raegan Griffith,series,book,0.75,matthew 26,"Woman pouring perfume on Jesus, within Matthew series",1,follow|2026-06,FOLLOW (follow|2026-06): matthew 10.0/10.0 votes
4jGzo3cyckZ11Hq31vg4XO,mapped,2026-08-24,FOLLOW,Confronting,Tim Brown,49,Matthew 23,,,FOLLOW | Confronting - Tim Brown,regex,,,,,,follow|2026-06,
5CpZudvOnUkhk2di0BlGaO,mapped,2026-08-17,FOLLOW,Servanthood,Keithen Schwahn,52,Matthew 20:25-28,,,FOLLOW | Servanthood - Keithen Schwahn,regex,,,,,,follow|2026-06,
6QCbIlGVPDduQKcySpq33f,mapped,2026-08-10,FOLLOW,Loving,Tim Brown,52,,,,FOLLOW | Loving - Tim Brown,series,book,0.8,matthew 22,"Love God with heart soul mind strength, Matthew series",1,follow|2026-06,FOLLOW (follow|2026-06): matthew 10.0/10.0 votes
6ScZU5a50r3kkL6FMW2sXW,mapped,2026-08-04,FOLLOW,Rest,Ralph Castillo,41,Matthew 11:25-12:21,,,FOLLOW | Rest - Ralph Castillo,regex,,,,,,follow|2026-06,
3ZXFazC4TecBIBvzIwIN56,mapped,2026-07-27,FOLLOW,Healing,Dr. Ron Walborn,45,Matthew 8:1-4,,,FOLLOW | Healing - Dr. Ron Walborn,regex,,,,,,follow|2026-06,
1Rmw38KLUTcqzRPa4lDgFj,mapped,2026-07-20,FOLLOW,Obedience,Dr. Wanda Walborn,41,Matthew 7:21-27,,,FOLLOW | Obedience - Dr. Wanda Walborn,regex,,,,,,follow|2026-06,
0gK3soz7WX1Z2d2oIKab3e,mapped,2026-07-13,FOLLOW,Seeking,Ralph Castillo,34,,,,FOLLOW | Seeking - Ralph Castillo,ai,book,0.92,matthew 6,"Seek first the kingdom, Matthew 6:33; Matthew series",1,follow|2026-06,
3WJs56MllxSZfOXircoIou,mapped,2026-07-06,FOLLOW,Resist,Raegan Griffith,43,Matthew 4:1-11,,,FOLLOW | Resist - Raegan Griffith,regex,,,,,,follow|2026-06,
1WAnqO2rywvXzt1DphDa5I,mapped,2026-06-29,FOLLOW,Apprenticeship,Keithen Schwahn,50,Matthew 4:18-22,,,FOLLOW | Apprenticeship - Keithen Schwahn,regex,,,,,,follow|2026-06,
24HUi4u1mJnBRHcGd1x9oW,mapped,2026-06-22,FREED,Oppression,Sam Gibson,41,Colossians 1,,,FREED | Oppression - Sam Gibson,regex,,,,,,freed|2026-04,
2YaerA9BQDzXwYRfaBxWua,mapped,2026-06-15,FREED,Fear,Luke Lefevre,46,Matthew 25,,,FREED | Fear - Luke Lefevre,regex,,,,,,freed|2026-04,
1elqrDQgijCndGuQP9wr2m,mapped,2026-06-08,Freed,Unforgiveness,Tim Brown,44,Matthew 18,,,Freed | Unforgiveness - Tim Brown,regex,,,,,,freed|2026-04,
4B3md0ht4kzoDh0gaXPoRu,mapped,2026-06-01,Freed,Rejection,Sam Gibson,40,Romans 8,,,Freed | Rejection - Sam Gibson,regex,,,,,,freed|2026-04,
7q97rzafF9aGyNzExUqUFj,mapped,2026-05-25,Freed,Shame,Jon Tyson,62,John 7:53-8:11,,,Freed | Shame - Jon Tyson,regex,,,,,,freed|2026-04,
5O8jz2ppfRtqZoJYQFGIx0,mapped,2026-05-18,FREED,Anxiety,Raegan Griffith,45,Matthew 6:25-34,Philippians 4:6-7,,FREED | Anxiety - Raegan Griffith,regex,,,,,,freed|2026-04,
5STgr5mZH8ul69YelC355j,mapped,2026-05-11,Freed,Idolatry,Ralph Castillo,41,Jeremiah 2,Luke 15,,Freed | Idolatry - Ralph Castillo,regex,,,,,,freed|2026-04,
1jcNUpef2Hn4HQmDep8VPz,mapped,2026-05-04,Freed,Lies,Tim Brown,47,John 8:31-47,,,Freed | Lies - Tim Brown,regex,,,,,,freed|2026-04,
4362x7iDGGKI55of567iQf,mapped,2026-04-27,Freed,Sin,Sam Gibson,45,1 John 1:5-10,,,Freed | Sin - Sam Gibson,regex,,,,,,freed|2026-04,
0h3pF4HudoMQ3msXhWK8f7,mapped,2026-04-20,FREED,Past,Jon Tyson,57,Philippians 3,,,FREED | Past - Jon Tyson,regex,,,,,,freed|2026-04,
4Q9OIdUpV0zIRB60VLwCEk,mapped,2026-04-13,FREED,The Call to Freedom,Jon Tyson,40,,,,FREED | The Call to Freedom - Jon Tyson,ai,book,0.85,galatians 5,Description says Paul in Galatians frames freedom.,2,freed|2026-04,
1I1VNTJ1zxsE90VskIZFAg,mapped,2026-04-07,Easter,Resurrecting Hope,Jon Tyson,40,,,,Easter | Resurrecting Hope - Jon Tyson,ai,book,0.9,luke 24,Emmaus road story.,2,easter|2026-04,
7ACS8CkAUuzDldMF0qRvS7,mapped,2026-03-30,Come to Me,Rest For Your Soul,Jon Tyson,50,Matthew 11,,,Come to Me | Rest For Your Soul - Jon Tyson,regex,,,,,,come to me|2026-02,
1ONk9pEjaW2iAcZSg0Ql7O,mapped,2026-03-23,Come to Me,Resurrection,Keithen Schwahn,60,John 11,,,Come to Me | Resurrection - Keithen Schwahn,regex,,,,,,come to me|2026-02,
3dVXvxmXS3QGVRP2cwbpcH,mapped,2026-03-16,Come to Me,"I am the Way, the Truth, the Life",Tim Brown,48,,,,"Come to Me | I am the Way, the Truth, the Life",ai,book,0.97,john 14,"I am the way, truth, life",1,come to me|2026-02,
3nlnvmKniIImXnRFUCwgkm,mapped,2026-03-10,Come to Me,Shepherd,Jon Tyson,64,John 10:11-21,John 9,,Come to Me | Shepherd - Jon Tyson,regex,,,,,,come to me|2026-02,
02YuVxvuyB6Uc3Xg0lvmaS,mapped,2026-03-02,Come to Me,Door,Jon Tyson,54,John 10:1-10,,,Come to Me | Door - Jon Tyson,regex,,,,,,come to me|2026-02,
5InH3M6RhWNkFRgMA4Zs3d,mapped,2026-02-26,Come to Me,I Am the Vine,Jon Tyson,61,John 15,,,Come to Me | I Am the Vine - Jon Tyson,regex,,,,,,come to me|2026-02,
44DzXouxxDdtW8RAdbHkRv,mapped,2026-02-17,Come to Me,I Am the Light of the World,Jon Tyson,62,John 8:12,,,Come to Me  | I Am the Light of the World - Jon Tyson,regex,,,,,,come to me|2026-02,
0DoQahVCahVNNUZFMBfLQE,mapped,2026-02-09,Come to Me,I Am the Bread of Life,Suzy Silk,56,John 6,,,Come to Me | I Am the Bread of Life - Suzy Silk,regex,,,,,,come to me|2026-02,
4E6YVZaN66hWlfRzZuUnTp,mapped,2026-02-02,Come to Me,Who is Jesus?,Jon Tyson,59,,,,Come to Me | Who is Jesus? - Jon Tyson,series,book,0.45,john,"Series on I Am statements in John; intro talk, text unclear",1,come to me|2026-02,Come to Me (come to me|2026-02): john 7.2/8.2 votes
48kJQm0uU7FZjQYbeoHD5D,unmapped,2026-01-25,God Comes Where He's Wanted,The Altar of the Region,Jon Tyson and Sam Gibson,29,,,,God Comes Where He's Wanted | The Altar of the Region - Jon Tyson and Sam Gibson,,topical,0.5,,Closing two-pastor conversation-style teaching on the region; could be non-sermon.,2,god comes where he s wanted|2026-01,
2REWJiUDGyPQraCuUb0Tqv,excluded,2026-01-22,Bonus Episode,Jon Tyson interviews his Dad on Prayer,,32,,,,Bonus Episode | Jon Tyson interviews his Dad on Prayer,,,,,,,bonus episode|2026-01,
6gYoO9peEXRUlDckTcMIdK,mapped,2026-01-20,God Comes Where He's Wanted,The Altar of the Church,Jon Tyson,62,Acts 6:1-7,,,God Comes Where He's Wanted | The Altar of the Church - Jon Tyson,regex,,,,,,god comes where he s wanted|2026-01,
4wlizTOYDLZbflHRe61ec7,mapped,2026-01-12,God Comes Where He's Wanted,The Altar of the Home,Keithen Schwahn,62,Judges 6,Matthew 18,,God Comes Where He's Wanted | The Altar of the Home - Keithen Schwahn,regex,,,,,,god comes where he s wanted|2026-01,
5YM3TuNBxfBYRQvJ0nxaf8,unmapped,2026-01-05,God Comes Where He's Wanted,The Altar of the Heart,Sam Gibson,49,,,,God Comes Where He's Wanted | The Altar of the Heart,,unknown,0.5,,"Altar of the heart, no text given.",2,god comes where he s wanted|2026-01,
1argLUWxnhwVxm0lYKi6S4,unmapped,2025-12-22,Advent 2025: He Shall Be,Savior,Jon Tyson,52,,,,Advent 2025: He Shall Be | Savior,,book,0.55,luke 2,"Savior, likely Luke 2:11.",2,advent 2025 he shall be|2025-12,
2EqcW6ZGTCl4BVUVMLgegd,unmapped,2025-12-15,Advent 2025: He Shall Be,Messiah,Suzy Silk,56,,,,Advent 2025: He Shall Be | Messiah - Suzy Silk,,topical,0.5,,Messiah and prophecy fulfilment across many texts.,2,advent 2025 he shall be|2025-12,
16CR9ZyjBxOXXDXLvKmHJZ,unmapped,2025-12-09,Advent 2025: He Shall Be,Great,Jon Tyson,51,,,,Advent 2025: He Shall Be | Great - Jon Tyson,,book,0.4,luke,"Jesus' greatness and humility, probably Luke.",2,advent 2025 he shall be|2025-12,
4USCgd9mjjeyNWAIUp8vAz,unmapped,2025-12-01,Advent 2025: He Shall Be,God with Us,Ralph Castillo,47,,,,Advent 2025: He Shall Be | God with Us - Ralph Castillo,,book,0.7,matthew 1,God with us is Matthew 1:23.,2,advent 2025 he shall be|2025-12,
7CmEfniDjHPihcEgxeEPtc,mapped,2025-11-24,Making Sense of Church,The Body,Sam Gibson,45,1 Corinthians 12,,,Making Sense of Church | The Body - Sam Gibson,regex,,,,,,making sense of church|2025-09,
118vJ7urA8ANtdLNAlkamj,excluded,2025-11-18,Center for Vocational Mission,The Role of Prayer and the Workplace,Sam Gibson,31,,,,Center for Vocational Mission | The Role of Prayer and the Workplace,,non_sermon,0.95,,Interview with young leaders at a forum.,2,center for vocational mission|2025-11,
4iJkvQy3e3rn01WcwA6uwO,mapped,2025-11-17,Making Sense of Church,The New Humanity,Jon Tyson,59,Ephesians 2:14-18,,,Making Sense of Church | The New Humanity - Jon Tyson,regex,,,,,,making sense of church|2025-09,
0iwE3tKdrXZmHWhKhUat4s,excluded,2025-11-12,Living The Liturgy 2025,Thank You for the Arts,,2,,,,Living The Liturgy 2025 | Thank You for the Arts,,,,,,,living the liturgy 2025|2025-11,
4IPccVdcDGQcrXu15NjH2k,mapped,2025-11-10,Making Sense of Church,The City on a Hill,Guy Mason,55,Matthew 5,,,Making Sense of Church | The City on a Hill - Guy Mason,regex,,,,,,making sense of church|2025-09,
3VawoDQXxbHfzGnGWegb2E,excluded,2025-11-06,Living The Liturgy 2025,Thank You for the Next Generation,,1,,,,Living The Liturgy 2025 | Thank You for the Next Generation,,,,,,,living the liturgy 2025|2025-11,
3x0DGAI0eVwNwuijU2Q74V,mapped,2025-11-03,Making Sense of Church,The Army,Suzy Silk,53,,,,Making Sense of Church | The Army - Suzy Silk,ai,book,0.92,ephesians 6,Description names Ephesians spiritual battle,1,making sense of church|2025-09,
3Fd5MEoBxSxKzBBx9Pi6hZ,unmapped,2025-10-27,Making Sense of Church,The Priesthood,Suzy Silk,56,,,,Making Sense of Church | The Priesthood - Suzy Silk,,book,0.6,1-peter 2,"Priesthood of believers, 1 Peter 2:9.",2,making sense of church|2025-09,
00dIAtpCGDATLVZP4Rf0SF,unmapped,2025-10-23,Making Sense of Church,The Temple,Jon Tyson,63,,,,Making Sense of Church | The Temple - Jon Tyson,,unknown,0.5,,"Church as temple, text not given.",2,making sense of church|2025-09,
2IJYtGXKcuLjU6dcy05rwO,mapped,2025-10-13,Gentle + Humble,John Mark Comer,John Mark Comer,63,,,,Gentle + Humble | John Mark Comer,ai,book,0.9,matthew 11,"Gentle and humble heart, Matthew 11:25-30",1,gentle humble|2025-10,
6n33vIr73zz7l57o7JziHX,mapped,2025-10-06,Making Sense of Church,The People,Jon Tyson,61,Ephesians 2,,,Making Sense of Church | The People - Jon Tyson,regex,,,,,,making sense of church|2025-09,
4nJvjhTYmTApfTzCucTmrd,unmapped,2025-09-29,Making Sense of Church,The Family,Suzy Silk,47,,,,Making Sense of Church | The Family - Suzy Silk,,unknown,0.5,,"Church as family, text not given.",2,making sense of church|2025-09,
4d3i34Ob0Xi4raq4UTIUN3,unmapped,2025-09-22,Making Sense of Church,The Bride,Jon Tyson,48,,,,Making Sense of Church | The Bride - Jon Tyson,,book,0.35,ephesians 5,Church as radiant Bride suggests Eph 5.,2,making sense of church|2025-09,
6b8CvnnfxiBdeU75SZWg3P,mapped,2025-09-15,Making Sense of Church,The Flock,Jon Tyson,69,,,,Making Sense of Church | The Flock - Jon Tyson,ai,book,0.88,john 10,Good Shepherd and the flock.,2,making sense of church|2025-09,
77G1bJmliGPsWiryLnIWh4,unmapped,2025-09-08,Making Sense of Church,Why Bother with the Church?,Jon Tyson,56,,,,Making Sense of Church | Why Bother with the Church? - Jon Tyson,,topical,0.65,,Series opener on why the church matters.,2,making sense of church|2025-09,
1JmhHG7BNiiW7b65HgbK5c,mapped,2025-09-01,The Fifth Act,Finish Well,Ralph Castillo,39,,,,The Fifth Act | Finish Well - Ralph Castillo,ai,book,0.97,acts 20,Paul's farewell to Ephesian elders,1,the fifth act|2025-04,
2ARW2nr0nldvGuOgd2uT0c,mapped,2025-08-25,The Fifth Act,Spiritual Multiplication,Suzy Silk,51,Acts 18,,,The Fifth Act | Spiritual Multiplication - Suzy Silk,regex,,,,,,the fifth act|2025-04,
4uwQOJPOg1YYPYT9XAyAi2,mapped,2025-08-18,The Fifth Act,Cultural Impact in Ephesus,Ben Stuart,45,Acts 19,,,The Fifth Act | Cultural Impact in Ephesus - Ben Stuart,regex,,,,,,the fifth act|2025-04,
4ORSaEFi1CN8g2l664zo0n,mapped,2025-08-11,The Fifth Act,The Gospel for the City,Tim Brown,53,,,,The Fifth Act | The Gospel for the City - Tim Brown,ai,book,0.97,acts 17,Paul in Athens,1,the fifth act|2025-04,
7KCEY0snrFbehlFpqBJVdn,mapped,2025-08-04,The Fifth Act,"One ""Yes"" at a Time",Ralph Castillo,52,Acts 16,,,"The Fifth Act | One ""Yes"" at a Time - Ralph Castillo",regex,,,,,,the fifth act|2025-04,
18KmgsINI8siGr7NiSmwqF,mapped,2025-07-28,The Fifth Act,Living in the Final Act,Suzy Silk,48,Acts 10,,,The Fifth Act | Living in the Final Act - Suzy Silk,regex,,,,,,the fifth act|2025-04,
6CjjZhXZxBZgNOod8j2JjS,mapped,2025-07-21,The Fifth Act,The Church at Antioch,Jon Tyson,62,Acts 11-13,,,The Fifth Act | The Church at Antioch - Jon Tyson,regex,,,,,,the fifth act|2025-04,
3AyZF98w55lnO6UojlPiF7,mapped,2025-07-14,the Fifth Act,The Shocking Gift of the Spirit,Suzy Silk,54,Acts 10,,,the Fifth Act | The Shocking Gift of the Spirit - Suzy Silk,regex,,,,,,the fifth act|2025-04,
2WnLaybVJKvnjaKrJ7JVcY,mapped,2025-07-07,The Fifth Act,Risk + Reputation,Keithen Schwahn,50,Acts 9:36-43,,,The Fifth Act | Risk + Reputation - Keithen Schwahn,regex,,,,,,the fifth act|2025-04,
63ojT0vKOVx53jFXspsMVR,mapped,2025-06-30,The Fifth Act,The Conversion of Saul,Tim Brown,48,Acts 9:1-22,,,The Fifth Act | The Conversion of Saul - Tim Brown,regex,,,,,,the fifth act|2025-04,
3lZkDW37Bc2v9C3SqaKR6x,mapped,2025-06-23,The Fifth Act,The Ministry of Philip,Suzy Silk,48,Acts 8:26-40,,,The Fifth Act | The Ministry of Philip - Suzy Silk,regex,,,,,,the fifth act|2025-04,
600Ap0M971rJUooGYpGkpa,mapped,2025-06-16,Psalm 126,Like Those Who Dreamed,Jon Tyson,52,Psalm 126,,,Psalm 126 | Like Those Who Dreamed - Jon Tyson,regex,,,,,,psalm 126|2025-06,
0y12E8KZGWOVXVxKUmKUjg,mapped,2025-06-09,The Fifth Act,Reputation. Spirit. Wisdom.,Annie F. Downs,52,Acts 6:1-7,,,The Fifth Act | Reputation. Spirit. Wisdom. - Annie F. Downs,regex,,,,,,the fifth act|2025-04,
6eoWe7uOug832fTAHf3enE,mapped,2025-06-02,The Fifth Act,We Are Witnesses,Suzy Silk,44,Acts 5,,,The Fifth Act | We Are Witnesses - Suzy Silk,regex,,,,,,the fifth act|2025-04,
0cRWVdp3AEvGDf6Fo0hDGI,mapped,2025-05-27,The Fifth Act,The Threat to Revival,Keithen Schwahn,60,Acts 4:32,,,The Fifth Act | The Threat to Revival  - Keithen Schwahn,regex,,,,,,the fifth act|2025-04,
0JoMYqVXFTB0182MdLl9Gj,mapped,2025-05-19,The Fifth Act,Responding to Resistance,Jon Tyson,59,Acts 4:18-31,,,The Fifth Act | Responding to Resistance - Jon Tyson,regex,,,,,,the fifth act|2025-04,
6yrDybdlZJmuejysvYP7ec,mapped,2025-05-12,The Fifth Act,"Unschooled, Ordinary Men",Suzy Silk,55,,,,"The Fifth Act | Unschooled, Ordinary Men - Suzy Silk",ai,book,0.96,acts 3,Lame man healed and persecution by leaders,1,the fifth act|2025-04,
4IDpWtG0TgczLoixkpKNId,mapped,2025-05-05,The Fifth Act,Peter's Bold Proclamation,Jon Tyson,56,,,,The Fifth Act | Peter's Bold Proclamation - Jon Tyson,ai,book,0.97,acts 2,Peter's Pentecost sermon,1,the fifth act|2025-04,
3PilFQ89A1HmeuiFS6PF9V,mapped,2025-04-28,The Fifth Act,The Holy Spirit,Jon Tyson,57,,,,The Fifth Act | The Holy Spirit - Jon Tyson,ai,book,0.97,acts 1,Acts 1:8 Holy Spirit empowers witnesses,1,the fifth act|2025-04,
0E8MhcEgO7gW20TMioplFF,mapped,2025-04-21,Easter Sunday,God Conscious,Jon Tyson,49,,,,Easter Sunday | God Conscious - Jon Tyson,ai,book,0.9,john 20,"Mary Magdalene at the empty tomb, John's gospel",1,easter sunday|2025-04,
3bN5CmYJMJnOjpQu7VMpvm,unmapped,2025-04-14,Missional Formation,Come and Die,Jon Tyson,63,,,,Missional Formation | Come and Die - Jon Tyson,,topical,0.65,,Series closing call to discipleship.,2,missional formation|2025-02,
0bP8qA8Yeqx3xiA4DhAmDW,unmapped,2025-04-07,Missional Formation,Vocational Mission,Jon Tyson,65,,,,Missional Formation | Vocational Mission - Jon Tyson,,topical,0.85,,Vocational mission and workplace prayer.,2,missional formation|2025-02,
1obHVawdw2nwEmjjII0oW8,mapped,2025-03-31,Missional Formation,The Redemptive Edge,Ashley Anderson,65,Matthew 25,,,Missional Formation | The Redemptive Edge - Ashley Anderson,regex,,,,,,missional formation|2025-02,
3rk0n0TAKf5ywcGMraSldH,mapped,2025-03-24,Missional Formation,Disciple Making,Jon Tyson,63,2 Timothy 2:1-2,,,Missional Formation | Disciple Making - Jon Tyson,regex,,,,,,missional formation|2025-02,
4gmxvyNl86awNt7MlkKzIq,unmapped,2025-03-17,Missional Formation,Crucified and Consecrated,Sam Gibson,59,,,,Missional Formation | Crucified and Consecrated - Sam Gibson,,topical,0.8,,Fasting and consecration.,2,missional formation|2025-02,
0EBUquDSWbqd221cmpeSAk,mapped,2025-03-10,Missional Formation,Communitas,Jon Tyson,58,Romans 16:1-16,,,Missional Formation | Communitas - Jon Tyson,regex,,,,,,missional formation|2025-02,
5zIovZ1SJMQzjVEJh86rDm,unmapped,2025-03-03,Missional Formation,Disciple the Deficits,Suzy Silk,53,,,,Missional Formation | Disciple the Deficits - Suzy Silk,,topical,0.8,,Discipling deficits and confession.,2,missional formation|2025-02,
7rA6X9ifBl8PDdTNBFHi69,unmapped,2025-02-24,Missional Formation,Space + Risk,Al Gordon,55,,,,Missional Formation | Space + Risk - Al Gordon,,topical,0.7,,"Space and risk, Spirit-filled mission.",2,missional formation|2025-02,
2LDpUKSMEwo6M0qxNIoGPR,unmapped,2025-02-17,Missional Formation,Radical Daily Pursuit,Suzy Silk,55,,,,Missional Formation | Radical Daily Pursuit - Suzy Silk,,topical,0.7,,Daily pursuit and feasting on the Word.,2,missional formation|2025-02,
3WOc7v0aOD3dxbrRN2lqcr,unmapped,2025-02-10,Missional Formation,Revival + Awakening,Jon Tyson,67,,,,Missional Formation | Revival + Awakening - Jon Tyson,,topical,0.85,,Distinctives and disciplines teaching.,2,missional formation|2025-02,
5ov7by03sMSPyI4rzmLkK7,unmapped,2025-02-04,Missional Formation,Radical Minimum Standard,Jon Tyson,56,,,,Missional Formation | Radical Minimum Standard - Jon Tyson,,topical,0.85,,Series launch on discipleship standard.,2,missional formation|2025-02,
2Hyv3QkWZU7LC6EeUfCcee,unmapped,2025-01-27,God Comes Where He's Wanted,The Region,Zach Meerkreebs,46,,,,God Comes Where He's Wanted | The Region - Zach Meerkreebs,,book,0.35,luke 19,Jesus heartbroken over Jerusalem suggests Luke 19:41.,2,god comes where he s wanted|2025-01,
4Wu7mew6K3RmcP3pUM1kyR,unmapped,2025-01-20,God Comes Where He's Wanted,The Church,Sam Gibson,53,,,,God Comes Where He's Wanted | The Church - Sam Gibson,,unknown,0.5,,"Altar of the church, no text given.",2,god comes where he s wanted|2025-01,
7zJ8XVsWtQvAx1QLXFdBIa,unmapped,2025-01-13,God Comes Where He's Wanted,The Home,Jon Tyson,59,,,,God Comes Where He's Wanted | The Home - Jon Tyson,,unknown,0.5,,"Homes and next generation, no text given.",2,god comes where he s wanted|2025-01,
76J0rqfS344dxN3yahHjag,unmapped,2025-01-06,God Comes Where He's Wanted,The Heart,Jon Tyson,68,,,,God Comes Where He's Wanted | The Heart - Jon Tyson,,unknown,0.5,,"Series kickoff on the heart, no text given.",2,god comes where he s wanted|2025-01,
5ZE3tJW4pUrGMmyWBqnr00,excluded,2024-12-30,Advent Devotional,The Supremacy of the Son,,13,Isaiah 9,,,Advent Devotional: The Supremacy of the Son,regex,,,,,,advent devotional|2024-12,
7BtN4Zz3tsv04NINYhzJSS,excluded,2024-12-29,Advent Devotional,The Victorious Son,,14,Isaiah 9,,,Advent Devotional: The Victorious Son,regex,,,,,,advent devotional|2024-12,
2EtEs4eOCkLz7Jf6ZCmdqd,excluded,2024-12-27,Advent Devotional,The Obedient Son,,10,Isaiah 9,,,Advent Devotional: The Obedient Son,regex,,,,,,advent devotional|2024-12,
66bXobfhklQ3VLQZLdNhwy,excluded,2024-12-25,Advent Devotional,A Son for All of Us,,12,Isaiah 9,,,Advent Devotional: A Son for All of Us,regex,,,,,,advent devotional|2024-12,
33Q8sHYc7YktsmPdnxWXpE,unmapped,2024-12-23,Christmas 2024,Celebrate & Remember,Jon Tyson,23,,,,Christmas 2024: Celebrate & Remember,,topical,0.7,,Year-end celebration plus short message.,2,christmas 2024|2024-12,
5k9OsuU4iKNgF6J4tdyGLH,excluded,2024-12-23,Advent Devotional,The Son We Need,,8,Isaiah 9,,,Advent Devotional: The Son We Need,regex,,,,,,advent devotional|2024-12,
2D61Rc8aK7xm6GreYDc7Ub,excluded,2024-12-20,Advent Devotional,Authority of the Son,,10,Isaiah 9,,,Advent Devotional: Authority of the Son,regex,,,,,,advent devotional|2024-12,
0qXIWaVBnC2s9io8Sn7fey,excluded,2024-12-18,Advent Devotional,God with Us,,12,Isaiah 9,,,Advent Devotional: God with Us,regex,,,,,,advent devotional|2024-12,
1Va8RJyZQizbJwWlBQcULN,unmapped,2024-12-16,To Us a Son is Given,Son of God,Jon Tyson,39,,,,To Us a Son is Given | Son of God - Jon Tyson,,unknown,0.5,,"Advent Son of God, text not given.",2,to us a son is given|2024-12,
1wc3R6qKpz2JoYxNR2ah1N,excluded,2024-12-16,Advent Devotional,Divinity of the Son,,10,Isaiah 9,,,Advent Devotional: Divinity of the Son,regex,,,,,,advent devotional|2024-12,
4Be0cYzivfZuHJug8dds4R,excluded,2024-12-13,Advent Devotional,Exaltation of the Son,,12,Isaiah 9,,,Advent Devotional: Exaltation of the Son,regex,,,,,,advent devotional|2024-12,
5O15W9rUIaRkKpotPG7Rpw,excluded,2024-12-11,Advent Devotional,Suffering of the Son,,8,Isaiah 9,,,Advent Devotional: Suffering of the Son,regex,,,,,,advent devotional|2024-12,
6NfDs2xXNy08yEXzBheBlq,mapped,2024-12-09,To Us a Son is Given,Son of Man,Jon Tyson,47,,,,To Us a Son is Given | Son of Man - Jon Tyson,ai,book,0.93,matthew 20,"Mother of James and John asking Jesus, Matthew 20",1,to us a son is given|2024-12,
1OKUnQ7sxJLjXOJCWgGIiO,excluded,2024-12-09,Advent Devotional,Humanity of the Son,,5,Isaiah 9,,,Advent Devotional: Humanity of the Son,regex,,,,,,advent devotional|2024-12,
5A9xukqOMdTSjjYTw4c5u4,excluded,2024-12-06,Advent Devotional,King of Mercy,,11,Isaiah 9,,,Advent Devotional: King of Mercy,regex,,,,,,advent devotional|2024-12,
1cCp9tSTb53WtuCaefasV4,excluded,2024-12-04,Advent Devotional,"Jesus, Son of David",,9,Isaiah 9,,,"Advent Devotional: Jesus, Son of David",regex,,,,,,advent devotional|2024-12,
3rkB2EZw6970xvwWfhPmu0,unmapped,2024-12-02,To Us a Son is Given,Son of David,Suzy Silk,43,,,,To Us a Son is Given | Son of David - Suzy Silk,,unknown,0.5,,"Advent Son of David, text not given.",2,to us a son is given|2024-12,
2rie0Lf5VzrQTFLoUxzNEx,excluded,2024-12-02,Advent Devotional,Messianic King,,6,Isaiah 9,,,Advent Devotional: Messianic King,regex,,,,,,advent devotional|2024-12,
7pm9zNxUEBHX1S9yP4Q1ls,mapped,2024-11-26,Formed,Multiplication,Tim Brown,59,Matthew 28,,,Formed: Multiplication - Tim Brown,regex,,,,,,formed|2024-09,
0KZsoBSCrwY2b2u83bzNdu,unmapped,2024-11-18,Formed,Participation,Jon Tyson,68,,,,Formed: Participation - Jon Tyson,,topical,0.5,,"Discipleship participation theme, no text.",2,formed|2024-09,
0yojn8RDLhQqtJ2aiRopCz,unmapped,2024-11-11,Formed,Vivification,Jon Tyson,58,,,,Formed: Vivification - Jon Tyson,,unknown,0.5,,"Vivification, text not revealed.",2,formed|2024-09,
0PoGq6wEkO0rkB6hUGEJCq,unmapped,2024-11-04,Formed,Mortification,Jon Tyson,57,,,,Formed: Mortification - Jon Tyson,,book,0.5,romans 8,Mortification classically Romans 8:13.,2,formed|2024-09,
1OIZFUiFoK14IBWQcyDLtd,unmapped,2024-10-28,Formed,Affliction,Suzy Silk,54,,,,Formed: Affliction - Suzy Silk,,unknown,0.5,,"Affliction teaching, text not revealed.",2,formed|2024-09,
7FcjJjRt52GNSLDcErSZIb,mapped,2024-10-21,Formed,Sanctification,Jon Tyson,61,Titus 2:11-12,,,Formed: Sanctification - Jon Tyson,regex,,,,,,formed|2024-09,
77z8ubadtWIcjdio0P3M0R,mapped,2024-10-14,Formed,Regeneration,Guy Mason,54,Ephesians 2,,,Formed: Regeneration - Guy Mason,regex,,,,,,formed|2024-09,
66VwuaMlgm330KcNJvqGOd,unmapped,2024-10-07,Formed,Justification,Suzy Silk,58,,,,Formed: Justification - Suzy Silk,,book,0.7,romans 3,Justification by faith is Romans 3-5.,2,formed|2024-09,
7dgTdd5gHyZpHaqW2P5FH8,mapped,2024-09-30,Formed,Salvation,Jon Tyson,66,,,,Formed: Salvation - Jon Tyson,ai,book,0.85,romans 10,Confessing Jesus is Lord and believing resurrection is Romans 10:9.,2,formed|2024-09,
6eql3xgIxKjhvIbkCQj97B,mapped,2024-09-23,Mark Sayers,From Platforms to Pillars,,53,Revelation 3,,,Mark Sayers: From Platforms to Pillars,regex,,,,,,mark sayers|2024-09,
6yt1auxbmpeJruQjtfBSe8,unmapped,2024-09-16,Formed,Election,Tim Brown,56,,,,Formed: Election - Tim Brown,,book,0.45,ephesians 1,"Election doctrine; Eph 1 likely, Romans 9 possible.",2,formed|2024-09,
4dBqA0kfDuZQst15azv7Jh,unmapped,2024-09-09,Formed,Into His Image,Jon Tyson,63,,,,Formed: Into His Image - Jon Tyson,,topical,0.55,,"Series kickoff on formation, no text evident.",2,formed|2024-09,
6TIRQMsAmfUkOGkODqRCZ3,mapped,2024-09-02,Come & See,Come to Me,Jon Tyson,51,Matthew 11,,,Come & See: Come to Me - Jon Tyson,regex,,,,,,come see|2024-05,
5miC8zHQQTxoZRbc1Gp6PU,mapped,2024-08-26,Come & See,Resurrection of Jesus,Suzy Silk,57,John 2,,,Come & See: Resurrection of Jesus - Suzy Silk,regex,,,,,,come see|2024-05,
00rkzPhoWOtlkfgaJS3ATJ,mapped,2024-08-20,Come & See,Resurrecting Lazarus,Suzy Silk,62,John 11,,,Come & See: Resurrecting Lazarus - Suzy Silk,regex,,,,,,come see|2024-05,
6aW2WfTlwBDBvCTfOzfge3,mapped,2024-08-12,Come & See,Healing a Blind Man,Jon Tyson,60,John 9,,,Come & See: Healing a Blind Man - Jon Tyson,regex,,,,,,come see|2024-05,
1A8QfrGic0bAcB1AdvJBRB,mapped,2024-08-05,Come & See,"Feeding the 5,000",Tim Brown,63,John 6,,,"Come & See: Feeding the 5,000 - Tim Brown",regex,,,,,,come see|2024-05,
0eHv9xIj8wD4tnkNk7xDPC,mapped,2024-07-29,Come & See,Healing the Nobleman's Son,Ralph Castillo,37,John 4,,,Come & See: Healing the Nobleman's Son - Ralph Castillo,regex,,,,,,come see|2024-05,
3mvB5tvuAbW7f2uRL7vI9i,mapped,2024-07-22,Come & See,Healing at the Pool,Jon Tyson,56,John 5:1-18,,,Come & See: Healing at the Pool - Jon Tyson,regex,,,,,,come see|2024-05,
7bSUK1M600NRXhR8iMewnq,mapped,2024-07-15,Come & See,Water to Wine,Keithen Schwahn,59,John 2:1-12,,,Come & See: Water to Wine - Keithen Schwahn,regex,,,,,,come see|2024-05,
349jYczem6UHs2Hjl23i1g,mapped,2024-07-08,Come & See,I Am the Vine,Ashley Anderson,54,John 15,,,Come & See: I Am the Vine - Ashley Anderson,regex,,,,,,come see|2024-05,
3zmtyPTIwMvobqrGIM88H7,mapped,2024-07-01,Come & See,"I Am the Way, the Truth, and the Life",Sam Gibson,51,John 14:1-14,,,"Come & See: I Am the Way, the Truth, and the Life - Sam Gibson",regex,,,,,,come see|2024-05,
1xMG0a3Ei1YuAS9JuRogCl,mapped,2024-06-24,Come & See,I Am the the Resurrection,Jon Tyson,51,John 11,,,Come & See: I Am the the Resurrection - Jon Tyson,regex,,,,,,come see|2024-05,
6moYXNgxcf9WiNMB6KLeDP,mapped,2024-06-17,Come & See,I Am the Good Shepherd,Suzy Silk,65,John 10:1-42,,,Come & See: I Am the Good Shepherd  - Suzy Silk,regex,,,,,,come see|2024-05,
30qNBWhyo7Z1HD7XokzFgG,mapped,2024-06-10,Come & See,I Am the Door,Ashley Anderson,52,John 10:1-10,,,Come & See: I Am the Door - Ashley Anderson,regex,,,,,,come see|2024-05,
7ILxx8IkrWydoZ9A0i5j16,mapped,2024-06-03,Come & See,I Am the Light of the World,Suzy Silk,57,John 7,,,Come & See: I Am the Light of the World - Suzy Silk,regex,,,,,,come see|2024-05,
0regOyzlHdtyhUnLyxagXA,mapped,2024-05-27,Come & See,I Am the Bread of Life,Jon Tyson,66,,,,Come & See: I Am the Bread of Life - Jon Tyson,ai,book,0.97,john 6,I am the bread of life,1,come see|2024-05,
4HaEBAEFWfLMlWtTR145oI,mapped,2024-05-20,Come & See,The Simple Gospel,Tim Brown,60,,,,Come & See: The Simple Gospel - Tim Brown,ai,book,0.93,john 20,Come & See John study; John 20:30-31 stated purpose,1,come see|2024-05,
5SlRkX1xYxg2L4un9g2WKb,excluded,2024-05-13,Controversial Faith,Q&A Panel,Jon Tyson,57,1 Peter 3:15-16,,,Controversial Faith: Q&A Panel,regex,,,,,,controversial faith|2024-04,
1Vzay49OWxog3f6KC3H02L,unmapped,2024-05-06,Controversial Faith,Why Does God Care About My Sexuality?,Jon Tyson,67,,,,Controversial Faith: Why Does God Care About My Sexuality? - Jon Tyson,,book,0.6,1-corinthians 6,"Bought with a price, honor God with your bodies is 1 Corinthians 6:19-20.",2,controversial faith|2024-04,
0BZA0fC843CDwcMYrH2zYG,unmapped,2024-04-29,Controversial Faith,How can a Good God Allow Evil and Suffering?,Suzy Silk,77,,,,Controversial Faith: How can a Good God Allow Evil and Suffering? - Suzy Silk,,topical,0.85,,Thematic teaching with no single primary text.,2,controversial faith|2024-04,
4rasM5E6RihOsQ2fOuLwAx,unmapped,2024-04-22,Controversial Faith,The Church and Politics,Jon Tyson,69,,,,Controversial Faith: The Church and Politics - Jon Tyson,,topical,0.85,,Thematic teaching with no single primary text.,2,controversial faith|2024-04,
2fW6koOtZ0PXk3Xuv2Pwck,unmapped,2024-04-15,Controversial Faith,Why Can We Trust the Bible?,Suzy Silk,89,,,,Controversial Faith: Why Can We Trust the Bible? - Suzy Silk,,topical,0.95,,Thematic teaching with no single primary text.,2,controversial faith|2024-04,
2EY8FfCYHIZfFWC9A4NIzu,unmapped,2024-04-08,Controversial Faith,The Exclusivity of Jesus,Jon Tyson,66,,,,Controversial Faith: The Exclusivity of Jesus - Jon Tyson,,topical,0.6,,Thematic teaching with no single primary text.,2,controversial faith|2024-04,
5c4PSuhtbWgJxVXj2XxZd1,mapped,2024-04-01,,Easter Sunday 2024,Jon Tyson,60,Luke 24,,,Easter Sunday 2024 - Jon Tyson,regex,,,,,,,
4WfNP5TV6gaM1fdbVidqhb,unmapped,2024-03-25,Seven Deadly Sins,Envy,Suzy Silk,48,,,,Seven Deadly Sins: Envy - Suzy Silk,,unknown,0.5,,"Envy, text not given.",2,seven deadly sins|2024-02,
5WNDxgqAHZaWP9Dpgee9nJ,unmapped,2024-03-18,Seven Deadly Sins,Pride,Ralph Castillo,42,,,,Seven Deadly Sins: Pride - Ralph Castillo,,book,0.7,matthew 6,Practicing righteousness in secret is Matt 6.,2,seven deadly sins|2024-02,
5SPBtLpLACJ5GJ3lqBpduM,unmapped,2024-03-11,Seven Deadly Sins,Sloth,Jon Tyson,67,,,,Seven Deadly Sins: Sloth - Jon Tyson,,unknown,0.5,,"Sloth/acedia, text not given.",2,seven deadly sins|2024-02,
5nnEhICCSozWTf9QGEFqRP,unmapped,2024-03-04,Seven Deadly Sins,Wrath,Tim Brown,50,,,,Seven Deadly Sins: Wrath - Tim Brown,,unknown,0.5,,"Wrath, text not given.",2,seven deadly sins|2024-02,
07D4Iz2nMfAn3urADLoB3r,mapped,2024-02-26,Seven Deadly Sins,Lust,Jon Tyson,69,Matthew 5,,,Seven Deadly Sins: Lust - Jon Tyson,regex,,,,,,seven deadly sins|2024-02,
3hBBGN44M2zoEyQZTpS4UW,unmapped,2024-02-19,Seven Deadly Sins,Gluttony,Suzy Silk,47,,,,Seven Deadly Sins: Gluttony - Suzy Silk,,unknown,0.5,,"Gluttony, text not given.",2,seven deadly sins|2024-02,
2BCTIaicqo1vAwcnkXGKub,unmapped,2024-02-12,Seven Deadly Sins,Greed,Jon Tyson,61,,,,Seven Deadly Sins: Greed - Jon Tyson,,book,0.5,luke 12,Greed warnings likely Luke 12 rich fool.,2,seven deadly sins|2024-02,
4kSwOJoHK45hYtdTyuTwg3,unmapped,2024-02-06,Leverage,Money,Jon Tyson,64,,,,Leverage: Money - Jon Tyson,,topical,0.5,,"Money and giving vision, no single text.",2,leverage|2024-01,
01ckaKxVMQxH8XHsfAnB2J,mapped,2024-01-29,Leverage,Love,Jon Tyson,57,Psalm 86,,,Leverage: Love - Jon Tyson,regex,,,,,,leverage|2024-01,
6Sd3QpYDs4WBZdXuQbxBrF,unmapped,2024-01-22,Leverage,Time,Jon Tyson,52,,,,Leverage: Time - Jon Tyson,,unknown,0.5,,"Stewarding time, text not given.",2,leverage|2024-01,
44auS6j7SKRKPIqlxffply,unmapped,2024-01-15,Leverage,Gifts,Suzy Silk,51,,,,Leverage: Gifts - Suzy Silk,,unknown,0.5,,"Spiritual gifts, text not given.",2,leverage|2024-01,
2rzTsJ7zYU6gwim201Dfd3,unmapped,2024-01-08,Leverage,Life Without Regret,Jon Tyson,61,,,,Leverage: Life Without Regret - Jon Tyson,,topical,0.55,,Regret and living leveraged; no text.,2,leverage|2024-01,
6EsZbjDJT8mSfLsZ2h4MFY,excluded,2023-12-25,Advent Devotional,The Angel's Song & The First Noel,,7,,,,Advent Devotional: The Angel's Song & The First Noel,,,,,,,advent devotional|2023-12,
5w2X79PxHYM8dTUNQN1ld7,excluded,2023-12-22,Advent Devotional,The Shepherds' Proclamation & Advent Hymn,,6,,,,Advent Devotional: The Shepherds' Proclamation & Advent Hymn,,,,,,,advent devotional|2023-12,
2NpYYKAjMjuYT7WYQxZDDI,excluded,2023-12-20,Advent Devotional,The Earth's New Song & O Come All Ye Faithful,,8,,,,Advent Devotional: The Earth's New Song & O Come All Ye Faithful,,,,,,,advent devotional|2023-12,
2oBjZ0afvxGYo1VjcRokEo,mapped,2023-12-18,Resound (Advent 2023),Mary's Song,Suzy Silk,36,,,,Resound (Advent 2023): Mary's Song - Suzy Silk,ai,book,0.97,luke 1,Mary's Song recorded in Luke 1,1,resound advent 2023|2023-12,
1iPKnUBA0T4tzkxlgwBUjp,excluded,2023-12-18,Advent Devotional,Mary's Song & Magnificat,,7,,,,Advent Devotional: Mary's Song & Magnificat,,,,,,,advent devotional|2023-12,
0dCoFq6TKKil6skDQzCd4h,excluded,2023-12-15,Advent Devotional,Elizabeth's Blessing & Angels We Have Heard On High,,7,,,,Advent Devotional: Elizabeth's Blessing & Angels We Have Heard On High,,,,,,,advent devotional|2023-12,
1ToJ57ovLHdYb57MF6a3yM,excluded,2023-12-13,Advent Devotional,The Nation's Song & Silent Night,,7,,,,Advent Devotional: The Nation's Song & Silent Night,,,,,,,advent devotional|2023-12,
4HrM5s89VLZg4XHclHgxVe,mapped,2023-12-11,Resound (Advent 2023),Zechariah's Song,Jon Tyson,49,Luke 1:57-80,,,Resound (Advent 2023): Zechariah's Song - Jon Tyson,regex,,,,,,resound advent 2023|2023-12,
5gXoCh64aOSkCZIRoMcQli,excluded,2023-12-11,Advent Devotional,Zechariah's Song & Behold,,7,,,,Advent Devotional: Zechariah's Song & Behold,,,,,,,advent devotional|2023-12,
35bmI8tdJTgiDdsCqiZS0Y,excluded,2023-12-08,Advent Devotional,Anna's Proclamation & Advent Hymn,,7,,,,Advent Devotional: Anna's Proclamation & Advent Hymn,,,,,,,advent devotional|2023-12,
2nd4oICCh6Kc6fAw4J6eGV,excluded,2023-12-06,Advent Devotional,Isaiah's Song & Come Up Here (Let Us Adore Him),,8,,,,Advent Devotional: Isaiah's Song & Come Up Here (Let Us Adore Him),,,,,,,advent devotional|2023-12,
5ehJhOvLsosUQyap2a82pf,mapped,2023-12-04,Resound (Advent 2023),Simeon's Song,Suzy Silk,40,Luke 2:25-35,,,Resound (Advent 2023): Simeon's Song - Suzy Silk,regex,,,,,,resound advent 2023|2023-12,
6u85jNUvsdL0iT9xt31vJf,excluded,2023-12-04,Advent Devotional,Simeon's Song & O Come O Come Emmanuel,,8,,,,Advent Devotional: Simeon's Song & O Come O Come Emmanuel,,,,,,,advent devotional|2023-12,
77J5CWvOFj0FxVdMGn4pzl,unmapped,2023-11-27,Compelling Missional Disciples,Reaching People with the Gospel,Tim Brown,55,,,,Compelling Missional Disciples: Reaching People with the Gospel - Tim Brown,,topical,0.9,,Thematic teaching with no single primary text.,2,compelling missional disciples|2023-09,
7qgYaZWCE45fCvkiN0pcJt,unmapped,2023-11-20,Compelling Missional Disciples,Missional Work,Jon Tyson,52,,,,Compelling Missional Disciples: Missional Work - Jon Tyson,,topical,0.9,,Thematic teaching with no single primary text.,2,compelling missional disciples|2023-09,
340CaSY2T5EfbnAMCrNtnP,unmapped,2023-11-13,Compelling Missional Disciples,Cultural Renewal,Jon Tyson,60,,,,Compelling Missional Disciples: Cultural Renewal - Jon Tyson,,topical,0.9,,Thematic teaching with no single primary text.,2,compelling missional disciples|2023-09,
7tHyJnTU1v6GHfin3TjNNC,unmapped,2023-11-06,Compelling Missional Disciples,Crystallization of Discontent,Keithen Schwahn,70,,,,Compelling Missional Disciples: Crystallization of Discontent - Keithen Schwahn,,topical,0.9,,Thematic teaching with no single primary text.,2,compelling missional disciples|2023-09,
1k8fl4mKHOaSYNuWEvkcws,unmapped,2023-10-30,Compelling Missional Disciples,Filling Formational Gaps,Jon Tyson,59,,,,Compelling Missional Disciples: Filling Formational Gaps - Jon Tyson,,topical,0.9,,Thematic teaching with no single primary text.,2,compelling missional disciples|2023-09,
1fZMOSGCMn6YoIkxdXNFQ7,unmapped,2023-10-23,Compelling Missional Disciples,Intentional Formation,Jon Tyson,52,,,,Compelling Missional Disciples: Intentional Formation - Jon Tyson,,topical,0.9,,Thematic teaching with no single primary text.,2,compelling missional disciples|2023-09,
1WZ1s763Qa39vtTMNMzxR1,unmapped,2023-10-16,Compelling Missional Disciples,Identity Formation,Ashley Anderson,57,,,,Compelling Missional Disciples: Identity Formation - Ashley Anderson,,topical,0.9,,Thematic teaching with no single primary text.,2,compelling missional disciples|2023-09,
0o3UosFiZhW3O2vxgJD1hy,unmapped,2023-10-09,Compelling Missional Disciples,God's Presence is Everything,Darren Rouanzoin,51,,,,Compelling Missional Disciples: God's Presence is Everything - Darren Rouanzoin,,topical,0.5,,Thematic teaching with no single primary text.,2,compelling missional disciples|2023-09,
0H34qCVhJphpW5U0MRZn6g,excluded,2023-10-04,,Church of the City New York Announcements,Jon Tyson,4,,,,Church of the City New York Announcements - Jon Tyson,,,,,,,,
3Jj9Hq9MQG2Lr42fSnyRme,unmapped,2023-09-25,Compelling Missional Disciples,The Knowledge of God,Sam Gibson,47,,,,Compelling Missional Disciples: The Knowledge of God - Sam Gibson,,book,0.6,ephesians 1,Pursuit of wisdom and revelation in the knowledge of God echoes Ephesians 1:17.,2,compelling missional disciples|2023-09,
2XlIN3BhPKIa2aqbTbKTRO,mapped,2023-09-18,Compelling Missional Disciples,Living An Attentive Life,Jon Tyson,56,,,,Compelling Missional Disciples: Living An Attentive Life - Jon Tyson,ai,book,0.93,luke 10,"Mary and Martha, Luke 10:38-42",1,compelling missional disciples|2023-09,
1PIJz3QxPm7J0N88NWGW0f,unmapped,2023-09-11,Compelling Missional Disciples,Overview,Jon Tyson,56,,,,Compelling Missional Disciples: Overview - Jon Tyson,,topical,0.85,,Series overview.,2,compelling missional disciples|2023-09,
6mbVgY1iStuBK8kAhKBe5e,mapped,2023-09-04,Rediscovering Church,The Commitment,Sam Gibson,49,1 Thessalonians 5:12-28,,,Rediscovering Church: The Commitment - Sam Gibson,regex,,,,,,rediscovering church|2023-07,
77S11ZVEbTWphpKBAH9D9b,mapped,2023-08-28,Rediscovering Church,Between the Resurrection and the Return,Matt Ro,48,,,,Rediscovering Church: Between the Resurrection and the Return - Matt Ro,ai,book,0.93,1-thessalonians 4,Between resurrection and return in 1 Thessalonians series; 4:13-5:11 fits,1,rediscovering church|2023-07,
2nbGSP35ab45ELLOeEZF5x,mapped,2023-08-21,Rediscovering Church,Sexual Formation in the Way of Jesus,Jon Tyson,73,1 Thessalonians 4:1-8,,,Rediscovering Church: Sexual Formation in the Way of Jesus - Jon Tyson,regex,,,,,,rediscovering church|2023-07,
0JTRD0xL8LSvzGDwS6LPdR,unmapped,2023-08-14,,Sowing for Awakening,David Thomas,68,,,,Sowing for Awakening - David Thomas,,topical,0.85,,Guest message on travailing prayer.,2,,
7xGxWPl7EfBu7V6vtuix44,mapped,2023-08-07,Rediscovering Church,Letter From the Persecuted Church,Ashley Anderson,53,,,,Rediscovering Church: Letter From the Persecuted Church - Ashley Anderson,series,book,0.65,1-thessalonians; 2-thessalonians,Persecution theme in Thessalonians study,1,rediscovering church|2023-07,Rediscovering Church (rediscovering church|2023-07): 1-thessalonians 8.0/8.0 votes
24d7gvSL6pGBv7JXixeTfK,mapped,2023-07-31,Rediscovering Church,Strengthen and Encourage,Sam Gibson,53,,,,Rediscovering Church: Strengthen and Encourage - Sam Gibson,ai,book,0.9,1-thessalonians 3,"Strengthen and encourage in suffering, 1 Thess 3",1,rediscovering church|2023-07,
1qzRU9IcPlkr6q9nLI5fgV,mapped,2023-07-24,Rediscovering Church,The Word of God,Suzy Silk,54,,,,Rediscovering Church: The Word of God - Suzy Silk,series,book,0.82,1-thessalonians 2,"Receiving the word of God, 1 Thess 2:13",1,rediscovering church|2023-07,Rediscovering Church (rediscovering church|2023-07): 1-thessalonians 8.0/8.0 votes
3wVe0eir8mbiz0GGls4Jum,mapped,2023-07-17,Rediscovering Church,Restoring Leadership Credibility to a Scandalized Church,Jon Tyson,62,1 Thessalonians 2:1-12,,,Rediscovering Church: Restoring Leadership Credibility to a Scandalized Church - Jon Tyson,regex,,,,,,rediscovering church|2023-07,
0IabCikKtd3k1NvOLGwPbu,mapped,2023-07-10,Rediscovering Church,The Model Church,Suzy Silk,56,,,,Rediscovering Church: The Model Church - Suzy Silk,ai,book,0.93,1-thessalonians 1,"Thessalonians as model church, 1 Thess 1",1,rediscovering church|2023-07,
3wmP3Rx5WV3D6QBvtxR6cv,mapped,2023-07-03,Rediscovering Church,The Invitation,Keithen Schwahn,60,,,,Rediscovering Church: The Invitation  - Keithen Schwahn,ai,book,0.97,1-thessalonians,"Study through 1 Thessalonians, overview",1,rediscovering church|2023-07,
6abK1LrxqF8X9Y5fEGHOfv,unmapped,2023-06-26,We Want You Here,Consecration in a Time of Compromise,Jon Tyson,65,,,,We Want You Here: Consecration in a Time of Compromise - Jon Tyson,,topical,0.6,,"Consecration call, no text.",2,we want you here|2023-04,
34qAI6ZHWu8hC8h9g1lKTr,unmapped,2023-06-19,We Want You Here,The God Who Seeks and Saves,Ashley Anderson,48,,,,We Want You Here: The God Who Seeks and Saves - Ashley Anderson,,book,0.6,luke 19,"Seek and save the lost, Luke 19:10.",2,we want you here|2023-04,
6YodPF61bMjmKYj80y3UpP,mapped,2023-06-12,,Compassion Sunday,Jon Tyson,59,Jeremiah 9:23-24,,,Compassion Sunday - Jon Tyson,regex,,,,,,,
5uZuXP5VceZWYbwuiYATll,mapped,2023-06-05,We Want You Here,Joining the Chorus,Suzy Silk,47,Psalm 148,,,We Want You Here: Joining the Chorus - Suzy Silk,regex,,,,,,we want you here|2023-04,
1Qxqo9P3f6xjrioBHNWezv,unmapped,2023-05-29,We Want You Here,Praying Through Tears,Jon Tyson,55,,,,We Want You Here: Praying Through Tears - Jon Tyson,,topical,0.5,,"Prayer through tears, no text.",2,we want you here|2023-04,
70NXBVPtioyzXw7drDo0zu,mapped,2023-05-22,We Want You Here,How We Fight Our Battles,Ralph Castillo,38,,,,We Want You Here: How We Fight Our Battles - Ralph Castillo,ai,book,0.96,exodus 17,Israel's victory over Amalekites in Exodus,1,we want you here|2023-04,
6r8u4TtDTB7zjlLtjq45FT,unmapped,2023-05-08,We Want You Here,Resisting Temptation,Jon Tyson,51,,,,We Want You Here: Resisting Temptation - Jon Tyson,,book,0.5,matthew 4,"Temptation theme, likely Jesus tempted.",2,we want you here|2023-04,
3J7H1Nw3lqLTa46INC3dNP,mapped,2023-05-01,We Want You Here,"Prayer, Grief, & Lament",Suzy Silk,57,,,,"We Want You Here: Prayer, Grief, & Lament - Suzy Silk",ai,book,0.9,habakkuk 3,Prayer of the prophet Habakkuk,1,we want you here|2023-04,
6reehufyqWrLVQyEG2r4AR,unmapped,2023-04-24,We Want You Here,Praying The Word,Sam Gibson,54,,,,We Want You Here: Praying The Word - Sam Gibson,,topical,0.55,,"Praying scripture, no single text.",2,we want you here|2023-04,
5qvWUofmvud18MYjhftAm2,unmapped,2023-04-18,We Want You Here,Growing in Love,Jon Tyson,57,,,,We Want You Here: Growing in Love - Jon Tyson,,topical,0.8,,"Bernard of Clairvaux stages of love, no text.",2,we want you here|2023-04,
1LSkjW54BpXjYOrgBHVsBm,unmapped,2023-04-10,,Easter Sunday 2023,Jon Tyson,51,,,,Easter Sunday 2023 - Jon Tyson,,topical,0.55,,Easter message on resurrection; no text evident.,2,,
02njxU9gGDiv84HM4drZ97,unmapped,2023-04-03,God Comes Where He's Wanted 2.0,Palm Sunday,Suzy Silk,50,,,,God Comes Where He's Wanted 2.0: Palm Sunday - Suzy Silk,,book,0.4,matthew 21,Palm Sunday triumphal entry; gospel uncertain.,2,god comes where he s wanted 2 0|2023-02,
45Gicl5jspSBKEolCCh8AM,mapped,2023-03-27,God Comes Where He's Wanted 2.0,Forgiveness,Jon Tyson,53,,,,God Comes Where He's Wanted 2.0: Forgiveness - Jon Tyson,ai,book,0.85,matthew 6,Forgiveness in the context of the Lord's Prayer (Matt 6:14-15).,2,god comes where he s wanted 2 0|2023-02,
2pWFhxonEPDzX6AVl59nTF,unmapped,2023-03-20,God Comes Where He's Wanted 2.0,The Lord's Prayer,Jon Tyson,45,,,,God Comes Where He's Wanted 2.0: The Lord's Prayer - Jon Tyson,,book,0.8,matthew 6,Lord's Prayer (Matt 6:9-13).,2,god comes where he s wanted 2 0|2023-02,
5aKcOPtd7rqylcWxrdKjC6,mapped,2023-03-13,God Comes Where He's Wanted 2.0,"Ask, Seek, Knock",Ashley Anderson,48,Luke 11,,,"God Comes Where He's Wanted 2.0: Ask, Seek, Knock - Ashley Anderson",regex,,,,,,god comes where he s wanted 2 0|2023-02,
5MqLcsivFxROODJpmygPOy,mapped,2023-03-06,God Comes Where He's Wanted 2.0,Asking for a Friend,Suzy Silk,47,Luke 11,,,God Comes Where He's Wanted 2.0: Asking for a Friend - Suzy Silk,regex,,,,,,god comes where he s wanted 2 0|2023-02,
4yB4PH9Eh0G0GkJ5K6S19z,unmapped,2023-02-27,God Comes Where He's Wanted 2.0,Cultivating Revival,Jon Tyson,54,,,,God Comes Where He's Wanted 2.0: Cultivating Revival - Jon Tyson,,book,0.55,2-kings 22; 2-chronicles 34,Josiah's revival from 2 Kings and 2 Chronicles.,2,god comes where he s wanted 2 0|2023-02,
76t5z4DQjSGLdjegSTxWjq,unmapped,2023-02-20,God Comes Where He's Wanted 2.0,Asbury Outpouring,Jon Tyson,55,,,,God Comes Where He's Wanted 2.0: Asbury Outpouring - Jon Tyson,,topical,0.85,,Reflections on Asbury outpouring.,2,god comes where he s wanted 2 0|2023-02,
0QokUgDU0WxVT6bNGPh7dD,unmapped,2023-02-13,God Comes Where He's Wanted,The Cry of the Lord,Suzy Silk,56,,,,God Comes Where He's Wanted: The Cry of the Lord - Suzy Silk,,unknown,0.5,,"Holiness and consecration theme, text not given.",2,god comes where he s wanted|2023-01,
6Rbo6VMpRAYdgrOyEupEhX,mapped,2023-02-08,God Comes Where He's Wanted,The Cry of the Region,Sam Gibson,63,Isaiah 64,,,God Comes Where He's Wanted: The Cry of the Region - Sam Gibson,regex,,,,,,god comes where he s wanted|2023-01,
7oksK6rLx0RQdGthY5cSts,unmapped,2023-01-30,God Comes Where He's Wanted,The Cry of the Church,Lee Cummings,62,,,,God Comes Where He's Wanted: The Cry of the Church - Lee Cummings,,unknown,0.5,,"Altar of the church theme, text not given.",2,god comes where he s wanted|2023-01,
4771yra7ukZ4PSJGcVH6uq,excluded,2023-01-29,,Elder Installment,,15,,,,Elder Installment,,,,,,,,
7nZFyOeRKkZ9CNPYU4nP1Y,unmapped,2023-01-23,God Comes Where He's Wanted,The Cry of the Home,Jon Tyson,60,,,,God Comes Where He's Wanted: The Cry of the Home - Jon Tyson,,unknown,0.5,,"Series sermon on the home, no text given.",2,god comes where he s wanted|2023-01,
2p8PdnOp8MrACrl0GxAUho,unmapped,2023-01-16,God Comes Where He's Wanted,The Cry of the Heart,Jon Tyson,53,,,,God Comes Where He's Wanted: The Cry of the Heart - Jon Tyson,,unknown,0.5,,"Series sermon on the heart, no text given.",2,god comes where he s wanted|2023-01,
0LwsVxoL91LsAYRYxc24hP,unmapped,2023-01-10,,God Comes Where He's Wanted,Jon Tyson,60,,,,God Comes Where He's Wanted - Jon Tyson,,topical,0.6,,Series opener on altars/revival.,2,,
45s0MzCrzsJ2YOzdPHdtYi,unmapped,2022-12-19,Advent Week IV,Lessons & Carols,Jon Tyson,22,,,,Advent Week IV: Lessons & Carols - Jon Tyson,,non_sermon,0.5,,"Lessons and Carols service, largely readings and carols.",2,advent week iv|2022-12,
6Mmqq7pS36XSuajFJbh8W1,mapped,2022-12-12,Advent Week III,There is a Way,Jon Tyson,46,John 14:1-10,,,Advent Week III: There is a Way - Jon Tyson,regex,,,,,,advent week iii|2022-12,
0vpMaeI7ijsj6CrGcg5Lv1,mapped,2022-12-05,Advent Week II,There is a Darkness,Jon Tyson,43,John 3:16-21,,,Advent Week II: There is a Darkness - Jon Tyson,regex,,,,,,advent week ii|2022-12,
0nrLQZRdMFLVzwa6iJSfDV,mapped,2022-11-28,Advent Week I,There is a Light,Suzy Silk,43,John 1,,,Advent Week I: There is a Light - Suzy Silk,regex,,,,,,advent week i|2022-11,
0B8SdLT2rqhkj7tEdwdFhg,mapped,2022-11-21,The Jesus Stuff,Truth,Ashley Anderson,58,,,,The Jesus Stuff: Truth - Ashley Anderson,ai,book,0.93,john 8,"Abide in my word, know the truth, John 8:31-32",1,the jesus stuff|2022-09,
4ZVchIlzsFiP6vrKVv752t,unmapped,2022-11-07,The Jesus Stuff,God's Love,David Bennett,49,,,,The Jesus Stuff: God's Love - David Bennett,,topical,0.65,,Guest testimony-driven talk on God's love.,2,the jesus stuff|2022-09,
4cl2hUrv3zMRUwjTMiC09Q,unmapped,2022-10-31,The Jesus Stuff,Justice Margin,Suzy Silk,51,,,,The Jesus Stuff: Justice Margin - Suzy Silk,,topical,0.5,,"Justice and margin, no text.",2,the jesus stuff|2022-09,
0UZOzRCcxCUGHGXK5xkWpn,unmapped,2022-10-24,The Jesus Stuff,The Table,Jon Tyson,37,,,,The Jesus Stuff: The Table - Jon Tyson,,topical,0.5,,"Who Jesus ate with, no single text.",2,the jesus stuff|2022-09,
6wX4YjdDgvV8lR0bs2MCBS,unmapped,2022-10-17,The Jesus Stuff,The Secret Place,Jon Tyson,49,,,,The Jesus Stuff: The Secret Place - Jon Tyson,,topical,0.5,,"Secret place prayer, no text given.",2,the jesus stuff|2022-09,
2l2gIzzYgP0z48nsD5a97y,unmapped,2022-10-10,The Jesus Stuff,Dependence,Suzy Silk,50,,,,The Jesus Stuff: Dependence - Suzy Silk,,topical,0.55,,"Dependence on Spirit and body, no text.",2,the jesus stuff|2022-09,
5s6FAoSQMvaJYnQk3b5cGp,unmapped,2022-10-03,The Jesus Stuff,Healing,Darren Rouanzoin,49,,,,The Jesus Stuff: Healing - Darren Rouanzoin,,topical,0.5,,"Healing ministry of Jesus, no single text.",2,the jesus stuff|2022-09,
10MgldmshqQS7vIbK6K96b,unmapped,2022-09-26,The Jesus Stuff,The Kingdom,Jon Tyson,49,,,,The Jesus Stuff: The Kingdom - Jon Tyson,,topical,0.55,,"Teaching on what the Kingdom is, no single text.",2,the jesus stuff|2022-09,
0nJif0lEP6j5xfGk7WDJv7,unmapped,2022-09-19,The Jesus Stuff,Radical Obedience,Jon Tyson,52,,,,The Jesus Stuff: Radical Obedience - Jon Tyson,,topical,0.5,,"Radical obedience questions, no text given.",2,the jesus stuff|2022-09,
3lgcGFyMYcKXmoAsKQfR4T,unmapped,2022-09-12,,The Jesus Stuff,Jon Tyson,47,,,,The Jesus Stuff - Jon Tyson,,topical,0.5,,"Series opener on how Jesus lived, no text evident.",2,,
5uipxjLD4fYv0Ncs89xJLf,mapped,2022-09-05,Defiant Joy,The Anatomy of a Movement,Jon Tyson,50,,,,Defiant Joy: The Anatomy of a Movement - Jon Tyson,ai,book,0.93,philippians 4,"Closing of Philippians series, Paul's final message",1,defiant joy|2022-06,
3DYwP5wTxaONMcNgdckfsh,mapped,2022-08-29,Defiant Joy,The Peace of God,Ashley Anderson,52,,,,Defiant Joy: The Peace of God - Ashley Anderson,ai,book,0.97,philippians 4,"Philippians study on the peace of God, Phil 4",1,defiant joy|2022-06,
2sI8CR6TXfZMohMykbB0Z4,mapped,2022-08-22,Defiant Joy,Unity in the Lord,Darren Whitehead,43,,,,Defiant Joy: Unity in the Lord - Darren Whitehead,ai,book,0.97,philippians 4,"Euodia and Syntyche, Phil 4",1,defiant joy|2022-06,
6mmmqPKZYPmszl2XrXC6Cd,mapped,2022-08-15,Defiant Joy,Live Up to Your Citizenship,Suzy Silk,38,,,,Defiant Joy: Live Up to Your Citizenship - Suzy Silk,ai,book,0.97,philippians 3,Heavenly citizenship Phil 3:20,1,defiant joy|2022-06,
7Fhl0N6a02zVgRSTJjYMr8,mapped,2022-08-08,Defiant Joy,Thoroughly Converted,Jon Tyson,49,,,,Defiant Joy: Thoroughly Converted  - Jon Tyson,ai,book,0.97,philippians 3,Beginning of Philippians 3,1,defiant joy|2022-06,
1Big3htJGC9lJFogOjCFxs,mapped,2022-08-04,Defiant Joy,The Concerns of Christ,Suzy Silk,45,,,,Defiant Joy: The Concerns of Christ - Suzy Silk,ai,book,0.97,philippians 2,Last section of Philippians 2,1,defiant joy|2022-06,
0ArlUxaZNU2TMgJuCk8qYr,mapped,2022-07-26,Defiant Joy,Complain or Contribute,,57,Philippians 2,,,Defiant Joy: Complain or Contribute,regex,,,,,,defiant joy|2022-06,
4D6KJGnzJ1g0Dk9nqT41Qv,mapped,2022-07-18,Defiant Joy,Grasping or Giving: Community in the way of Jesus,Jon Tyson,53,,,,Defiant Joy: Grasping or Giving: Community in the way of Jesus - Jon Tyson,ai,book,0.97,philippians 2,Philippians 2 mindset of Christ,1,defiant joy|2022-06,
3Su65T8XQZ2r3OkX1ZvTsR,mapped,2022-07-11,Defiant Joy,Unity & Division,Jon Tyson,50,,,,Defiant Joy: Unity & Division  - Jon Tyson,ai,book,0.97,philippians 1,"Philippians unity, 1:27 ff",1,defiant joy|2022-06,
49JkzTagUwCW8u4HR0ngJD,mapped,2022-07-06,Defiant Joy,No Matter What,Matt Ro,54,,,,Defiant Joy: No Matter What - Matt Ro,ai,book,0.97,philippians 1,"For to me to live is Christ, Phil 1:21",1,defiant joy|2022-06,
4Qn7sHoU8cHMt4UjUBkx8p,mapped,2022-06-29,Defiant Joy,Proclamation of the Gospel,Suzy Silk,37,,,,Defiant Joy: Proclamation of the Gospel  - Suzy Silk,ai,book,0.97,philippians 1,Philippians 1 gospel advanced while in prison,1,defiant joy|2022-06,
7A12JfeteMJYmzi2zGKU4j,unmapped,2022-06-29,,Above All Else,Banning Liebscher,48,,,,Above All Else - Banning Liebscher,,book,0.7,proverbs 4,"Guarding the heart, Proverbs 4:23.",2,,
7368gBBtxWosodqXDCTlnL,mapped,2022-06-14,Defiant Joy,The Work of God,Suzy Silk,36,,,,Defiant Joy: The Work of God - Suzy Silk,ai,book,0.97,philippians 1,"Philippians study, Paul rejoicing in prison",1,defiant joy|2022-06,
6sgTGTWvvh36p8kzH3dExK,mapped,2022-06-07,Defiant Joy,A Study Through Philippians,Jon Tyson,43,,,,Defiant Joy: A Study Through Philippians  - Jon Tyson,ai,book,0.97,philippians 1,Philippians study kickoff,1,defiant joy|2022-06,
3OrJASqZdL2SfYsuIaarx2,mapped,2022-05-31,,Seizing Divine Moments,Guy Wasko,34,,,,Seizing Divine Moments - Guy Wasko,ai,book,0.93,1-samuel 14,"Jonathan's story in 1 Samuel, showing up with nothing",1,,
5cBsAp0aYX93LrH1WkhhIE,mapped,2022-05-23,Seeing Jesus,Through Despair,Suzy Silk,41,,,,Seeing Jesus: Through Despair - Suzy Silk,ai,book,0.95,john 20,Mary Magdalene at the tomb,1,seeing jesus|2022-04,
6J6Qv1X5dgsfAiB4Qmlc35,unmapped,2022-05-17,,Seeing Jesus Through Denying Faith,Jon Tyson,53,,,,Seeing Jesus Through Denying Faith  - Jon Tyson,,unknown,0.5,,About Judas' betrayal; Gospel text not specified.,2,,
1Icec1ceJOqKIwO4zWDYcT,mapped,2022-05-10,Seeing Jesus,Through Doubt,Jon Tyson,43,,,,Seeing Jesus: Through Doubt  - Jon Tyson,ai,book,0.95,john 20,Thomas' doubt,1,seeing jesus|2022-04,
1Xd6J211kzl3Sru8RxA5Uw,mapped,2022-05-03,Seeing Jesus,Through Disappointment,Suzy Silk,47,,,,Seeing Jesus: Through Disappointment - Suzy Silk,ai,book,0.96,luke 24,Road to Emmaus,1,seeing jesus|2022-04,
6z4cmXUSbsvguYoP32SL66,mapped,2022-04-27,Seeing Jesus,When Your Faith Fails,Jon Tyson,41,,,,Seeing Jesus: When Your Faith Fails - Jon Tyson,ai,book,0.85,john 21,"Peter restored after failure, John 21.",2,seeing jesus|2022-04,
4hvbH2Nzxzppt5MA4Hck3O,mapped,2022-04-19,Easter Sunday,Seeing Jesus,Jon Tyson,43,,,,Easter Sunday: Seeing Jesus  - Jon Tyson,ai,book,0.88,john 20,Seeing Jesus in John's resurrection account.,2,easter sunday|2022-04,
1jsDZkDaFWznmUX1Ch0sd6,mapped,2022-04-12,Converting the Church,Resisting Mercy,Jon Tyson,48,,,,Converting the Church: Resisting Mercy - Jon Tyson,ai,book,0.95,matthew 23,Series on the seven woes to the Pharisees; siblings all Matthew 23,1,converting the church|2022-02,
4Js70CzPbBGWlJIzOTrKzS,mapped,2022-04-05,Converting the Church,Kill the Prophets,Suzy Silk,38,Matthew 23,,,Converting the Church: Kill the Prophets - Suzy Silk,regex,,,,,,converting the church|2022-02,
3SRzxQpPYTnZhNfsqra4lN,mapped,2022-03-29,Converting the Church,Whitewashed Tombs,Jon Tyson,48,,,,Converting the Church: Whitewashed Tombs - Jon Tyson,ai,book,0.95,matthew 23,Series on the seven woes to the Pharisees; siblings all Matthew 23,1,converting the church|2022-02,
0oeD95TWFn7fTlwPfud0BU,mapped,2022-03-22,Converting the Church,Inside vs. Outside,Ashley Anderson,42,Matthew 23,,,Converting the Church: Inside vs. Outside  - Ashley Anderson,regex,,,,,,converting the church|2022-02,
5IQbVGz7eKJMKv07AV6B2p,mapped,2022-03-14,Converting the Church,Weightier Things,Jon Tyson,49,,,,Converting the Church: Weightier Things - Jon Tyson,ai,book,0.95,matthew 23,Series on the seven woes to the Pharisees; siblings all Matthew 23,1,converting the church|2022-02,
4xl6hGXk2aLDPY5GQIYiq4,mapped,2022-03-07,Converting the Church,False Promises,Suzy Silk,35,,,,Converting the Church: False Promises - Suzy Silk,ai,book,0.95,matthew 23,Series on the seven woes to the Pharisees; siblings all Matthew 23,1,converting the church|2022-02,
49Z38bSkr9tKAJalzUgFSo,mapped,2022-03-01,Converting the Church,Converts of Hell,Jon Tyson,56,Matthew 23,,,Converting the Church: Converts of Hell - Jon Tyson,regex,,,,,,converting the church|2022-02,
77pGscLX0NXfcQvVmH78AF,mapped,2022-02-21,Converting the Church,Shutting Doors in People's Faces,Ralph Castillo,40,,,,Converting the Church: Shutting Doors in People's Faces - Ralph Castillo,ai,book,0.95,matthew 23,Series on the seven woes to the Pharisees; siblings all Matthew 23,1,converting the church|2022-02,
3oVgC1uL9dQ78ViGp78URj,mapped,2022-02-15,Converting the Church,Everything for Show,Jon Tyson,49,,,,Converting the Church: Everything for Show  - Jon Tyson,ai,book,0.95,matthew 23,Series on the seven woes to the Pharisees; siblings all Matthew 23,1,converting the church|2022-02,
38egnbs6JRaQL7e5e83VfL,mapped,2022-02-07,Converting the Church,Heavy Burdens,Jon Tyson,45,Matthew 23,,,Converting the Church: Heavy Burdens - Jon Tyson,regex,,,,,,converting the church|2022-02,
5q8f5jUDB70uhPTvM0XcJ8,mapped,2022-02-01,SEEKING GOD,Advocates,Suzy Silk,40,Ezekiel 22,,,SEEKING GOD: Advocates - Suzy Silk,regex,,,,,,seeking god|2022-01,
6wKIbNZeLwdNuMGxndLPL2,mapped,2022-01-25,SEEKING GOD,Worshipers,Jon Tyson,49,,,,SEEKING GOD: Worshipers - Jon Tyson,ai,book,0.97,john 4,Woman at the well,1,seeking god|2022-01,
1MSpjabF7OTOHU7c3FWZG3,mapped,2022-01-18,SEEKING GOD,Intercessors,Corey Russell,61,Isaiah 59,,,SEEKING GOD: Intercessors - Corey Russell,regex,,,,,,seeking god|2022-01,
31Tk6T7P03GCMFiYOdPl7q,mapped,2022-01-10,SEEKING GOD,The Lost,Jon Tyson,49,,,,SEEKING GOD: The Lost - Jon Tyson,ai,book,0.93,luke 19; matthew 28,Zacchaeus story plus Great Commission,1,seeking god|2022-01,
7oKHGEjwL5GxMmrgvBC4fG,mapped,2022-01-03,SEEKING GOD,Surrendered Hearts,Jon Tyson,50,,,,SEEKING GOD: Surrendered Hearts - Jon Tyson,ai,book,0.9,2-chronicles 14,"King Asa, description cites 2 Chronicles",1,seeking god|2022-01,
5RdcyNJyWYeOYl8kK1k2E9,unmapped,2021-12-20,Advent,Lessons & Carols,Suzy Silk,21,,,,Advent: Lessons & Carols - Suzy Silk,,book,0.7,luke 1,"Mary in the Lessons & Carols sermonette, Luke 1.",2,advent|2021-11,
3qitOPuQig9CQpGG0LefsN,mapped,2021-12-14,Advent,The Curiosity of Christmas,Jon Tyson,28,,,,Advent: The Curiosity of Christmas - Jon Tyson,ai,book,0.95,matthew 2,Wise Men in Matthew's gospel,1,advent|2021-11,
0yw8Ze1RMsTt8YYL9P3Q00,mapped,2021-12-07,Advent,Longing Contested,Jon Tyson,43,,,,Advent: Longing Contested - Jon Tyson,ai,book,0.85,matthew 1,"Joseph story, Matthew 1.",2,advent|2021-11,
3t0u9m1XkC3Amap9p2qVn5,unmapped,2021-11-30,Advent,Longing Deferred,Olivia Munn-Shirsath,42,,,,Advent: Longing Deferred - Olivia Munn-Shirsath,,book,0.5,proverbs 13,Longing deferred suggests Proverbs 13:12 (echoed in a later Advent series).,2,advent|2021-11,
5uauFqi7RzqS668KnFQPkW,unmapped,2021-11-22,The Way of Jesus,The Way of Justice,Ashley Anderson,49,,,,The Way of Jesus: The Way of Justice - Ashley Anderson,,book,0.8,luke 4,"Jesus inaugurating His ministry announcing justice, Luke 4.",2,the way of jesus|2021-09,
3taDYy8gzQni5CYR9g9zb2,mapped,2021-11-18,The Way of Jesus,The Way of Gratitude,Suzy Silk,39,,,,The Way of Jesus: The Way of Gratitude - Suzy Silk,ai,book,0.96,luke 17,"Ten lepers, Luke 17",1,the way of jesus|2021-09,
7LIq8FwOv06of4BAn3r18a,unmapped,2021-11-10,The Way of Jesus,The Way of Encounter,Jon Tyson,54,,,,The Way of Jesus: The Way of Encounter - Jon Tyson,,topical,0.5,,"Personal T.I.M.E. practice, no text.",2,the way of jesus|2021-09,
6GAbTRh8hXXEB5lOiZUq3Y,unmapped,2021-11-01,The Way of Jesus,The Way of Prayer,Jon Tyson,53,,,,The Way of Jesus: The Way of Prayer - Jon Tyson,,book,0.5,philippians 4,"Peace of God amid anxiety, Phil 4:6-7.",2,the way of jesus|2021-09,
5fkyaMAkj7UMfXBQIcr3Mk,mapped,2021-10-28,The Way of Jesus,The Way of Mercy,Ralph Castillo,36,,,,The Way of Jesus: The Way of Mercy - Ralph Castillo,ai,book,0.96,jonah,Story of Jonah named,1,the way of jesus|2021-09,
1b5nrUcDIMPeJ7YzO8hSi0,mapped,2021-10-21,The Way of Jesus,The Way of Dependance,Ashley Anderson,46,,,,The Way of Jesus: The Way of Dependance - Ashley Anderson,ai,book,0.93,john 15,"Abiding, John 15",1,the way of jesus|2021-09,
4BbnsCcgcUg6tcMNSOsBde,unmapped,2021-10-11,The Way of Jesus,The Way of Remembrance,Jon Tyson,59,,,,The Way of Jesus: The Way of Remembrance - Jon Tyson,,book,0.4,psalms 16,Setting the Lord before us echoes Psalm 16:8.,2,the way of jesus|2021-09,
5H7e3jUXm7pvTcCot0h6zD,unmapped,2021-10-04,The Way of Jesus,The Way of Confrontation,Jon Tyson,56,,,,The Way of Jesus: The Way of Confrontation - Jon Tyson,,unknown,0.5,,"Confrontation in formation, text not given.",2,the way of jesus|2021-09,
56KhyRH1gtocfaEafNvHYT,mapped,2021-09-28,The Way of Jesus,The Way of Devotion,Suzy Silk,43,,,,The Way of Jesus: The Way of Devotion - Suzy Silk,ai,book,0.93,matthew 13,"Parables of treasure and pearl, Matthew 13:44-46",1,the way of jesus|2021-09,
1C0MXbZ8sUcIC0XgUtx8TB,unmapped,2021-09-21,The Way of Jesus,Self-Denial,Jon Tyson,66,,,,The Way of Jesus: Self-Denial - Jon Tyson,,book,0.45,matthew 16,"Deny self, take up cross, follow (Matt 16:24 or parallels).",2,the way of jesus|2021-09,
4t0N0ZXfgP0Y5yzjGz9NKi,unmapped,2021-09-15,The Way of Jesus,Introduction,Jon Tyson,42,,,,The Way of Jesus: Introduction - Jon Tyson,,unknown,0.5,,"Series intro, text not given.",2,the way of jesus|2021-09,
1QdiZ9fbu8Ipv6ZbTKJ3RB,mapped,2021-09-06,Colossians,The Movement You Long For,Suzy Silk,46,Colossians,,,Colossians: The Movement You Long For - Suzy Silk,regex,,,,,,colossians|2021-06,
55xwZpCYMmabG7MVOQlg9q,mapped,2021-08-30,Colossians,The Mission You Long For,Adam Durso,37,Colossians,,,Colossians: The Mission You Long For - Adam Durso,regex,,,,,,colossians|2021-06,
6FNX1fNZF6mgNvBZHgRe9w,mapped,2021-08-23,Colossians,The Family You Long for,Olivia Munn-Shirsath,50,Colossians,,,Colossians: The Family You Long for - Olivia Munn-Shirsath,regex,,,,,,colossians|2021-06,
7xmEABOC9Pc8fu0mFs3t1X,mapped,2021-08-16,Colossians,The Peace You Long For,Ralph Castillo,37,Colossians,,,Colossians: The Peace You Long For - Ralph Castillo,regex,,,,,,colossians|2021-06,
2nfQ3R55bbLhZInh2DjIfT,mapped,2021-08-09,Colossians,The Transformation You Long For,Ashley Anderson,44,Colossians,,,Colossians: The Transformation You Long For - Ashley Anderson,regex,,,,,,colossians|2021-06,
5VJ2e2wJr6GbAi9dcdYfUv,mapped,2021-08-02,Colossians,The Freedom You Long For,Suzy Silk,37,Colossians,,,Colossians: The Freedom You Long For - Suzy Silk,regex,,,,,,colossians|2021-06,
4EjhzP6hVmREOCI0jlLGvQ,mapped,2021-07-26,Colossians,The Victory You Long For,Phil Manginelli,55,Colossians,,,Colossians: The Victory You Long For - Phil Manginelli,regex,,,,,,colossians|2021-06,
217fg5cKNjxwyU0zBWvDJL,mapped,2021-07-19,Colossians,The Stability You Long For,Suzy Silk,37,Colossians,,,Colossians: The Stability You Long For - Suzy Silk,regex,,,,,,colossians|2021-06,
7kTKfcDmfNRDXVfgT9BACK,mapped,2021-07-12,Colossians,The Maturity You Long For,Jon Tyson,52,Colossians,,,Colossians: The Maturity You Long For - Jon Tyson,regex,,,,,,colossians|2021-06,
2uOP7atEZtPEX8in9I2cJX,mapped,2021-07-06,Colossians,The Holiness You Long For,Jon Tyson,42,Colossians,,,Colossians: The Holiness You Long For - Jon Tyson,regex,,,,,,colossians|2021-06,
2ZYI26kYfPWzc91G14dlha,mapped,2021-06-28,Colossians,The Savior You Long For,Olivia Munn-Shirsath,29,Colossians,,,Colossians: The Savior You Long For - Olivia Munn-Shirsath,regex,,,,,,colossians|2021-06,
2ZjmmffzXPJ26A7L4wFlPh,mapped,2021-06-21,Colossians,The Power You Long For,Ralph Castillo,30,Colossians,,,Colossians: The Power You Long For - Ralph Castillo,regex,,,,,,colossians|2021-06,
76mWABFM4sbCVYVAu94Crg,mapped,2021-06-15,Colossians,The Good News You Long For,Jon Tyson,43,Colossians,,,Colossians: The Good News You Long For - Jon Tyson,regex,,,,,,colossians|2021-06,
2RUfHdcNqYTbjFZtvfIsMx,mapped,2021-06-07,Colossians,The Life You Long For,Jon Tyson,34,Colossians,,,Colossians: The Life You Long For - Jon Tyson,regex,,,,,,colossians|2021-06,
4V0mI1A0Mhg7QEV9qf1BNE,unmapped,2021-05-31,Unexpected Jesus,Unexpected Change,Jon Tyson,34,,,,Unexpected Jesus: Unexpected Change - Jon Tyson,,book,0.55,psalms 51,Broken spirit and contrite heart echo Psalm 51.,2,unexpected jesus|2021-04,
7r5yc0MsvYXo1ugwifvIuf,mapped,2021-05-24,Unexpected Jesus,Unexpected Inclusion,Ashley Anderson,45,,,,Unexpected Jesus: Unexpected Inclusion - Ashley Anderson,ai,book,0.97,john 4,Woman at the well,1,unexpected jesus|2021-04,
4ORQSTpqiSN9MycahMak38,unmapped,2021-05-17,Unexpected Jesus,Unexpected Faithfulness,Jon Tyson,49,,,,Unexpected Jesus: Unexpected Faithfulness - Jon Tyson,,unknown,0.5,,"Jesus' faithfulness, text not given.",2,unexpected jesus|2021-04,
5iGHjM0wVrUyFlSfIlPOoL,unmapped,2021-05-10,Unexpected Jesus,Unexpected Peace,Suzy Silk,39,,,,Unexpected Jesus: Unexpected Peace - Suzy Silk,,book,0.45,mark 4,Jesus calming the storm; gospel uncertain.,2,unexpected jesus|2021-04,
5Hu0pSf5KAuGTMoJs8ynw2,mapped,2021-05-03,Unexpected Jesus,Unexpected Visitation,Rafael Castillo,32,,,,Unexpected Jesus : Unexpected Visitation - Pastor Rafael Castillo,ai,book,0.96,luke 24,Emmaus road,1,unexpected jesus|2021-04,
6FOmu2DyeaCWfObxPxafZN,unmapped,2021-04-26,Unexpected Jesus,No Quid Pro Quo,Dr. Bryan Loritts,40,,,,Unexpected Jesus: No Quid Pro Quo - Dr. Bryan Loritts,,book,0.55,luke 6,"Give up rights, love enemies suggests Luke 6.",2,unexpected jesus|2021-04,
7gdhuddNGU25ASyUxjKUF2,mapped,2021-04-19,Unexpected Jesus,Unexpected Extravagance,Olivia Munn-Shirsath,31,,,,Unexpected Jesus: Unexpected Extravagance - Olivia Munn-Shirsath,ai,book,0.9,john 12,Mary of Bethany anointing Jesus' feet with costly perfume,1,unexpected jesus|2021-04,
4NPs5EhxTc54VYEquNM8Rj,unmapped,2021-04-12,Unexpected Jesus,Unexpected Kingdom,Jon Tyson,43,,,,Unexpected Jesus: Unexpected Kingdom - Jon Tyson,,unknown,0.5,,"Series kickoff on kingdom, text not given.",2,unexpected jesus|2021-04,
1fBfKSAqjjiHIK6A8g9RHL,unmapped,2021-03-29,Sin,Falling Short,Suzy Silk,31,,,,Sin: Falling Short - Suzy Silk,,book,0.6,matthew 26,Gethsemane on the Holy Week Sunday.,2,sin|2021-03,
6ANcnovUpt5cfHAyzsGoHK,unmapped,2021-03-22,Sin,Lawlessness,Jon Tyson,39,,,,Sin: Lawlessness - Jon Tyson,,unknown,0.5,,"Lawlessness, text not given.",2,sin|2021-03,
5Hv7yqoFNHkTXq33Fyz90x,unmapped,2021-03-17,Sin,Adultery,Ashley Anderson,41,,,,Sin: Adultery - Ashley Anderson,,book,0.5,hosea,Israel's covenant adultery theme points to Hosea.,2,sin|2021-03,
4TGwvCvwHqOADpks8B2Eai,unmapped,2021-03-08,Sin,Idolatry,Olivia Munn-Shirsath,45,,,,Sin: Idolatry - Olivia Munn-Shirsath,,book,0.65,exodus 32,Impatience leading to idolatry suggests the golden calf.,2,sin|2021-03,
0nr1o8aTP8Jg46SaKGPQQl,mapped,2021-03-06,Sin,Rebellion,Jon Tyson,38,Genesis 3,,,Sin: Rebellion - Jon Tyson,regex,,,,,,sin|2021-03,
7eDGmdFsi3LNyzacllRnFL,unmapped,2021-03-03,Sin,An Overview,Suzy Silk,42,,,,Sin: An Overview - Suzy Silk,,topical,0.5,,"Overview of sin, no single text.",2,sin|2021-03,
7kdXflBWT56WCO3jOpNa4z,unmapped,2021-02-15,A Creative Minority,Participation,Jon Tyson,35,,,,A Creative Minority: Participation - Jon Tyson,,topical,0.55,,Thematic teaching with no single primary text.,2,a creative minority|2021-01,
2YpQ2lCfz7Ze7lMAmuiAGu,unmapped,2021-02-08,A Creative Minority,Authority,Suzy Silk,43,,,,A Creative Minority: Authority - Suzy Silk,,topical,0.55,,Thematic teaching with no single primary text.,2,a creative minority|2021-01,
7zPcxsQpGUpLJ7T5j8rLCY,unmapped,2021-02-01,A Creative Minority,Practices,Jon Tyson,40,,,,A Creative Minority: Practices - Jon Tyson,,topical,0.6,,Creative Minority series is thematic.,2,a creative minority|2021-01,
6ELxLeWVaNkJFeHsTbkv0l,unmapped,2021-01-25,A Creative Minority,Ethics,Olivia Munn-Shirsath,39,,,,A Creative Minority: Ethics - Olivia Munn-Shirsath,,topical,0.6,,Creative Minority series is thematic.,2,a creative minority|2021-01,
1i4yTmfaIB3rMMUTWsBQ65,unmapped,2021-01-18,A Creative Minority,Narrative,Jon Tyson,44,,,,A Creative Minority: Narrative - Jon Tyson,,topical,0.6,,Creative Minority series is thematic.,2,a creative minority|2021-01,
4gduZ4WrxATWe1zXVyqDja,unmapped,2021-01-10,A Creative Minority,Covenant,Jon Tyson,35,,,,A Creative Minority: Covenant - Jon Tyson,,topical,0.6,,Creative Minority series is thematic.,2,a creative minority|2021-01,
50wK1W4szPfrgwn7jNB6Nk,unmapped,2021-01-04,Vision Sunday,Cause for Confidence,Jon Tyson,43,,,,Vision Sunday: Cause for Confidence - Jon Tyson,,topical,0.8,,Vision Sunday.,2,vision sunday|2021-01,
2cvv9I83UemWuxu2E4GdWr,excluded,2020-12-29,,A Year for the Books,Jon Tyson,13,,,,A Year for the Books - Jon Tyson,,,,,,,,
3vrxD4dC1pHiOo15fXRFO9,mapped,2020-12-22,A Defiant Christmas,Defiant Love,Jon Tyson,24,Isaiah 61,,,A Defiant Christmas: Defiant Love - Jon Tyson,regex,,,,,,a defiant christmas|2020-11,
1iK87tVxrwCGJ3qyOlWDAw,mapped,2020-12-14,A Defiant Christmas,Defiant Joy,Suzy Silk,23,Proverbs 13:12,,,A Defiant Christmas: Defiant Joy - Suzy Silk,regex,,,,,,a defiant christmas|2020-11,
7INeNgYicgjtUqlAKk0Xql,unmapped,2020-12-07,A Defiant Christmas,Defiant Peace,Jon Tyson,24,,,,A Defiant Christmas: Defiant Peace - Jon Tyson,,book,0.5,isaiah 9,Defiant peace and the Prince of Peace suggests Isaiah 9:6.,2,a defiant christmas|2020-11,
34QTKDTs3g5L9lPvNNOaBj,excluded,2020-11-30,A Defiant Christmas,Defiant Hope,Suzy Silk,18,,,,A Defiant Christmas: Defiant Hope - Suzy Silk,,,,,,,a defiant christmas|2020-11,
6D7j1s3CvISiM0t5TYPyLg,mapped,2020-11-23,Disruptive Discipleship,City on a Hill,Jon Tyson,40,,,,Disruptive Discipleship: City on a Hill -  Jon Tyson,ai,book,0.95,matthew 5,Salt and light closes the Beatitudes passage,1,disruptive discipleship|2020-09,
4Dw5rE6Lyq8khYVDsfCOoo,mapped,2020-11-16,Disruptive Discipleship,Blessed are the Persecuted,Jon Tyson,49,,,,Disruptive Discipleship: Blessed are the Persecuted - Jon Tyson,ai,book,0.95,matthew 5,"Blessed are the persecuted, Matthew 5",1,disruptive discipleship|2020-09,
1pTiRTlICjDg5ttDrpY6iJ,mapped,2020-11-08,Disruptive Discipleship,Calling All Peacemakers,Jon Tyson,41,Matthew 5:9,,,Disruptive Discipleship: Calling All Peacemakers - Jon Tyson,regex,,,,,,disruptive discipleship|2020-09,
3ck6IEuNJWqtxc6yAz8q8F,mapped,2020-11-02,Disruptive Discipleship,The Pure in Heart,Ashley Anderson,39,,,,Disruptive Discipleship: The Pure in Heart - Ashley Anderson,ai,book,0.95,matthew 5,"Beatitudes series, Matthew 5",1,disruptive discipleship|2020-09,
5rASK7zjQsV9bfSOWYD8DP,mapped,2020-10-27,Disruptive Discipleship,Blessed are the Merciful,Dr. Derwin Gray,27,,,,Disruptive Discipleship: Blessed are the Merciful - Dr. Derwin Gray,ai,book,0.85,matthew 5; luke 10,"Fifth beatitude, with Good Samaritan illustration",1,disruptive discipleship|2020-09,
1WKMxIqMcxIiUG9u5aQxJx,mapped,2020-10-20,Disruptive Discipleship,Those Who Hunger and Thirst,Jon Tyson,44,,,,Disruptive Discipleship: Those Who Hunger and Thirst - Jon Tyson,ai,book,0.95,matthew 5,"Beatitudes series, Matthew 5",1,disruptive discipleship|2020-09,
6hP93KUeX68neqQW2GLBBo,mapped,2020-10-13,Disruptive Discipleship,Blessed Are The Meek,Suzy Silk,40,,,,Disruptive Discipleship: Blessed Are The Meek - Suzy Silk,ai,book,0.95,matthew 5,"Beatitudes series, Matthew 5",1,disruptive discipleship|2020-09,
4gGGkpV2enaP6XcALJb8uI,mapped,2020-10-05,Disruptive Discipleship,Those Who Mourn,Olivia Munn-Shirsath,31,,,,Disruptive Discipleship: Those Who Mourn - Olivia Munn-Shirsath,ai,book,0.95,matthew 5,"Beatitudes series, Matthew 5",1,disruptive discipleship|2020-09,
2tVcxrtVmSqF2x18AfNy6T,mapped,2020-09-28,Disruptive Discipleship,The Poor in Spirit,Jon Tyson,51,,,,Disruptive Discipleship: The Poor in Spirit - Jon Tyson,ai,book,0.95,matthew 5,"Beatitudes series, Matthew 5",1,disruptive discipleship|2020-09,
5q8jJYeFeSK0pMOSmzJx28,mapped,2020-09-21,Disruptive Discipleship,The Beatitudes,Jon Tyson,35,,,,Disruptive Discipleship: The Beatitudes - Jon Tyson,ai,book,0.95,matthew 5,"Beatitudes series, Matthew 5",1,disruptive discipleship|2020-09,
6RlGflL6rQmEpo4P6c5Qn9,unmapped,2020-09-14,,Fall Vision Sunday,Jon Tyson,54,,,,Fall Vision Sunday - Jon Tyson,,topical,0.92,,Vision Sunday.,2,,
4kU9R8EX1O7YREmEb5XaRL,mapped,2020-09-07,Crying Out,A Cry for the Harvest,Suzy Silk,44,Luke 10:1-4,,,Crying Out: A Cry for the Harvest - Suzy Silk,regex,,,,,,crying out|2020-06,
4rsaVkHdnP3nzk52vh5CQS,mapped,2020-08-31,Crying Out,Prioritizing Prayer,Dimas Salaberrios,42,Daniel 6:1-11,,,Crying Out: Prioritizing Prayer - Dimas Salaberrios,regex,,,,,,crying out|2020-06,
6ye4Y2d1JgWqKOzDzjKmL3,unmapped,2020-08-24,Crying Out,A Cry for Repentance,Jon Tyson,50,,,,Crying Out: A Cry for Repentance - Jon Tyson,,unknown,0.5,,"Repentance arc (rebuild ruins, destroy idols) with no stated book.",2,crying out|2020-06,
5hD1LUIVImhLf9EOHM6Zgh,unmapped,2020-08-17,Crying Out,A Cry for Intervention,Jon Tyson,43,,,,Crying Out: A Cry for Intervention - Jon Tyson,,topical,0.75,,"Prayer-for-intervention message, no text.",2,crying out|2020-06,
7AdrT0Lj9fgNppvKXic8Dw,unmapped,2020-08-10,Crying Out,A Cry for Wisdom,Suzy Silk,37,,,,Crying Out: A Cry for Wisdom - Suzy Silk,,topical,0.55,,"Wisdom survey across scripture, no single book evident.",2,crying out|2020-06,
5nbUw0sv9CXceSghAOa623,mapped,2020-08-03,Crying Out,The Cry of the Poor in Spirit,Dr. Bryan Loritts,34,,,,Crying Out: The Cry of the Poor in Spirit - Dr. Bryan Loritts,ai,book,0.95,matthew 5,"Blessed are the poor in spirit, Sermon on the Mount",1,crying out|2020-06,
3u7XAXUMExRAuLxXppEvu1,mapped,2020-07-27,Crying Out,A Cry for Encouragement Part 2,Jon Tyson,36,Hebrews 10:19-25,,,Crying Out: A Cry for Encouragement Part 2 - Jon Tyson,regex,,,,,,crying out|2020-06,
6mXJquz3nXoFOX529TmbNA,unmapped,2020-07-20,Crying Out,A Cry for Encouragement,Jon Tyson,36,,,,Crying Out: A Cry for Encouragement - Jon Tyson,,book,0.45,hebrews 10,Part 2 is Hebrews 10; part 1 likely the same encouragement text.,2,crying out|2020-06,
3zupE7tuP9Np6ZGWbjKGJ7,unmapped,2020-07-13,Crying Out,Prayer in a Time of Fruitlessness,Suzy Silk,42,,,,Crying Out: Prayer in a Time of Fruitlessness - Suzy Silk,,book,0.7,habakkuk 3,Fruitlessness and treading the high places echo Habakkuk 3:17-19.,2,crying out|2020-06,
6cljiotDvFHZtlAnXtKhoE,unmapped,2020-07-06,Crying Out,A Cry For Others,Jon Tyson,36,,,,Crying Out: A Cry For Others - Jon Tyson,,topical,0.65,,"Teaching on sacrificial living, no text indicated.",2,crying out|2020-06,
4uVBmdlO9UMO9PjVL0UzVl,mapped,2020-06-29,Crying Out,Coaching Tips to Bridge Racial Barriers,Dr. David Ireland,42,Galatians 2:11-14,,,Crying Out: Coaching Tips to Bridge Racial Barriers - Dr. David Ireland,regex,,,,,,crying out|2020-06,
1Hq1mLCcsfpH5gtQS2886p,mapped,2020-06-22,Crying Out,A Cry for Breakthrough,Jon Tyson,43,Isaiah 53:12,,,Crying Out: A Cry for Breakthrough - Jon Tyson,regex,,,,,,crying out|2020-06,
3kaRG0QX7tAzIfPWSpf9vi,unmapped,2020-06-15,Crying Out,The Cry of the Heart,David Bailey,48,,,,Crying Out: The Cry of the Heart - David Bailey,,book,0.55,psalms,Description says God gave language of lament through the Psalms.,2,crying out|2020-06,
7o7it8G8q7KalKu3dTWWzC,mapped,2020-06-08,Crying Out,Prophetic Lament,Suzy Silk,42,Ezekiel 9:4,,,Crying Out: Prophetic Lament - Suzy Silk,regex,,,,,,crying out|2020-06,
7sdDpQz0hlbCQddZysk7Mb,mapped,2020-06-01,Crying Out,That You May Pray,Jon Tyson,58,1 Peter 4:7,,,Crying Out: That You May Pray - Jon Tyson,regex,,,,,,crying out|2020-06,
4Lmv48oAF3qEZq8bfRgOrG,excluded,2020-05-27,Self-Control in a Time of Self-Fulfillment,Devotional 2,,8,,,,Self-Control in a Time of Self-Fulfillment: Devotional 2,,,,,,,self control in a time of self fulfillment|2020-05,
3uyJZQuxPlIVHXLr4ZNlO2,excluded,2020-05-27,Self-Control in a Time of Self-Fulfillment,Devotional 1,,8,,,,Self-Control in a Time of Self-Fulfillment: Devotional 1,,,,,,,self control in a time of self fulfillment|2020-05,
5aKfrVHTa3KOOwx824Nkyx,mapped,2020-05-25,Church in a time of Crisis,Self-Control in a Time of Self-Fulfillment,Jon Tyson,43,,,,Church in a time of Crisis: Self-Control in a Time of Self-Fulfillment - Jon Tyson,ai,book,0.88,galatians 5,"Fruit of the Spirit series, Galatians 5",1,church in a time of crisis|2020-03,
0b7nCkdPyNWfcqQZhcfs9J,excluded,2020-05-23,Gentleness in a Time of Roughness,Devotional 5,,5,,,,Gentleness in a Time of Roughness: Devotional 5,,,,,,,gentleness in a time of roughness|2020-05,
1du6EbyB9m70rJVv83MiKJ,excluded,2020-05-22,Gentleness in a Time of Roughness,Devotional 4,,5,,,,Gentleness in a Time of Roughness: Devotional 4,,,,,,,gentleness in a time of roughness|2020-05,
1Z9JnAH8tqCIXKl9rldg2e,excluded,2020-05-21,Gentlessness in a Time of Roughness,Devotional 3,,6,,,,Gentlessness in a Time of Roughness: Devotional 3,,,,,,,gentlessness in a time of roughness|2020-05,
3Db2UYaFghsKsUfa1er94p,excluded,2020-05-20,Gentleness in a Time of Roughness,Devotional 2,,4,,,,Gentleness in a Time of Roughness: Devotional 2,,,,,,,gentleness in a time of roughness|2020-05,
2AoYKPg2vVTkEy4lugvjXD,excluded,2020-05-19,Gentleness in a Time of Roughness,Devotional 1,,5,,,,Gentleness in a Time of Roughness: Devotional 1,,,,,,,gentleness in a time of roughness|2020-05,
2ZrTdbJp986YlVNTpmZiO1,unmapped,2020-05-18,The Church in A Time of Crisis,Gentleness in a Time of Roughness,Suzy Silk,34,,,,The Church in A Time of Crisis: Gentleness in a Time of Roughness - Suzy Silk,,unknown,0.5,,"Gentleness teaching, text not given.",2,the church in a time of crisis|2020-05,
54MjoSCeLxO8uQlKG8iaKr,excluded,2020-05-16,Faithfulness in a Time of Compromise,Devotional 5,,9,,,,Faithfulness in a Time of Compromise: Devotional 5,,,,,,,faithfulness in a time of compromise|2020-05,
37F9DNgSlDVaFxLqL0Buy9,excluded,2020-05-15,Faithfulness in a Time of Compromise,Devotional 4,,8,,,,Faithfulness in a Time of Compromise: Devotional 4,,,,,,,faithfulness in a time of compromise|2020-05,
4zOwXei94xi0i2ui3CwBEZ,excluded,2020-05-14,Faithfulness in a Time of Compromise,Devotional 3,,8,,,,Faithfulness in a Time of Compromise: Devotional 3,,,,,,,faithfulness in a time of compromise|2020-05,
3PYqT5S5WXBefueI0Vxfaf,excluded,2020-05-13,Faithfulness in a Time of Compromise,Devotional 2,,6,,,,Faithfulness in a Time of Compromise: Devotional 2,,,,,,,faithfulness in a time of compromise|2020-05,
0XbGwHBTwGYUUUDErm2Eoe,excluded,2020-05-12,"Race, Class, Reconciliation and the Kingdom of God",A Conversation with David Bailey,David Bailey,50,,,,"Race, Class, Reconciliation and the Kingdom of God: A Conversation with David Bailey",,non_sermon,0.97,,Interview with David Bailey.,2,race class reconciliation and the kingdom of god|2020-05,
7fjEzIbJCixm6PXTVi8e1D,excluded,2020-05-12,Faithfulness in a Time of Compromise,Devotional 1,,6,,,,Faithfulness in a Time of Compromise: Devotional 1,,,,,,,faithfulness in a time of compromise|2020-05,
6CZKOIM2AbY80hGqtRvT8e,mapped,2020-05-11,Church in a Time of Crisis,Faithfulness in a Time of Compromise,Jon Tyson,38,,,,Church in a Time of Crisis: Faithfulness in a Time of Compromise - Jon Tyson,ai,book,0.85,galatians 5,"Fruit of the Spirit series, Galatians 5",1,church in a time of crisis|2020-03,
0byeXG51tYKjBE45kDCEBo,excluded,2020-05-08,Restorative Goodness in a Time of Brokenness,Devotional 4,,7,,,,Restorative Goodness in a Time of Brokenness: Devotional 4,,,,,,,restorative goodness in a time of brokenness|2020-05,
0q41O93ieFQo0QMBpHG0pb,excluded,2020-05-07,Restorative Goodness in a Time of Brokenness,Devotional 3,,7,,,,Restorative Goodness in a Time of Brokenness: Devotional 3,,,,,,,restorative goodness in a time of brokenness|2020-05,
6dDpDb54u4qmeBaNRB4nVv,excluded,2020-05-06,Restorative Goodness in a Time of Brokenness,Devotional 2,,6,,,,Restorative Goodness in a Time of Brokenness: Devotional 2,,,,,,,restorative goodness in a time of brokenness|2020-05,
3dkUrc01AqukCwQeuUst2Q,excluded,2020-05-05,Restorative Goodness in a Time of Brokenness,Devotional 1,,5,,,,Restorative Goodness in a Time of Brokenness: Devotional 1,,,,,,,restorative goodness in a time of brokenness|2020-05,
2Etuf45Ekyj6ZHemlIexu8,mapped,2020-05-04,Church In A Time of Crisis,Restorative Goodness in a Time of Brokenness,Jon Tyson,42,,,,Church In A Time of Crisis: Restorative Goodness in a Time of Brokenness - Jon Tyson,series,book,0.8,galatians 5,"Fruit of the Spirit series, Galatians 5",1,church in a time of crisis|2020-03,Church in A Time of Crisis (church in a time of crisis|2020-03): galatians 4.2/4.2 votes
2xq3yZ3E5DGUrgDdGK0OUW,excluded,2020-04-29,Kindness in a Time of Harshness,Devotional 2,,7,,,,Kindness in a Time of Harshness: Devotional 2,,,,,,,kindness in a time of harshness|2020-04,
5jnxWf5MXsQTd4KNs1xY8U,excluded,2020-04-28,Kindness in a Time of Harshness,Devotional 1,,6,,,,Kindness in a Time of Harshness: Devotional 1,,,,,,,kindness in a time of harshness|2020-04,
5x7AvLdRRhlM535bbW7B5H,mapped,2020-04-27,Church In A Time of Crisis,Kindness in a Time of Harshness,Jon Tyson,46,,,,Church In A Time of Crisis: Kindness in a Time of Harshness - Jon Tyson,series,book,0.8,galatians 5,"Fruit of the Spirit series, Galatians 5",1,church in a time of crisis|2020-03,Church in A Time of Crisis (church in a time of crisis|2020-03): galatians 4.2/4.2 votes
4PQcokGEk0tldPoXKlg5H6,excluded,2020-04-25,Patient Endurance in a Time of Stress,Devotional 5,,6,,,,Patient Endurance in a Time of Stress: Devotional 5,,,,,,,patient endurance in a time of stress|2020-04,
2ya0IYY9gguesAV9TNChAG,excluded,2020-04-24,Patient Endurance in a Time of Stress,Devotional 4,,5,,,,Patient Endurance in a Time of Stress: Devotional 4,,,,,,,patient endurance in a time of stress|2020-04,
18UA5JaBWxHkdXnvaLdlCC,excluded,2020-04-23,Patient Endurance in a Time of Stress,Devotional 3,,6,,,,Patient Endurance in a Time of Stress: Devotional 3,,,,,,,patient endurance in a time of stress|2020-04,
71JyVWSmDJyctXwDBU0yzf,excluded,2020-04-22,Patient Endurance in a Time of Stress,Devotional 2,,6,,,,Patient Endurance in a Time of Stress: Devotional 2,,,,,,,patient endurance in a time of stress|2020-04,
6tNO6kaPPkd6ktt1FPvBjh,excluded,2020-04-21,Patient Endurance in a Time of Stress,Devotional 1,,6,,,,Patient Endurance in a Time of Stress: Devotional 1,,,,,,,patient endurance in a time of stress|2020-04,
2noUzLouZBfl0WQE8fuFBB,unmapped,2020-04-20,,Patient Endurance in a Time of Stress,Suzy Silk,38,,,,Patient Endurance in a Time of Stress - Suzy Silk,,book,0.8,galatians 5,"Fruit of the Spirit study, patience is Galatians 5:22.",2,,
2iMiTsUl9MHvyccjlMhtnJ,excluded,2020-04-17,Transcendent Peace in a Time of Anxiety,Devotional 4,,5,,,,Transcendent Peace in a Time of Anxiety: Devotional 4,,,,,,,transcendent peace in a time of anxiety|2020-04,
6dwjRS6cenWVQFfl6Ni6no,excluded,2020-04-16,Transcendent Peace in a Time of Anxiety,Devotional 3,,8,,,,Transcendent Peace in a Time of Anxiety: Devotional 3,,,,,,,transcendent peace in a time of anxiety|2020-04,
74YUOGKUSqJnWHcTfx1vMc,excluded,2020-04-15,Transcendent Peace in a Time of Anxiety,Devotional 2,,5,,,,Transcendent Peace in a Time of Anxiety: Devotional 2,,,,,,,transcendent peace in a time of anxiety|2020-04,
0qXBAmEVv7y0Fi7UTYKvz8,excluded,2020-04-14,Transcendent Peace in a Time of Anxiety,Devotional 1,,7,,,,Transcendent Peace in a Time of Anxiety: Devotional 1,,,,,,,transcendent peace in a time of anxiety|2020-04,
5M6KbNpOUw3I6DSQROHbPB,mapped,2020-04-13,Church In A Time of Crisis,Transcendent Peace in a Time of Anxiety,Jon Tyson,42,,,,Church In A Time of Crisis: Transcendent Peace in a Time of Anxiety - Jon Tyson,series,book,0.5,galatians 5,Peace in fruit of Spirit crisis series; Easter may use resurrection text,1,church in a time of crisis|2020-03,Church in A Time of Crisis (church in a time of crisis|2020-03): galatians 4.2/4.2 votes
7H4IgrT8SURlfGc4KSVQLU,excluded,2020-04-10,Defiant Joy in a Time of Despair,Devotional 4,,7,,,,Defiant Joy in a Time of Despair: Devotional 4,,,,,,,defiant joy in a time of despair|2020-04,
6tX6LrdUgiWyiG0zl3Eah4,excluded,2020-04-09,Defiant Joy in a Time of Despair,Devotional 3,,8,,,,Defiant Joy in a Time of Despair: Devotional 3,,,,,,,defiant joy in a time of despair|2020-04,
7L4F5F4usFDFO9Tc67PdU5,excluded,2020-04-08,Defiant Joy in a Time of Despair,Devotional 2,,7,,,,Defiant Joy in a Time of Despair: Devotional 2,,,,,,,defiant joy in a time of despair|2020-04,
5yCgrpsHpYuTsidbkyXWym,excluded,2020-04-07,Defiant Joy in a Time of Despair,Devotional 1,,6,Psalm 73,,,Defiant Joy in a Time of Despair: Devotional 1,regex,,,,,,defiant joy in a time of despair|2020-04,
597IbYwe0FXc8dURG1usi6,mapped,2020-04-06,Church In A Time of Crisis,Defiant Joy in a Time of Despair,Jon Tyson,42,,,,Church In A Time of Crisis: Defiant Joy in a Time of Despair - Jon Tyson,series,book,0.75,galatians 5,"Fruit of the Spirit series, Galatians 5",1,church in a time of crisis|2020-03,Church in A Time of Crisis (church in a time of crisis|2020-03): galatians 4.2/4.2 votes
10MVTKy2ocFCkZ25tZnMr9,excluded,2020-04-01,Love In A Time of Selfishness,Devotional 3,,7,,,,Love In A Time of Selfishness: Devotional 3,,,,,,,love in a time of selfishness|2020-03,
0Jy0K8aEwIE4FQa17oJysb,mapped,2020-03-31,Church in a Time of Crisis,Love In A time of Selfishness,Jon Tyson,40,,,,Church in a Time of Crisis: Love In A time of Selfishness - Jon Tyson,ai,book,0.85,galatians 5,"Fruit of the Spirit series, Galatians 5",1,church in a time of crisis|2020-03,
1vjDzm7HlzBLkFftWBaob8,excluded,2020-03-31,Love In A Time of Selfishness,Devotional 2,,5,,,,Love In A Time of Selfishness: Devotional 2,,,,,,,love in a time of selfishness|2020-03,
2nvMG4UPepxitbtP62MYAy,excluded,2020-03-30,Love In A Time of Selfishness,Devotional 1,,7,1 Corinthians 13,,,Love In A Time of Selfishness: Devotional 1,regex,,,,,,love in a time of selfishness|2020-03,
41qsbDGDHnzWF6iR3uLK0L,excluded,2020-03-27,Fruit of the Spirit in a Time of the Flesh,Devotional 4,,7,,,,Fruit of the Spirit in a Time of the Flesh: Devotional 4,,,,,,,fruit of the spirit in a time of the flesh|2020-03,
1f86Q0sb0I6mocdkmokkmC,excluded,2020-03-26,Fruit of the Spirit in a Time of the Flesh,Devotional 3,,4,,,,Fruit of the Spirit in a Time of the Flesh: Devotional 3,,,,,,,fruit of the spirit in a time of the flesh|2020-03,
02kYie6MvezTaHYQ95u1z9,excluded,2020-03-25,Fruit of the Spirit in a Time of the Flesh,Devotional 2,,4,,,,Fruit of the Spirit in a Time of the Flesh: Devotional 2,,,,,,,fruit of the spirit in a time of the flesh|2020-03,
5ZKuq2yEflRFl1Pwoktszf,excluded,2020-03-24,Fruit of the Spirit in a Time of the Flesh,Devotional 1,,5,,,,Fruit of the Spirit in a Time of the Flesh: Devotional 1,,,,,,,fruit of the spirit in a time of the flesh|2020-03,
6pZs00pnPZSQ2RTsTOtJ5b,mapped,2020-03-24,Church in A Time of Crisis,Fruit of the Spirit in a Time of the Flesh,Jon Tyson,39,,,,Church in A Time of Crisis: Fruit of the Spirit in a Time of the Flesh - Jon Tyson,ai,book,0.9,galatians 5,"Fruit of the Spirit series, Galatians 5",1,church in a time of crisis|2020-03,
3dR9WUbSJcNrFi305yCXpx,unmapped,2020-03-18,,The Church in a Time of Crisis,Jon Tyson,38,,,,The Church in a Time of Crisis - Jon Tyson,,topical,0.9,,Crisis response message.,2,,
3XpT3BtDJdSlMHWHjv4bJ9,unmapped,2020-03-04,Sin,An Overview,Suzy Silk,42,,,,Sin: An Overview - Suzy Silk,,topical,0.5,,"Overview of sin, no single text.",2,sin|2020-03,
45MIg0gxCCVVByje5xbdB5,unmapped,2020-02-26,Altars,The Region,Jon Tyson,71,,,,Altars: The Region - Jon Tyson,,unknown,0.4,,NYC as altar; text not evident.,2,altars|2020-02,
15idtfQo6SWJs25nyKvixq,unmapped,2020-02-19,Altars,The Church,Suzy Silk,55,,,,Altars: The Church - Suzy Silk,,book,0.5,revelation 2,"Church altar and first love, Revelation 2.",2,altars|2020-02,
43pSIFXBvihTd712YfsAxf,mapped,2020-02-11,Altars,The Home,Jon Tyson,55,Deuteronomy 6,,,Altars: The Home - Jon Tyson,regex,,,,,,altars|2020-02,
58vYjHQ6fZhUoPoTFWEJuA,unmapped,2020-02-04,Altars,The Heart,Jon Tyson,62,,,,Altars: The Heart - Jon Tyson,,unknown,0.4,,Altars series hops books; passage unclear.,2,altars|2020-02,
1UFR8tVa26xlrDnsJQrEKx,unmapped,2020-02-01,CHURCH.NYC,An Overcoming Spirit,Jon Tyson,43,,,,CHURCH.NYC: An Overcoming Spirit - Jon Tyson,,unknown,0.5,,No description; text not evident.,2,church nyc|2020-01,
6SUfTK9X7sZAuLn7zGUc7G,unmapped,2020-01-22,CHURCH.NYC,Culture of Honor,Suzy Silk,45,,,,CHURCH.NYC: Culture of Honor - Suzy Silk,,topical,0.5,,Thematic teaching with no single primary text.,2,church nyc|2020-01,
4x6M1rD20CnZtgXEeX6mgQ,unmapped,2020-01-13,CHURCH.NYC,A Holy Ambition,Jon Tyson,41,,,,CHURCH.NYC: A Holy Ambition - Jon Tyson,,topical,0.55,,Thematic teaching with no single primary text.,2,church nyc|2020-01,
5AC8ULhDDzzTGW7oMBYlyb,unmapped,2020-01-06,CHURCH.NYC,The Jesus Stuff,Jon Tyson,48,,,,CHURCH.NYC: The Jesus Stuff - Jon Tyson,,topical,0.75,,Thematic teaching with no single primary text.,2,church nyc|2020-01,
7L6BKys8nTsAcxD75ADlih,mapped,2019-12-16,Emmanuel,Us,Jon Tyson,40,John 1:1-18,,,Emmanuel: Us - Jon Tyson,regex,,,,,,emmanuel|2019-12,
47gpLreRLNsfsEYDvYF2nm,mapped,2019-12-09,Emmanuel,With,Jon Tyson,44,Matthew 1:21-23,,,Emmanuel: With - Jon Tyson,regex,,,,,,emmanuel|2019-12,
3bjzgeIhQxjYE2qdNFu9qd,mapped,2019-12-02,Emmanuel,Who is God,Suzy Silk,39,Luke 1:46-55,,,Emmanuel: Who is God - Suzy Silk,regex,,,,,,emmanuel|2019-12,
7L1YippuIkOxnDdPkiYxjp,mapped,2019-09-09,Fall Vision Day 2019,Culture,Jon Tyson,46,Habakkuk 3:2,,,Fall Vision Day 2019: Culture - Jon Tyson,regex,,,,,,fall vision day 2019|2019-09,
58N5thn0wp2DbrAwbCDe49,mapped,2019-09-04,Citizens,Lead with Hope,Suzy Silk,62,1 Peter 5:6,,,Citizens: Lead with Hope – Suzy Silk,regex,,,,,,citizens|2019-07,
6mslMJe5JnEQhQWgcvc9Q1,mapped,2019-08-28,Citizens,A Patient Hope,Jon Tyson,60,1 Peter 4:13,,,Citizens: A Patient Hope – Jon Tyson,regex,,,,,,citizens|2019-07,
1fAHDV6OUJIpuFBDGqd99Q,mapped,2019-08-21,Citizens,A Counter-Culture of Hope,Jon Tyson,65,1 Peter 4:7,,,Citizens: A Counter-Culture of Hope - Jon Tyson,regex,,,,,,citizens|2019-07,
0U4KwuIUKMEslX66DJnMKo,mapped,2019-08-16,Citizens,Eager Hope,Suzy Silk,56,1 Peter 3:15-18,,,Citizens: Eager Hope - Suzy Silk,regex,,,,,,citizens|2019-07,
0ISJkmJcd21G2kO4Ht3bcQ,mapped,2019-08-06,Citizens,Hope Under Pressure,Jon Tyson,53,1 Peter 2:13-25,1 Peter 3:1-7,,Citizens: Hope Under Pressure - Jon Tyson,regex,,,,,,citizens|2019-07,
0mUmqj9xEg4E5piJ08ufNM,mapped,2019-07-30,Citizens,A Beautiful Hope,Jon Tyson,55,1 Peter 2:11-12,,,Citizens: A Beautiful Hope - Jon Tyson,regex,,,,,,citizens|2019-07,
6JM5Eq8eFQ9V5anUeBkAgQ,mapped,2019-07-23,Citizens,Community of Hope,Jon Tyson,51,1 Peter 2:4-5,,,Citizens: Community of Hope - Jon Tyson,regex,,,,,,citizens|2019-07,
1pK7rJQ4oeKJJNyU8H2wtx,mapped,2019-07-16,Citizens,Fix Your Hope,Tyler Prieb,49,1 Peter 1:13,,,Citizens: Fix Your Hope - Tyler Prieb,regex,,,,,,citizens|2019-07,
3kNVF5gsOxON2OQLi4MXcD,mapped,2019-07-09,Citizens,Living Hope,Suzy Silk,48,1 Peter 1:1-12,,,Citizens: Living Hope - Suzy Silk,regex,,,,,,citizens|2019-07,
6llDvkbBawh0PMupoKNh1D,mapped,2019-07-02,Revival,Simple Prayers,Dimetra Barrios,46,Matthew 10,,,Revival: Simple Prayers - Dimetra Barrios,regex,,,,,,revival|2019-06,
5m1ylR7OeqfmrTK6DCbhB8,mapped,2019-06-28,Revival,From Proficiency to Spiritual Power,Mark Sayers,52,1 Corinthians 4:20,,,Revival: From Proficiency to Spiritual Power - Mark Sayers,regex,,,,,,revival|2019-06,
0bv5nebnP4pwOHUoudEZDe,mapped,2019-06-20,Revival,Revival of the Heart,Stephanie London,27,1 Peter 1:3-8,,,Revival: Revival of the Heart - Stephanie London,regex,,,,,,revival|2019-06,
5XBkrix8axTaJuukR8ZvEa,mapped,2019-06-20,Revival,Small Beginnings,Suzy Silk,43,Matthew 13,,,Revival: Small Beginnings - Suzy Silk,regex,,,,,,revival|2019-06,
4qGJKlG92vs7mQ8Lmj3tPJ,mapped,2019-06-14,Revival,Surrender,Adam Durso,38,Ezekiel 47:3-6,,,Revival: Surrender - Adam Durso,regex,,,,,,revival|2019-06,
2HiIAK9x2m0az51MMXASGD,unmapped,2019-06-14,Revival,Prayer,Cory Russell,60,,,,Revival: Prayer - Cory Russell,,topical,0.5,,Revival series launch on prayer and the Holy Spirit.,2,revival|2019-06,
5Ps5EitBSDr1yaNaUMM3Xn,unmapped,2019-06-09,,Spiritual Maturity and Community,Banning Liebscher,111,,,,Spiritual Maturity and Community - Banning Liebscher,,topical,0.85,,Guest talks on community.,2,,
11eRTp9Qqd4eAsnuUYuJQG,mapped,2019-05-30,Kingdom Values,Power,Suzy Silk,44,2 Timothy 1:6-8,,,Kingdom Values: Power - Suzy Silk,regex,,,,,,kingdom values|2019-04,
49T28H2giUUCiGLtR5xiQC,mapped,2019-05-21,Kingdom Values,Mission,Tyler Prieb,54,2 Corinthians 5:20-22,,,Kingdom Values: Mission - Tyler Prieb,regex,,,,,,kingdom values|2019-04,
4EI9s4oRJunl5Ech2rVrUx,mapped,2019-05-14,Kingdom Values,Community,Jon Tyson,53,Acts 2,,,Kingdom Values: Community - Jon Tyson,regex,,,,,,kingdom values|2019-04,
3sIQHyEN9EJKpTeKV3fpVg,mapped,2019-05-13,Kingdom Values,Identity,Suzy Silk,39,Isaiah 43:1,,,Kingdom Values: Identity - Suzy Silk,regex,,,,,,kingdom values|2019-04,
6TGTxNCsVj6njtK1bN8LS8,mapped,2019-04-30,Kingdom Values,Gospel,Jon Tyson,57,Romans 1:16-17,,,Kingdom Values: Gospel - Jon Tyson,regex,,,,,,kingdom values|2019-04,
2FP41Q7f5R32kEKUXxShAu,mapped,2019-04-23,Words from the Cross,It Is Finished,Jon Tyson,41,,,,Words from the Cross: It Is Finished - Jon Tyson,ai,book,0.96,john 19,"It is finished, John 19:30",1,words from the cross|2019-03,
79qSN0Sgs8ioaS8q0zNTOY,mapped,2019-04-17,Words from the Cross,Trust,Jon Tyson,39,Luke 23:44-49,,,Words from the Cross: Trust - Jon Tyson,regex,,,,,,words from the cross|2019-03,
1SZ9H71uPgATEnHzGaLHCF,mapped,2019-04-09,Words from the Cross,Adoption,Jon Tyson,50,Mark 15:33-34,,,Words from the Cross: Adoption - Jon Tyson,regex,,,,,,words from the cross|2019-03,
24R8qNgghQQ39ECTGw6duQ,mapped,2019-04-02,Words from the Cross,Deliverance,Jon Tyson,40,John 19:28-30,,,Words from the Cross: Deliverance - Jon Tyson,regex,,,,,,words from the cross|2019-03,
22mkDTA1jp3krTbF0i9W8F,mapped,2019-03-26,Words from the Cross,Salvation,Suzy Silk,59,Luke 23:32-43,,,Words from the Cross: Salvation - Suzy Silk,regex,,,,,,words from the cross|2019-03,
6XAzN6K6jgylqrzNl4WgH0,mapped,2019-03-19,Words from the Cross,Relationship,Suzy Silk,52,John 19:23-27,,,Words from the Cross: Relationship - Suzy Silk,regex,,,,,,words from the cross|2019-03,
6pBMdA4XW9xFdfSvZyLdmQ,mapped,2019-03-12,Words from the Cross,Forgiveness,Jon Tyson,47,Luke 23:33-34,,,Words from the Cross: Forgiveness - Jon Tyson,regex,,,,,,words from the cross|2019-03,
2kF8uHV54AOBBsHxyDjEpl,mapped,2019-03-06,I AM,The Vine,Jon Tyson,52,John 15:4,,,I AM: The Vine - Jon Tyson,regex,,,,,,i am|2019-01,
49tZVOgEOjgQI12F2J75n1,mapped,2019-02-26,I AM,"The Way, Truth, Life",Suzy Silk,44,John 13:36-14:10,,,"I AM: The Way, Truth, Life - Suzy Silk",regex,,,,,,i am|2019-01,
0N7lV8N7gGPQjowLl5zeLt,mapped,2019-02-19,I AM,The Door,Jon Tyson,47,John 10:9-10,,,I AM: The Door - Jon Tyson,regex,,,,,,i am|2019-01,
7kOQ8DYP5W1hml6yJ8uFSU,mapped,2019-02-12,I AM,The Good Shepherd (part 2),Jon Tyson,42,Luke 15:4,,,I AM: The Good Shepherd (part 2) - Jon Tyson,regex,,,,,,i am|2019-01,
3hizIohbsmHWXO2IAyiBnN,mapped,2019-02-05,I AM,The Good Shepherd,Jon Tyson,41,John 10:11,,,I AM: The Good Shepherd - Jon Tyson,regex,,,,,,i am|2019-01,
0kDxVQhbRm4diZusrBdom3,mapped,2019-01-29,I AM,The Light of the World,Suzy Silk,43,John 8:12,,,I AM: The Light of the World - Suzy Silk,regex,,,,,,i am|2019-01,
6cSAyoDZQogefcdVVo4MiO,mapped,2019-01-22,I AM,The Bread of Life,Jon Tyson,50,John 6:35,,,I AM: The Bread of Life - Jon Tyson,regex,,,,,,i am|2019-01,
3yZzJugzUkmDnD3Qxwb002,mapped,2019-01-15,,Prioritizing the Presence of God,Pete Grieg,48,Exodus 33:1-18,,,Prioritizing the Presence of God - Pete Grieg,regex,,,,,,,
56cqWLjPFLNSfcfw3f8uS2,mapped,2019-01-08,,Creating a Culture of Honor,Jon Tyson,65,Romans 12:10,,,Creating a Culture of Honor - Jon Tyson,regex,,,,,,,
0qBHhuSR5SZ2QSwXhAI27c,mapped,2018-12-18,,Good News Great Joy All People,Jon Tyson,35,Luke 2:8-15,,,Good News Great Joy All People - Jon Tyson,regex,,,,,,,
2VOvm6IneHCzAYqdS6AEGz,mapped,2018-12-11,Advent,The Promise of Peace,Suzy Silk,50,Isaiah 9:2-7,,,Advent: The Promise of Peace - Suzy Silk,regex,,,,,,advent|2018-12,
3KapMAMh87nyVRFSeg2vg3,mapped,2018-12-04,Advent,The Threat Of Hope,Jon Tyson,40,Matthew 2:1-18,,,Advent: The Threat Of Hope - Jon Tyson,regex,,,,,,advent|2018-12,
7tn7QOb4ifCN90Pl128y8A,mapped,2018-11-27,,Secrecy Must Be Stronger Than Applause,Suzy Silk,53,Matthew 6:1-6,,,Secrecy Must Be Stronger Than Applause - Suzy Silk,regex,,,,,,,
001tPpzoiewE2YUVcnhIYJ,mapped,2018-11-06,,Grieving Must Be Stronger Than Dismissing,Suzy Silk,57,John 11:35,,,Grieving Must Be Stronger Than Dismissing - Suzy Silk,regex,,,,,,,
6EiecmJEyXg73eX56tiDyx,mapped,2018-10-16,,Commitment Must Be Stronger Than Preference,Suzy Silk,55,Jeremiah 31:31-34,,,Commitment Must Be Stronger Than Preference -  Suzy Silk,regex,,,,,,,
5cTsIZcCoOzV0CNPbgfXBZ,mapped,2018-09-25,,Truth Must Be Stronger Than Lies,Suzy Silk,51,Romans 11:33-12:2,Romans 12:2,,Truth Must Be Stronger Than Lies - Suzy Silk,regex,,,,,,,
7ekoPtSWsvVVplHEWOHpMA,mapped,2018-09-18,,Worship Must Be Stronger Than Idolatry,Jon Tyson,60,Romans 1,,,Worship Must Be Stronger Than Idolatry - Jon Tyson,regex,,,,,,,
4FTw1EMH3uQU16KOH81bz7,mapped,2018-09-10,,This Must Be Stronger Than That,Jon Tyson,48,Ephesians 3,,,This Must Be Stronger Than That - Jon Tyson,regex,,,,,,,
32OMOSQypCNAOWGVXJpK7v,mapped,2018-09-03,Teach Us To Pray,Week 11 - Missional Prayer,Suzy Silk,43,Luke 10,,,Teach Us To Pray - Week 11 - Missional Prayer,regex,,,,,,teach us to pray|2018-06,
0pGwbMO93zTaFwKhoDvQE2,unmapped,2018-08-28,Fall Vision Day 2018,Here For This,,57,,,,Fall Vision Day 2018 - Here For This,,topical,0.85,,Vision conference talk on ministry priorities.,2,fall vision day 2018|2018-08,
7e6oPkcWCnUkQMzz9RvDTb,mapped,2018-08-28,Fall Vision Day 2018,The Kind Of Leaders We're Looking For,Jon Tyson,60,,,,Fall Vision Day 2018 - The Kind Of Leaders We're Looking For,ai,book,0.92,2-timothy 2,Sermon from 2 Timothy on entrusting leadership,1,fall vision day 2018|2018-08,
3deDQ5iQD2wMQoWdgjwysG,mapped,2018-08-27,Teach Us To Pray,Week 10 - Prayer For Spiritual Awakening,Jon Tyson,60,Habakkuk 3,,,Teach Us To Pray - Week 10 - Prayer For Spiritual Awakening,regex,,,,,,teach us to pray|2018-06,
3x0qN8Jwxgqy4VvGsXadfS,mapped,2018-08-21,Teach Us To Pray,Week 9 - Divine Intercession,Rich Villodas,42,Acts 12,,,Teach Us To Pray - Week 9 - Divine Intercession,regex,,,,,,teach us to pray|2018-06,
7jbjhFEcozm6DoiCYZGRtK,mapped,2018-08-14,Teach Us To Pray,"Week 8 - Can't Stop, Won't Stop",Ralph Castillo,39,2 Kings 13:18,,,"Teach Us To Pray - Week 8 - Can't Stop, Won't Stop",regex,,,,,,teach us to pray|2018-06,
7H1GhtYk088TSqh5ugp613,mapped,2018-08-07,Teach Us To Pray,Week 7 - The Art of Contemplation,Suzy Silk,52,Genesis 16,Psalm 11:7,,Teach Us To Pray - Week 7 - The Art of Contemplation,regex,,,,,,teach us to pray|2018-06,
1qtgzl5Ybk9O2tU21gOMma,mapped,2018-07-31,Teach Us To Pray,Week 6 - Prayer Of Relinquishment,Jon Tyson,57,Luke 22,,,Teach Us To Pray - Week 6 - Prayer Of Relinquishment,regex,,,,,,teach us to pray|2018-06,
58aM7vJYjbesLhXpkhMRpm,mapped,2018-07-24,Teach Us To Pray,Week 5 - Stand Up,Adam Durso,36,,,,Teach Us To Pray - Week 5 - Stand Up,ai,book,0.9,1-samuel,Description says teaches from 1 Samuel,1,teach us to pray|2018-06,
1n20d22A0Iy0SwbAin8Zin,mapped,2018-07-16,Teach Us To Pray,Week 4 - Experience Glory,Suzy Silk,51,Ezekiel 1,Colossians 1:27,,Teach Us To Pray - Week 4 - Experience Glory,regex,,,,,,teach us to pray|2018-06,
7vfTz0AouT0sAJdjwYrP1c,mapped,2018-07-10,Teach Us To Pray,Week 3 - Passionate Prayer Pursues,Suzy Silk,42,Song of Songs 3,Jeremiah 29:13,,Teach Us To Pray - Week 3 - Passionate Prayer Pursues,regex,,,,,,teach us to pray|2018-06,
0zfAtJRjXqN8ZfKYZeawKd,mapped,2018-07-03,Teach Us To Pray,Week 2 - Attention Leads To Adoration,Jon Tyson,60,Psalm 73,,,Teach Us To Pray - Week 2 - Attention Leads To Adoration,regex,,,,,,teach us to pray|2018-06,
7jhiXab3BD51MSDy9g9TlV,mapped,2018-06-26,Teach Us To Pray,Week 1 - Pray What You've Got,Jon Tyson,52,Philippians 4,,,Teach Us To Pray - Week 1 - Pray What You've Got,regex,,,,,,teach us to pray|2018-06,
2qCh4Ri2ErJfrH1mJKr73x,mapped,2018-06-19,The Controversial Jesus,The Controversial Disciple,Jon Tyson,53,Mark 8,,,The Controversial Jesus - The Controversial Disciple,regex,,,,,,the controversial jesus|2018-04,
3WmAkSmX5JfHxdLPubCa9G,mapped,2018-06-12,The Controversial Jesus,Jesus and Mammon,Jon Tyson,71,Matthew 6,,,The Controversial Jesus - Jesus and Mammon,regex,,,,,,the controversial jesus|2018-04,
74AmZdNPOvP99nyfAAWbba,mapped,2018-06-05,The Controversial Jesus,Jesus and Violence,Suzy Silk,71,Matthew 5,,,The Controversial Jesus - Jesus and Violence,regex,,,,,,the controversial jesus|2018-04,
3idh2DUY1l6PjbZPsXGCG0,mapped,2018-05-29,The Controversial Jesus,Jesus and Politics,Jon Tyson,66,Mark 12,,,The Controversial Jesus - Jesus and Politics,regex,,,,,,the controversial jesus|2018-04,
7DLM4gZJqeaI6nqUlY0QKk,mapped,2018-05-22,The Controversial Jesus,"Jesus, Women, and Leadership",Suzy Silk,79,Acts 2,,,"The Controversial Jesus - Jesus, Women, and Leadership",regex,,,,,,the controversial jesus|2018-04,
3iPCHa0nWdy0lIpLjP9bsY,mapped,2018-05-15,The Controversial Jesus,Jesus and Privilege,Jon Tyson,56,Philippians 2,,,The Controversial Jesus - Jesus and Privilege,regex,,,,,,the controversial jesus|2018-04,
1jaUlyz6NUydSS3zgEpJlu,mapped,2018-05-08,The Controversial Jesus,"Jesus, Gender, and the Trans Community",Jon Tyson,70,Genesis 1,Matthew 19; Galatians 6:2,,"The Controversial Jesus - Jesus, Gender, and the Trans Community",regex,,,,,,the controversial jesus|2018-04,
2WfGbCTRJqu3L18OzTsOEY,mapped,2018-05-01,The Controversial Jesus,Jesus and the Gay Community,Jon Tyson,87,1 Corinthians 6:11,,,The Controversial Jesus - Jesus and the Gay Community,regex,,,,,,the controversial jesus|2018-04,
1P0RVt5xeSRc6y3pG0j4bo,mapped,2018-04-23,The Controversial Jesus,Sexual Formation,Jon Tyson,60,Matthew 5,,,The Controversial Jesus - Sexual Formation,regex,,,,,,the controversial jesus|2018-04,
4QxGJjQYaxvXxNUNIhOp4Q,mapped,2018-04-17,The Controversial Jesus,Controversial Singleness,Jon Tyson,53,Matthew 19,,,The Controversial Jesus - Controversial Singleness,regex,,,,,,the controversial jesus|2018-04,
53PfAvsVtgh4gqsqnVXc52,mapped,2018-04-10,The Controversial Jesus,Controversial Compassion,Jon Tyson,46,Luke 7,Isaiah 30:18,,The Controversial Jesus - Controversial Compassion,regex,,,,,,the controversial jesus|2018-04,
397PxuMxAi23bEIsSttv5b,unmapped,2018-04-03,Easter Sunday,Resurrection of Jesus,Jon Tyson,47,,,,Easter Sunday - Resurrection of Jesus,,topical,0.65,,Easter sermon with no evident text.,2,easter sunday|2018-04,
1BzdT1neTn1VhWRlerX5NA,mapped,2018-03-27,The Prodigal Church,A Model Church,Jon Tyson,44,1 Thessalonians 2:8,,,The Prodigal Church Series - A Model Church,regex,,,,,,the prodigal church|2018-02,
0E4o9mKibk4SsqphJ2GtOv,mapped,2018-03-19,The Prodigal Church,Laodicea,Suzy Silk,57,Revelation 3:20-21,,,The Prodigal Church Series - Laodicea,regex,,,,,,the prodigal church|2018-02,
25tJiWHqNuvXgG6G3LQ3PR,mapped,2018-03-13,The Prodigal Church,Sardis,Jon Tyson,52,,,,The Prodigal Church Series - Sardis,ai,book,0.98,revelation 3,"Description says Revelation 3, Sardis",1,the prodigal church|2018-02,
796JTRui68JWBbDtcPkuvE,mapped,2018-03-06,The Prodigal Church,Thyatira,Jon Tyson,54,,,,The Prodigal Church Series - Thyatira,ai,book,0.98,revelation 2,"Description says Revelation 2, Thyatira",1,the prodigal church|2018-02,
0Ap7gNApJ06LoY1BsMe3h9,unmapped,2018-02-26,,Revelation of Jesus Christ,Corey Russell,48,,,,Revelation of Jesus Christ - Corey Russell,,book,0.5,revelation 1,"Corey Russell on the revelation of Jesus Christ, likely Revelation 1.",2,,
12ZrTgS6xIwDfSdZillevu,unmapped,2018-02-26,,Releasing the Spirit of Prayer,Corey Russell,45,,,,Releasing the Spirit of Prayer - Corey Russell,,topical,0.75,,Teaching on releasing prayer.,2,,
6w2Hid6L4wXiP7qsJBjR8U,mapped,2018-02-26,The Prodigal Church,Pergamum,Suzy Silk,52,,,,The Prodigal Church Series - Pergamum,ai,book,0.98,revelation 2,"Description says Revelation 2, Pergamum",1,the prodigal church|2018-02,
36bOrIovEge0l0w7jqZynE,mapped,2018-02-20,The Prodigal Church,Ephesus,Jon Tyson,55,,,,The Prodigal Church Series - Ephesus,ai,book,0.98,revelation 2,"Description says Revelation 2, Ephesus",1,the prodigal church|2018-02,
6eRCJ7hTnaLnmmrTEjyVsX,mapped,2018-02-13,The Way of Jesus,Cultural Renewal,Jon Tyson,59,Colossians 1,,,The Way of Jesus Series - Cultural Renewal,regex,,,,,,the way of jesus|2018-01,
3DleMSD7xyjk5wuWlrbDaj,mapped,2018-02-06,The Way of Jesus,Social Renewal,Suzy Silk,64,Ephesians 2,Joel 2,,The Way of Jesus Series - Social Renewal,regex,,,,,,the way of jesus|2018-01,
0uw4BVxpQOlsqL46vQK3D0,mapped,2018-01-30,The Way of Jesus,Spiritual Renewal,Jon Tyson,51,John 3,,,The Way of Jesus Series - Spiritual Renewal,regex,,,,,,the way of jesus|2018-01,
7gbDRcdUjEBQOBQy711ryj,mapped,2018-01-23,The Way of Jesus,The Way of Practice,Jon Tyson,52,Matthew 7,,,The Way of Jesus Series - The Way of Practice,regex,,,,,,the way of jesus|2018-01,
4ki0ddekk3WnglvcFOnJSs,mapped,2018-01-16,The Way of Jesus,The Way of Formation,Jon Tyson,51,Mark 12,,,The Way of Jesus Series - The Way of Formation,regex,,,,,,the way of jesus|2018-01,
3bnQmXBq94xYSN536OyW9b,mapped,2018-01-09,The Way of Jesus,The Way of Vision,Jon Tyson,49,Mark 1,,,The Way of Jesus Series - The Way of Vision,regex,,,,,,the way of jesus|2018-01,
7aPkpnA85JlIToqqPu2jL1,mapped,2017-12-27,Christmas Eve,The Word Became Flesh,Jon Tyson,22,John 1,,,Christmas Eve - The Word Became Flesh,regex,,,,,,christmas eve|2017-12,
7B2SWdzv1SjDhQT1BQ9Lm3,unmapped,2017-12-24,,White As Snow,,31,,,,White As Snow,,topical,0.5,,"Baptism story/message, no clear text.",2,,
40bOBrZxXatuKFDrZ2OARQ,mapped,2017-12-19,Advent,A Joyful God,Jon Tyson,31,Isaiah 61,,,Advent Series - A Joyful God,regex,,,,,,advent|2017-11,
0gR3ltGvHCj9XajI9AYJCU,unmapped,2017-12-14,,A Year of Answered Prayers,Jon Tyson,23,,,,A Year of Answered Prayers,,non_sermon,0.6,,Year-end church update.,2,,
0eA5WlEEa3Snz6ltlf1FG1,excluded,2017-12-14,,Mission. Justice. Future.,Jon Tyson,18,,,,Mission. Justice. Future.,,,,,,,,
2Vi3i4jRuL5jkNpjp37C7S,mapped,2017-12-12,Advent,A Righteous King,Suzy Silk,43,Isaiah 11,,,Advent Series - A Righteous King,regex,,,,,,advent|2017-11,
5OgUioVIrU0hy0MA7TNVMI,mapped,2017-12-05,Advent,The Government Of God,Jon Tyson,47,Isaiah 8-9,,,Advent Series -  The Government Of God,regex,,,,,,advent|2017-11,
6TWguyY7ygG1nxB8oTaDRS,mapped,2017-11-28,Advent,Intro - The God You Long For,Suzy Silk,46,Isaiah 7,,,Advent Series - Intro - The God You Long For,regex,,,,,,advent|2017-11,
75NkVrImdOjlm1AqDSv4cP,mapped,2017-11-22,Holy Ambition,Holy Celebration,Jon Tyson,49,Nehemiah 12,,,Holy Ambition Series - Holy Celebration,regex,,,,,,holy ambition|2017-09,
34ww4Q2loUNljhcGHR2zby,mapped,2017-11-14,Holy Ambition,Holy Culture,Jon Tyson,53,Nehemiah 10,,,Holy Ambition Series - Holy Culture,regex,,,,,,holy ambition|2017-09,
2uLtZA8nj6ctsbdR1DWqNe,mapped,2017-11-06,Holy Ambition,Holy Response,Jon Tyson,56,Nehemiah 8,,,Holy Ambition Series - Holy Response,regex,,,,,,holy ambition|2017-09,
5d16GaJ2GR48bVeUl2VE2Y,mapped,2017-10-31,Holy Ambition,Holy Integrity,Suzy Silk,53,Nehemiah 6,,,Holy Ambition Series - Holy Integrity,regex,,,,,,holy ambition|2017-09,
3024LzJFQx4pPa9mlh1AaP,mapped,2017-10-23,Holy Ambition,Holy Confrontation,Jon Tyson,50,Nehemiah 5,,,Holy Ambition Series - Holy Confrontation,regex,,,,,,holy ambition|2017-09,
4qVnIKS1nu17uM8w7qBAgW,mapped,2017-10-17,Holy Ambition,Holy Resistance,Jon Tyson,52,Nehemiah 4,,,Holy Ambition Series - Holy Resistance,regex,,,,,,holy ambition|2017-09,
1VOh020pOgwlhR3l9RBqE3,unmapped,2017-10-10,,The Father's Love,Dr. Rob Reimer,38,,,,The Father's Love - Dr. Rob Reimer,,topical,0.55,,Guest talk on the Father's love.,2,,
4WIrXKirK74CejjnfkrCQg,mapped,2017-10-03,Holy Ambition,Here's What's Possible,Jon Tyson,55,Nehemiah 2:11-20,,,Holy Ambition Series - Here's What's Possible,regex,,,,,,holy ambition|2017-09,
1U598P4p08alfOL7JPFb6M,mapped,2017-09-26,Holy Ambition,Longing for the Right Place,Suzy Silk,43,Nehemiah 2:1-10,,,Holy Ambition Series - Longing for the Right Place,regex,,,,,,holy ambition|2017-09,
3gmFy7neVJM3vHLoJLcatP,mapped,2017-09-19,Holy Ambition,Life of Consequence,Jon Tyson,50,Nehemiah 1,,,Holy Ambition Series - Life of Consequence,regex,,,,,,holy ambition|2017-09,
2xOSadiuvEDUk4CgvK9aQI,unmapped,2017-09-13,COTCNYC Official Launch,5 Declarations,Jon Tyson,56,,,,COTCNYC Official Launch - 5 Declarations,,topical,0.8,,Launch Sunday declarations talk with no evident text.,2,cotcnyc official launch|2017-09,
4d9ooP8svNQ8KhRuvTHoM1,mapped,2017-09-06,Making Sense of Church,Ephesians,Suzy Silk,46,Ephesians 6:10-20,,,Making Sense of Church - Ephesians - Week 20,regex,,,,,,making sense of church|2017-06,
43o8tOQNRhJJnHfTAfYjQK,mapped,2017-08-29,Making Sense of Church,Ephesians,Jon Tyson,83,Ephesians 6:5-9,,,Making Sense of Church - Ephesians - Week 19,regex,,,,,,making sense of church|2017-06,
5wYtVGG5217PgBAj2xCTtq,mapped,2017-08-21,Making Sense of Church,Ephesians,Jon Tyson,62,Ephesians 6:1-4,,,Making Sense of Church - Ephesians - Week 18,regex,,,,,,making sense of church|2017-06,
02lgGq2Cy940N7JC0eG3n5,mapped,2017-08-16,Making Sense of Church,Ephesians,Jon Tyson,60,Ephesians 5:21-33,,,Making Sense of Church - Ephesians - Week 17,regex,,,,,,making sense of church|2017-06,
4lHcqPe1tGcbrmWx57Up4h,mapped,2017-08-08,Making Sense of Church,Ephesians,Jon Tyson,51,Ephesians 5:15-20,,,Making Sense of Church - Ephesians - Week 16,regex,,,,,,making sense of church|2017-06,
63LzCeQ1sUu8o3oF5Rflb5,mapped,2017-08-01,Making Sense of Church,Ephesians,,38,Ephesians 5:8-14,,,Making Sense of Church - Ephesians - Week 15,regex,,,,,,making sense of church|2017-06,
5q0GrvY8PCdCP6Ta06snQE,mapped,2017-07-24,Making Sense of Church,Ephesians,Suzy Silk,54,Ephesians 5:1-14,,,Making Sense of Church - Ephesians - Week 14,regex,,,,,,making sense of church|2017-06,
4CxEVlxen1o3td8VQQbP7D,mapped,2017-07-18,Making Sense of Church,Ephesians,Jon Tyson,52,Ephesians 4:17-32,,,Making Sense of Church - Ephesians - Week 13,regex,,,,,,making sense of church|2017-06,
6nHvkhrXXNaesTYM7xo8JU,mapped,2017-07-11,Making Sense of Church,Ephesians,Jon Tyson,56,Ephesians 4:1-16,,,Making Sense of Church - Ephesians - Week 12,regex,,,,,,making sense of church|2017-06,
6Pj9iz7c3Y5xyBUprr4u14,mapped,2017-07-03,Making Sense of Church,Ephesians,Suzy Silk,40,Ephesians 3:14-21,,,Making Sense of Church - Ephesians - Week 11,regex,,,,,,making sense of church|2017-06,
54U0b1yuXGWPdD8s4Zdwq8,mapped,2017-06-26,Making Sense of Church,Ephesians,Suzy Silk,44,Ephesians 3:1-13,,,Making Sense of Church - Ephesians - Week 10,regex,,,,,,making sense of church|2017-06,
1TBKPTJEJiW6GzCCoNy5Dg,mapped,2017-06-20,Making Sense of Church,Ephesians,Jon Tyson,54,Ephesians 2:11-22,,,Making Sense of Church - Ephesians - Week 9,regex,,,,,,making sense of church|2017-06,
0LnhKoLxPYGhB0H1pCJYK1,mapped,2017-06-14,Making Sense of Church,Ephesians,Jon Tyson,48,Ephesians 2:1-10,,,Making Sense of Church - Ephesians - Week 8,regex,,,,,,making sense of church|2017-06,
4dFawcjgJviuVUtFk1gMDQ,mapped,2017-06-06,Making Sense of Church,Ephesians,Corey Russell,36,Ephesians 1:15-23,,,Making Sense of Church - Ephesians - Week 7,regex,,,,,,making sense of church|2017-06,
5Q00bYF94KBfyn8dVwRtcC,mapped,2017-06-06,Making Sense of Church,Ephesians,Jon Tyson,45,Ephesians 1:11-14,,,Making Sense of Church - Ephesians - Week 6,regex,,,,,,making sense of church|2017-06,
6o6TcpZBG6LM5omrxOQPeX,mapped,2017-06-06,Making Sense of Church,Ephesians,Suzy Silk,40,Ephesians 1:6-12,,,Making Sense of Church - Ephesians - Week 5,regex,,,,,,making sense of church|2017-06,
051mcoiS4z7LL0E1LI12bU,mapped,2017-06-06,Making Sense of Church,Ephesians,Jon Tyson,41,Ephesians 1:3-6,,,Making Sense of Church - Ephesians - Week 4,regex,,,,,,making sense of church|2017-06,
48dmC9UvYliMtwqRHnyzw8,mapped,2017-06-06,Making Sense of Church,Ephesians,Jon Tyson,33,Ephesians 1:1-2,,,Making Sense of Church - Ephesians - Week 3,regex,,,,,,making sense of church|2017-06,
0YCxWONROYxCtvoRM0T4nW,mapped,2017-06-06,Making Sense of Church,Ephesians,Jon Tyson,46,Ephesians; Acts 19:23-40,,,Making Sense of Church - Ephesians - Week 2,regex,,,,,,making sense of church|2017-06,
2v8gZfNTySsI4KtpCDotrQ,mapped,2017-06-06,Making Sense of Church,Ephesians,Jon Tyson,26,Ephesians; Acts 19:1-20,,,Making Sense of Church - Ephesians - Week 1,regex,,,,,,making sense of church|2017-06,
