episode_id,status,date,series,title,speaker,minutes,passage,other_refs_in_desc,overridden,spotify_title,ref_source,ai_kind,ai_confidence,ai_refs,ai_rationale,ai_pass,series_key,series_tag
2SgIdtMTjSn25HX08yCjNO,mapped,2026-09-28,Saturated Thursday,It’s Time to Come Home,Jennie Allen,58,Luke 15,,,It’s Time to Come Home — Saturated Thursday: Jennie Allen,regex,,,,,,saturated thursday|2026-09,
1Iy1a1GN4tlXirdYmtkYiS,mapped,2026-09-27,Death to Life,The Last Supper and Gethsemane,Robbie Gallaty,55,Matthew 26,John 2:5; Matthew 5:3; John 13-17; Revelation 19:6-9; Romans 8:1; Luke 9:23; Galatians 2:20; Mark 2:1-12; John 14:6,,The Last Supper and Gethsemane - Death to Life - Matthew S7E1,regex,,,,,,death to life|2026-09,
7rkPbKDxRthKgkllVcVw6o,mapped,2026-09-21,Saturated Saturday,When God Doesn’t Do What You Think He Should,Jason Shepperd,49,2 Samuel 12,,,Saturated Saturday: When God Doesn’t Do What You Think He Should — Pastor Jason Shepperd,regex,,,,,,saturated saturday|2026-09,
5Hg6AQYMEISULtHTMuTXXK,mapped,2026-09-21,Saturated Friday,What Is Keeping You From Going All In?,Jonathan Pokluda,54,Luke 18,,,Saturated Friday: What Is Keeping You From Going All In? — Pastor Jonathan Pokluda,regex,,,,,,saturated friday|2026-09,
4YN49AnDR1RP6OoEgl3H7i,mapped,2026-09-21,Saturated Wednesday,Are you sleeping in the garden?,Robbie Gallaty,52,Matthew 26,,,Saturated Wednesday: Are you sleeping in the garden? — Pastor Robbie Gallaty,regex,,,,,,saturated wednesday|2026-09,
3yIWAeyWXBFX0jDNktogoO,mapped,2026-09-21,Religion to Redemption,Two Options,Joby Martin,36,Matthew 26,,yes,Saturated Sunday: Two Options - Religion to Redemption - Matthew S6E7,regex,,,,,,religion to redemption|2026-08,
1dLmOWl3s4FWhrv8OoLsIh,mapped,2026-09-14,Religion to Redemption,Don't Miss The Point,Joby Martin,58,Matthew 24,Matthew 23:36-39; Matthew 24:1-25:13; Daniel 7-12; John 14; Romans 8; Ephesians 1:13; Philippians 1; Revelation 19-21,,Don't Miss The Point - Religion to Redemption - Matthew S6E6,regex,,,,,,religion to redemption|2026-08,
2F256aJxvie8QegkFhQCwe,mapped,2026-09-06,Religion to Redemption,Condition of the Heart,Joby Martin,47,Matthew 23,Matthew 15:7-9; Revelation 2:1-5; John 14:15; Matthew 16:13-19; 1 Peter 2:9; Matthew 6:9,,Condition of the Heart - Religion to Redemption - Matthew S6E5,regex,,,,,,religion to redemption|2026-08,
4veqxQLo5BqG5XzdtlGsiN,mapped,2026-08-30,Religion to Redemption,No More Games,Joby Martin,50,Matthew 22,,,No More Games - Religion to Redemption - Matthew S6E4,regex,,,,,,religion to redemption|2026-08,
3guHb2XBy0Ke123SdiKgJH,mapped,2026-08-24,Religion to Redemption,You Are Invited,Joby Martin,53,Matthew 21:23-22:14,Matthew 4; Matthew 5; Matthew 25; Luke 15; Isaiah 5:7; Isaiah 14; Isaiah 64:6; Psalm 118:22-23; Philippians 2:10-11,,You Are Invited - Religion to Redemption - Matthew S6E3,regex,,,,,,religion to redemption|2026-08,
29S5nffgrpU2kdLSM7rWRa,mapped,2026-08-16,Religion to Redemption,Tables Overturned and Mountains Moved,Joby Martin,55,Matthew 21,Zechariah 9:9; John 2:5; Deuteronomy 14; Ephesians 4:26; James 1:19; Exodus 34:6; James 4:1; Amos 5:23; John 11:47; Psalm 8:1; Romans 12:11; Revelation 3,,Tables Overturned and Mountains Moved - Religion to Redemption - Matthew S6E2,regex,,,,,,religion to redemption|2026-08,
0jhpGdM4qKenrxkXrYzS6s,mapped,2026-08-09,Religion to Redemption,How To Be Great,Joby Martin,50,Matthew 20,Genesis 1-2; Exodus 20:8-11; Matthew 6:21; Matthew 25; Matthew 26:36-46; John 14:6; Galatians 6:2; Ephesians 5:25; Proverbs 24:16; Luke 9:23; Matthew 5:11-12; John 19:11; Philippians 2:3-8; John 13:1-17,,How To Be Great - Religion to Redemption - Matthew S6E1,regex,,,,,,religion to redemption|2026-08,
3KkTF1SBK6JD3kgN1gMd5e,mapped,2026-08-03,Impossible to Possible,Laborers in the Vineyard,Joby Martin,56,Matthew 20,Matthew 19:16-30; Romans 6:23; Philippians 2:14-1; Luke 12:32,,Laborers in the Vineyard - Impossible to Possible - Matthew S5E10,regex,,,,,,impossible to possible|2026-06,
4wgVMZPiYu6Q945VYG7k0O,mapped,2026-07-26,Impossible to Possible,Little Child vs Rich Young Ruler,One Mokgatle,49,Matthew 19,Mark 10:13-31; John 3:1-8; Exodus 20:12-16; Leviticus 19:18; Titus 3:5-1; 1 Corinthians 2:9,,Little Child vs Rich Young Ruler - Impossible to Possible - Matthew S5E9,regex,,,,,,impossible to possible|2026-06,
2NdqWKubbiBxh8HoL3ogmH,mapped,2026-07-19,Impossible to Possible,Marriage and Divorce,Matt Carter,46,Matthew 19,,,Marriage and Divorce - Impossible to Possible - Matthew S5E8,regex,,,,,,impossible to possible|2026-06,
0ylJfA18uzmLu40kzHl7Oc,mapped,2026-07-12,Impossible to Possible,Forgiveness,Joby Martin,44,Matthew 18,,,Forgiveness - Impossible to Possible - Matthew S5E7,regex,,,,,,impossible to possible|2026-06,
5Kp0yZl72mOwHSjTQcODHc,mapped,2026-07-05,Impossible to Possible,Trusting God's Better Plan,Matt Carter,48,Matthew 17-18,,,Trusting God's Better Plan - Impossible to Possible - Matthew S5E6,regex,,,,,,impossible to possible|2026-06,
7JLx7Izo0aPIXEDIoK5j8S,mapped,2026-06-28,Impossible to Possible,Kid Pain,,54,Matthew 17,,,Kid Pain - Impossible to Possible - Matthew S5E5,regex,,,,,,impossible to possible|2026-06,
4LueYjdyQnIw3boulvue2g,mapped,2026-06-21,Impossible to Possible,A Movement for All People,Joby Martin,55,Matthew 14:34-16:12,,,A Movement for All People - Impossible to Possible - Matthew S5E4,regex,,,,,,impossible to possible|2026-06,
6oIpdARhHyqXWtgLUugWrK,mapped,2026-06-14,Impossible to Possible,"Feeding of the 5,000",Joby Martin,52,Matthew 14,,,"Feeding of the 5,000 - Impossible to Possible - Matthew S5E3",regex,,,,,,impossible to possible|2026-06,
6U4G16rog0HTn9h8035Yfc,mapped,2026-06-07,Impossible to Possible,Death of John the Baptist,Joby Martin,48,Matthew 14,,,Death of John the Baptist - Impossible to Possible - Matthew S5E2,regex,,,,,,impossible to possible|2026-06,
4U4lZkslQf9tALcRJFYbDh,mapped,2026-06-01,,A Prophet without Honor,Joby Martin,54,Matthew 13,,,A Prophet without Honor - Impossible to Possible: Matthew S5E1,regex,,,,,,,
4fCsSsjlgFQG7eDJk6FDQB,mapped,2026-05-25,Old to New,Mustard Seed Faith,Joby Martin,56,Matthew 13,,,Mustard Seed Faith - Old to New - Matthew S4E7,regex,,,,,,old to new|2026-04,
47et0DyM2cDb9Qz0X0Bljp,mapped,2026-05-18,Old to New,Parable of Sower,Joby Martin,55,Matthew 13,,,Parable of Sower - Old to New - Matthew S4E6,regex,,,,,,old to new|2026-04,
4PLrQ8wIRobvzAA6vjbAwv,mapped,2026-05-10,Old to New,Legalism Kills: Where’s Your Faith?,Joby Martin,57,Matthew 12,,yes,Legalism Kills: Where’s Your Faith? - Old to New - Matthew S4E4,regex,,,,,,old to new|2026-04,
0YCxrjvNrP6Fev7AjFdtzl,mapped,2026-05-04,Old to New,Sovereign Savior or Circumstances: Where’s Your Faith?,Joby Martin,62,Matthew 11,,yes,Sovereign Savior or Circumstances: Where’s Your Faith?- Old to New - Matthew S4E4,regex,,,,,,old to new|2026-04,
44gHH5Wz71tfwj6ceHN3n7,mapped,2026-04-27,Old to New,"Harvest is Plentiful, the Laborers are Few",Joby Martin,58,Matthew 9,,,"Harvest is Plentiful, the Laborers are Few - Old to New - Matthew S4E3",regex,,,,,,old to new|2026-04,
348TVfLyLSDcVTzfZaN9xA,mapped,2026-04-19,Old to New,Woman with the Issue of Blood,Joby Martin,56,Matthew 9,Luke 8:40-56; Malachi 4:2; Romans 8:28,,Woman with the Issue of Blood - Old to New - Matthew S4E2,regex,,,,,,old to new|2026-04,
7ynXPSkBwZouFe4pPtxgMy,mapped,2026-04-12,Old to New,"Jesus, the Friend of Sinners",Joby Martin,48,Matthew 9:9-13,Hosea 6:6,,"Jesus, the Friend of Sinners - Old to New - Matthew S4E1",regex,,,,,,old to new|2026-04,
749uBjD7HdSEpnCYC24adw,mapped,2026-04-05,Fear to Faith,Easter,Joby Martin,53,Matthew 9,Mark 2:1-12,,Easter - Fear to Faith - Matthew S3E3,regex,,,,,,fear to faith|2026-03,
5B8ULEMJzT6dYb4Nu8m4NI,mapped,2026-03-29,Fear to Faith,Faith or Fear?,Joby Martin,52,Matthew 8,Matthew 6:25-34; Romans 8:28; Philippians 4:6-7,,Faith or Fear? - Fear to Faith - Matthew S3E1,regex,,,,,,fear to faith|2026-03,
08EJUilpkxAD6BtxwSghkS,mapped,2026-03-22,Fear to Faith,Do You Need a Miracle?,Joby Martin,53,Matthew 8,Isaiah 53; James 5:13-16,,Do You Need a Miracle? - Fear to Faith - Matthew S3E1,regex,,,,,,fear to faith|2026-03,
0y30L8qIimxJNvGOWL4ImV,mapped,2026-03-16,Mountain to Mountain,How Do I Know if I’m Saved?,Joby Martin,56,Matthew 7,,,How Do I Know if I’m Saved? - Mountain to Mountain - Matthew S2E6,regex,,,,,,mountain to mountain|2026-02,
0PaI2XVTLqNrYZzlc9FwnE,mapped,2026-03-08,Mountain to Mountain,Judge Not,Ryan Britt,43,Matthew 7,,,Judge Not - Mountain to Mountain - Matthew S2E5,regex,,,,,,mountain to mountain|2026-02,
0bQfUZESi26BTArlNT1mhj,mapped,2026-03-02,Mountain to Mountain,In the Secret,Joby Martin,51,Matthew 6,,,In the Secret - Mountain to Mountain - Matthew S2E4,regex,,,,,,mountain to mountain|2026-02,
0W9N2VDfH8uIjY4QAGk8zB,mapped,2026-02-23,Mountain to Mountain,The Gospel Changes Everything,Joby Martin,57,Matthew 5,,,The Gospel Changes Everything - Mountain to Mountain - Matthew S2E3,regex,,,,,,mountain to mountain|2026-02,
2dApRXh6sm6f6jbZKNCWDd,mapped,2026-02-15,Mountain to Mountain,City on a Hill,Joby Martin,57,Matthew 5:13-20,,,City on a Hill - Mountain to Mountain - Matthew S2E2,regex,,,,,,mountain to mountain|2026-02,
3oex7T4RBUc3iYENmfjmFF,mapped,2026-02-09,Mountain to Mountain,Beatitudes,Joby Martin,55,Matthew 5,,,Beatitudes - Mountain to Mountain - Matthew S2E1,regex,,,,,,mountain to mountain|2026-02,
1fXOE1hJnxpcMU5pM3CMbW,mapped,2026-02-01,Heaven to Earth,Calling of First Disciples,Joby Martin,48,Matthew 4,,,Calling of First Disciples - Heaven to Earth - Matthew S1E4,regex,,,,,,heaven to earth|2026-01,
7A0L2WhzNz0YHeweCrg53H,mapped,2026-01-25,Heaven to Earth,Temptation of Jesus,Joby Martin,58,Matthew 4,,,Temptation of Jesus - Heaven to Earth - Matthew S1E3,regex,,,,,,heaven to earth|2026-01,
1ugo6P5Ta4sxVuLuHucbVl,mapped,2026-01-18,Heaven to Earth,Baptism of Jesus,Joby Martin,60,Matthew 3,,,Baptism of Jesus - Heaven to Earth - Matthew S1E2,regex,,,,,,heaven to earth|2026-01,
3m3Q2jcwExyGjQlVx2AcNv,mapped,2026-01-11,Heaven to Earth,Vision Weekend,Joby Martin,57,Matthew 1-2,,,Vision Weekend - Heaven to Earth - Matthew S1E1,regex,,,,,,heaven to earth|2026-01,
0yQijGbIWqLEchHc0jhvKu,mapped,2026-01-05,,The End,Stand Alone,43,Revelation 21,,,The End - Stand Alone,regex,,,,,,,
6KcUtLf2zhjrjkAbwrMxSQ,mapped,2025-12-28,,Simeon,Adam Flynt,48,Luke 2,,,Simeon - Real Men of Christmas: Wk 5,regex,,,,,,wk-run 2025-12-07|2025-12,
6v6WANFaXwzfxnFXu3jAJH,mapped,2025-12-28,,Jesus,Joby Martin,42,John 1,,,Jesus - Real Men of Christmas: Wk 4,regex,,,,,,wk-run 2025-12-28|2025-12,
6AIc0rPB3A1vnywl4sDNSh,mapped,2025-12-21,,Magi,Joby Martin,54,Matthew 2:1-12,,,Magi - Real Men of Christmas: Wk 3,regex,,,,,,wk-run 2025-12-07|2025-12,
2fYgnmhJGPNxtLWwos86jr,mapped,2025-12-14,,Shepherds,One Mokgatle,55,Luke 2:8-20,,,Shepherds - Real Men of Christmas: Wk 2,regex,,,,,,wk-run 2025-12-07|2025-12,
3Or5QSOoiTX3qq8LReLeVW,mapped,2025-12-07,,Joseph,Ryan Britt,45,Matthew 1:18-25,,,Joseph - Real Men of Christmas: Wk 1,regex,,,,,,wk-run 2025-12-07|2025-12,
47MYkYflDYWAvExUdddFaZ,mapped,2025-11-30,,Be A Godly Dad,Charles Martin,55,Romans 8:14-15,John 12:49-50,,Be A Godly Dad - Stand Firm and Act Like Men: Wk 7,regex,,,,,,wk-run 2025-10-19|2025-10,
5Jb1ka9jmnIZjoXd92hbk7,mapped,2025-11-23,,Love Is...,Joby Martin,58,1 Corinthians 13,,,Love Is... - Stand Firm & Act Like Men: Wk 6,regex,,,,,,wk-run 2025-10-19|2025-10,
38ar5JBNNun1CKuXPzL1O0,mapped,2025-11-18,,Be A Godly Husband,Matt Carter,52,Ephesians 5,,,Be A Godly Husband - Stand Firm & Act Like Men: Wk 5,regex,,,,,,wk-run 2025-10-19|2025-10,
5Q4PZI26oQMB2khuN7L30F,mapped,2025-11-09,,Be Strong,Joby Martin,56,1 Corinthians 16:13-14,Matthew 20:17-28,,Be Strong - Stand Firm & Act Like Men: Wk 4,regex,,,,,,wk-run 2025-10-19|2025-10,
7o8yNEIgg0nw3E4t9GotIg,mapped,2025-11-02,,Stand Firm,Joby Martin,59,1 Corinthians 16:13-14,Ephesians 6:10-20,,Stand Firm - Stand Firm & Act Like Men: Wk 3,regex,,,,,,wk-run 2025-10-19|2025-10,
2ufbyKJUbT3Ro2ZIQiQeLQ,mapped,2025-10-26,,Be Watchful,Joby Martin,54,1 Corinthians 16:13-14,1 Peter 5:6-11,,Be Watchful - Stand Firm & Act Like Men: Wk 2,regex,,,,,,wk-run 2025-10-19|2025-10,
5cdEDvDzoSKAVg9j2Sc6sI,mapped,2025-10-19,,Where Have All the Good Men Gone?,Joby Martin,58,1 Corinthians 16:13-14,Genesis 3:1-24,,Where Have All the Good Men Gone? - Stand Firm and Act Like Men: Wk 1,regex,,,,,,wk-run 2025-10-19|2025-10,
4qsUOdnfdIa6R1XeulAz1I,mapped,2025-10-13,,Amazing Grace,Adam Flynt,45,1 Corinthians 1:1-10,,,Amazing Grace - Worship is War: Wk 5,regex,,,,,,wk-run 2025-09-14|2025-09,
5gfuiKl5y3mcszWMLfvbDG,mapped,2025-10-05,,Come Thou Fount,Joby Martin Hymns Album,57,Romans 7,,,Come Thou Fount - Worship is War: Wk 4,regex,,,,,,wk-run 2025-09-14|2025-09,
0wpLbt2nBsGoqumB815fuo,mapped,2025-09-28,,How Great Thou Art,Ryan Britt Hymns Album,46,Psalm 145,,,How Great Thou Art - Worship is War: Wk 3,regex,,,,,,wk-run 2025-09-14|2025-09,
3ltCnwkaEKwWl8gVYeXC1O,mapped,2025-09-21,,It Is Well,Joby Martin,60,John 6,,,It Is Well - Worship is War: Wk 2,regex,,,,,,wk-run 2025-09-14|2025-09,
2rznUhIRdANCM21AcfYkeA,mapped,2025-09-14,,Because He Lives,Joby Martin Saturated,42,Luke 10:17-20,Ezekiel 28:11-19; Isaiah 14:12-15; Luke 24:1-12,,Because He Lives - Worship is War: Wk 1,regex,,,,,,wk-run 2025-09-14|2025-09,
5IVKEC8D9mxmM0iMCi6Luy,mapped,2025-09-14,Saturated,With God There is Always a Meanwhile,Lysa TerKeurst,58,,,,With God There is Always a Meanwhile - Saturated with Lysa TerKeurst,ai,book,0.95,genesis,Joseph's story in Genesis,1,saturated|2025-09,
4CsUWYk0x7U0Xx7XE6ytVG,mapped,2025-09-13,Saturated,Consecrate Yourselves,Phil Hopper,54,,,,Consecrate Yourselves - Saturated with Phil Hopper,ai,book,0.9,joshua 3,"Consecrate yourselves at the Jordan, Joshua 3",1,saturated|2025-09,
1s9pWyYnUdJRpo5b4I466i,mapped,2025-09-12,Saturated,The Lord’s Hand Was With Them,Jon Tyson,57,Acts 11:19-30,,,The Lord’s Hand Was With Them - Saturated with Jon Tyson,regex,,,,,,saturated|2025-09,
04DipUtAkwkTvICVVHyt6t,mapped,2025-09-11,Saturated with Willie Robertson,Jesus Said “Go”,Willie Robertson,56,Matthew 28,Acts 18,,Jesus Said “Go” - Saturated with Willie Robertson,regex,,,,,,saturated with willie robertson|2025-09,
3xTeWeZKmouzLykBSbuirt,mapped,2025-09-07,,Chariots of Fire,Joby Martin,57,1 Kings 19,2 Kings 2,,Chariots of Fire - Elijah: Wk 8,regex,,,,,,wk-run 2025-07-20|2025-07,
2F5Iz9UXExiVRI26Vph8xZ,mapped,2025-08-31,,Still Small Voice,Matt Carter,51,1 Kings 19:8-13,Exodus 19:17-19,,Still Small Voice - Elijah: Wk 7,regex,,,,,,wk-run 2025-07-20|2025-07,
5IlgvtJ6KZKsr3MWqWo0GD,mapped,2025-08-24,,Jesus and Your Mental Health,Joby Martin,52,1 Kings 19,Hebrews 4:15; Matthew 26:38; Ephesians 6:10-15; 2 Corinthians 10:3-5; Romans 12:2,,Jesus and Your Mental Health - Elijah: Wk 6,regex,,,,,,wk-run 2025-07-20|2025-07,
7gjqa3oq0N0tHfKFj4N5OH,mapped,2025-08-17,,Fire Fall Down,Joby Martin,54,1 Kings 18,,,Fire Fall Down - Elijah: Wk 5,regex,,,,,,wk-run 2025-07-20|2025-07,
4huI21MsdfCqcHLN3w5Jxm,mapped,2025-08-10,,What Kind of Man Are You?,Joby Martin,57,1 Kings 18,,,What Kind of Man Are You? - Elijah: Wk 4,regex,,,,,,wk-run 2025-07-20|2025-07,
4QDz7cJXKsWj8KcRJHcIcg,mapped,2025-08-03,,I Believe. Help My Unbelief,Joby Martin,54,1 Kings 17,,,I Believe. Help My Unbelief - Elijah: Wk 3,regex,,,,,,wk-run 2025-07-20|2025-07,
3Pm0NFFkGkCDxpIOkEKhK2,mapped,2025-07-27,,When God Says Go,Ryan Britt,43,1 Kings 17,,,When God Says Go - Elijah: Wk 2,regex,,,,,,wk-run 2025-07-20|2025-07,
5bCZQEUaQS7Y6lT4PMF5Ao,mapped,2025-07-20,,Running on Empty,Joby Martin,58,,,,Running on Empty - Elijah: Wk 1,ai,book,0.85,1-kings 17,"Elijah's entrance, 1 Kings 17",1,wk-run 2025-07-20|2025-07,
6EI0DN1wu88QVlg0rDzXPO,mapped,2025-07-13,,Jesus Clears the Temple,Joby Martin,55,John 2,,,Jesus Clears the Temple - In The Arena: Wk 6,regex,,,,,,wk-run 2025-06-08|2025-06,
1zuXceqYQS7meM70zBkcrv,mapped,2025-07-06,,Passover,Joby Martin,52,,,,Passover - In The Arena: Wk 5,ai,book,0.9,exodus 12,Passover story,1,wk-run 2025-06-08|2025-06,
6IoIkOwYHS4q04X2be4oa0,mapped,2025-06-29,,Jacob Wrestles God,Joby Martin,54,Genesis 25,,,Jacob Wrestles God - In The Arena: Wk 4,regex,,,,,,wk-run 2025-06-08|2025-06,
4PP35VHi4nHYKs1Do6xImr,mapped,2025-06-23,,David Fights Goliath,Joby Martin,50,1 Samuel 17,,,David Fights Goliath - In The Arena: Wk 3,regex,,,,,,wk-run 2025-06-08|2025-06,
0ZP4SkL34r0ga9cKrgJggD,mapped,2025-06-15,,Fighting with No Power,Joby Martin,54,Acts 19,,,Fighting with No Power - In The Arena: Wk 2,regex,,,,,,wk-run 2025-06-08|2025-06,
722WRVT6CJ9wS2FyLiAg3D,mapped,2025-06-08,,Jesus Defeats Death at the Cross and Resurrection,Joby Martin Season,49,1 Corinthians 15,,,Jesus Defeats Death at the Cross and Resurrection - In The Arena: Wk 1,regex,,,,,,wk-run 2025-06-08|2025-06,
6pGhidh9DZErPjhTQRbas3,mapped,2025-06-01,Follow Me,A Disciple Deepens in Their Faith,Joby Martin,56,John 15,,,A Disciple Deepens in Their Faith - Follow Me - Wk 6,regex,,,,,,follow me|2025-04,
5zeiPfnUiEDFdSC2xzZq2f,unmapped,2025-05-25,Follow Me,A Disciple Deepens Within the Faith Family,Joby Martin,51,,,,A Disciple Deepens Within the Faith Family - Follow Me - Wk 5,,unknown,0.5,,"Faith family, text not given.",2,follow me|2025-04,
3y7IqhAySVsK4rxQDVLRjC,mapped,2025-05-19,Follow Me,A Disciple Discovers Salvation in Christ,Joby Martin,55,John 3,,,A Disciple Discovers Salvation in Christ - Follow Me - Wk 4,regex,,,,,,follow me|2025-04,
2yYSLXGt32DD72kaDl4FmB,mapped,2025-05-11,Follow Me,A Disciple Shares Faith with All People,Joby Martin,48,Acts 1:8,Matthew 4:19,,A Disciple Shares Faith with All People - Follow Me - Wk 3,regex,,,,,,follow me|2025-04,
5VBL3haprWiYnq0j9ld54G,unmapped,2025-05-04,Follow Me,A Disciple Stewards All That He Has,Joby Martin,53,,,,A Disciple Stewards All That He Has - Follow Me - Wk 2,,unknown,0.5,,"Stewardship, text not given.",2,follow me|2025-04,
22wCXcCdwSkflkqEbzm9ed,unmapped,2025-04-27,Follow Me,A Disciple Serves All People,Joby Martin,55,,,,A Disciple Serves All People - Follow Me - Wk 1,,book,0.45,john 13,"Jesus serving the undeserving; foot washing likely, Luke 6 possible.",2,follow me|2025-04,
1oKiEZ7TR0rZJuLybkPDHK,mapped,2025-04-20,He Is Risen Indeed,Easter 2025,Joby Martin,53,,,,He Is Risen Indeed - Easter 2025,ai,book,0.9,luke 24,"Why look for the living among the dead, Luke 24:5.",2,he is risen indeed|2025-04,
6Ge3PCr29jexwo2FlMeuDO,mapped,2025-04-13,Titus,Humility Wins,Joby Martin,57,Titus,,,Humility Wins - Titus - Wk 3,regex,,,,,,titus|2025-03,
7drC5suoXLv8mUERryeO5H,mapped,2025-04-06,Titus,Standout Christians,Joby Martin,57,Titus,,,Standout Christians - Titus - Wk 2,regex,,,,,,titus|2025-03,
4hCsNrUPjeBwnJ3DshZae4,mapped,2025-03-31,Titus,Hope of Eternal Life,Joby Martin,51,Titus,,,Hope of Eternal Life - Titus - Wk 1,regex,,,,,,titus|2025-03,
3YbtQLbx5ZnkaRLNfDAGqU,mapped,2025-03-23,1 Timothy,Fight the Good Fight,Joby Martin,55,1 Timothy 6:11-16,,,Fight the Good Fight - 1 Timothy - Wk 12,regex,,,,,,1 timothy|2025-01,
586NSgpPI6IZZcFIUmdVrZ,mapped,2025-03-16,1 Timothy,Storing up Treasure,Joby Martin,54,1 Timothy 6,,,Storing up Treasure - 1 Timothy - Wk 11,regex,,,,,,1 timothy|2025-01,
6u6DQ1zmaO1Bymvz9RZEOq,mapped,2025-03-09,1 Timothy,God at Work,Joby Martin,58,1 Timothy,,,God at Work - 1 Timothy - Wk 10,regex,,,,,,1 timothy|2025-01,
3ipgjeY9Few7THmR5hMc3F,mapped,2025-03-03,1 Timothy,Your Business Is My Business,Joby Martin,57,1 Timothy 5:17-25,,,Your Business Is My Business - 1 Timothy - Wk 9,regex,,,,,,1 timothy|2025-01,
6SFBCyjlaKTNJG1frvu8yD,mapped,2025-02-23,1 Timothy,How to Help One Another,Joby Martin,57,1 Timothy,,,How to Help One Another - 1 Timothy - Wk 8,regex,,,,,,1 timothy|2025-01,
2uLxRiuxuh9VHzlkOtObD2,mapped,2025-02-17,1 Timothy,Mortification and Vivification,Joby Martin,55,1 Timothy,,,Mortification and Vivification  - 1 Timothy - Wk 7,regex,,,,,,1 timothy|2025-01,
5YAgDR6YEgG2910A9sYIxf,mapped,2025-02-09,1 Timothy,The Gospel Infected Life,Joby Martin,44,1 Timothy,,,The Gospel Infected Life - 1 Timothy - Wk 6,regex,,,,,,1 timothy|2025-01,
33Gcbrho2MVTWszxy3l9um,mapped,2025-02-02,1 Timothy,Ransom for All,Joby Martin,45,1 Timothy,,,Ransom for All - 1 Timothy - Wk 5,regex,,,,,,1 timothy|2025-01,
6HWBUX6RFKGkVDnzafcSTs,mapped,2025-01-26,1 Timothy,Prayer,Joby Martin,54,1 Timothy,,,Prayer - 1 Timothy - Wk 4,regex,,,,,,1 timothy|2025-01,
1eR6IT9Vf7lvOHtTo0GkX4,mapped,2025-01-19,1 Timothy,Jesus Saves Sinners,Joby Martin,56,1 Timothy,,,Jesus Saves Sinners - 1 Timothy - Wk 3,regex,,,,,,1 timothy|2025-01,
4LfR7KmynwcQbOrHIMpziq,mapped,2025-01-13,1 Timothy,No Other Gospel,Joby Martin,59,1 Timothy,,,No Other Gospel - 1 Timothy - Wk 2,regex,,,,,,1 timothy|2025-01,
2hWbbYlvzq7Ma1yiGSEZqn,mapped,2025-01-06,1 Timothy,Disciple Making Disciples,Joby Martin,60,1 Timothy,,yes,Disciple Making Disciples - Vision Weekend 2025 - 1 Timothy - Wk 1,regex,,,,,,1 timothy|2025-01,
7pGnvxyrRD7MHRJzgYWe4c,mapped,2024-12-29,When He Asks,What Do You Want Me To Do For You?,Joby Martin,40,Mark 10:36,,,What Do You Want Me To Do For You? - When He Asks - Wk 7,regex,,,,,,when he asks|2024-11,
5qFjHVDh258jcJRVQBjSdQ,unmapped,2024-12-22,When He Asks,What Child is This?,Joby Martin,52,,,yes,What Child is This? - Christmas Eve 2024 - When He Asks - Wk 6,,book,0.4,luke 2,"Christmas Eve What Child is This, likely Luke 2",2,when he asks|2024-11,
3p08pPWwc1mU2xpGnbV0ON,unmapped,2024-12-16,When He Asks,Whose Image Do You Bear?,Joby Martin,54,,,,Whose Image Do You Bear? - When He Asks - Wk 5,,book,0.8,matthew 22,"Whose image is Caesar-coin question, Matthew 22:20",2,when he asks|2024-11,
5LS4MgxE7CdCLocG2H1VOd,mapped,2024-12-08,When He Asks,Why Do You Doubt?,Joby Martin,59,,,,Why Do You Doubt? - When He Asks - Wk 4,ai,book,0.9,john 2,"Wedding at Cana, Mary says do whatever he tells you",1,when he asks|2024-11,
63ndGb8q2oZpFpqfaL441b,unmapped,2024-12-01,When He Asks,What Kind of Person Am I?,Joby Martin,43,,,,What Kind of Person Am I? - When He Asks - Wk 3,,book,0.4,luke 12,"Stewardship of possessions for others fits Luke 12 or 16, uncertain",2,when he asks|2024-11,
1xlU9YEuz3SeJ47nCuhk49,unmapped,2024-11-24,When He Asks,Why Do You Worry?,Joby Martin,55,,,,Why Do You Worry? - When He Asks - Wk 2,,book,0.8,matthew 6,Why do you worry is Matthew 6:25-34,2,when he asks|2024-11,
7d8EQ5O86i0sUYB8zF57Yx,unmapped,2024-11-18,When He Asks,"Why Call Me, ‘Lord, Lord,’ and Not Do What I Say?",Joby Martin,43,,,,"Why Call Me, ‘Lord, Lord,’ and Not Do What I Say? - When He Asks - Wk 1",,book,0.7,luke 6,"Why call me Lord, Lord is Luke 6:46",2,when he asks|2024-11,
6i9Oy4Ol7Jn6e159fvJn5W,unmapped,2024-11-11,,Grace for Breakfast,Joby Martin,55,,,,Grace for Breakfast - Wk 9,,book,0.35,john 21,"""Grace for Breakfast"" likely John 21; weak.",2,wk-run 2024-11-11|2024-11,
2d6fOCOTdYkT7K0x9p2Yzt,unmapped,2024-11-04,Run Over by the Grace Train,Grace is Slow to Anger,Joby Martin,57,,,,Grace is Slow to Anger - Run Over by the Grace Train - Wk 8,,unknown,0.5,,"Anger and grace, text not given.",2,run over by the grace train|2024-09,
5IZBQrQcxtfjkNcubDIRrd,mapped,2024-10-27,Run Over by the Grace Train,Grace Forgives,Joby Martin,60,,,,Grace Forgives - Run Over by the Grace Train - Wk 7,ai,book,0.85,matthew 18,"Forgiven debts and forgiving others, unforgiving servant.",2,run over by the grace train|2024-09,
75VPrRf6rUuBzHZse2dNsm,mapped,2024-10-20,Run Over by the Grace Train,Grace is Our Significance,,44,Matthew 11:1-19,,,Grace is Our Significance - Run Over by the Grace Train - Wk 6,regex,,,,,,run over by the grace train|2024-09,
1iemxbFe9ecJQcehOtLsaM,unmapped,2024-10-13,Run Over by the Grace Train,Grace Pursues,,60,,,,Grace Pursues - Run Over by the Grace Train - Wk 5,,unknown,0.5,,"Grace pursues, text not given.",2,run over by the grace train|2024-09,
7KPC34xgWDaLmNmhIY1h7k,unmapped,2024-10-06,Run Over by the Grace Train,"Grace Does Not Condemn, Grace Cleanses",Joby Martin,59,,,,"Grace Does Not Condemn, Grace Cleanses - Run Over by the Grace Train - Wk 4",,book,0.5,john 8,No condemnation suggests the woman caught in adultery.,2,run over by the grace train|2024-09,
23R2wjv136RB0Fxj2PabRt,mapped,2024-09-29,Run Over by the Grace Train,Grace Celebrates,Joby Martin,57,,,,Grace Celebrates - Run Over by the Grace Train - Wk 3,ai,book,0.95,luke 15,Prodigal son,1,run over by the grace train|2024-09,
0gbzkQ5ETZz7vQ2zhMvcPy,mapped,2024-09-22,Run Over by the Grace Train,Grace Can't Be Lost,Joby Martin,57,Romans 3:20-22,,,Grace Can't Be Lost - Run Over by the Grace Train - Wk 2,regex,,,,,,run over by the grace train|2024-09,
1Rcx36KDlliYrx5OTu6saW,unmapped,2024-09-15,Grace Saves,Run Over by the Grace Train,Joby Martin,40,,,yes,Grace Saves: Run Over by the Grace Train - Wk 1 (Saturated Sunday),,unknown,0.5,,"Grace series week 1, text not given.",2,grace saves|2024-09,
18MoTcBjPDaEd9eLIoD8Uy,unmapped,2024-09-15,,Saturated Saturday,Ben Stuart,47,,,,Saturated Saturday: Pastor Ben Stuart,,unknown,0.5,,Conference talk on Jesus' power and priorities.,2,,
0pfFr06y8yYrFWsTC5J59F,mapped,2024-09-14,,Saturated Friday,Derwin Gray,48,Luke 10:25-29,,,Saturated Friday: Pastor Derwin Gray,regex,,,,,,,
saturated-thursday-pastor-matt-chandler,mapped,2024-09-13,,Saturated Thursday,Matt Chandler,60,1 Corinthians 15:1-6,,,Saturated Thursday: Pastor Matt Chandler,regex,,,,,,,
4HtDi1biTCDsrXM70WAG9N,unmapped,2024-09-12,,Saturated Wednesday,Jim Burgen,54,,,,Saturated Wednesday: Pastor Jim Burgen,,topical,0.6,,Conference talk on church as place for broken.,2,,
2SbNIUHwdjFXjgaT01EYEF,mapped,2024-09-09,Stand Firm,Boldly Proclaim the Mystery of the Gospel,Joby Martin,61,,,,Boldly Proclaim the Mystery of the Gospel - Stand Firm - Wk 9,ai,book,0.85,ephesians 6,"Mystery of the gospel, Eph 6:19-20",1,stand firm|2024-07,
4Ldkr6W2Aebw4BLwFaXvWJ,mapped,2024-09-01,Stand Firm,Prayer is Warfare,Joby Martin,57,,,,Prayer is Warfare - Stand Firm - Wk 8,ai,book,0.92,ephesians 6,"Prayer is warfare, Eph 6:18",1,stand firm|2024-07,
4cIhPwdI11C00LME4zBp36,mapped,2024-08-25,Stand Firm,Sword of the Spirit,Joby Martin,61,,,,Sword of the Spirit: Stand Firm - Wk 7,ai,book,0.95,ephesians 6,"Sword of the Spirit, Eph 6:17",1,stand firm|2024-07,
4jXa0AsNzU0riWJlmVNlqk,mapped,2024-08-18,Stand Firm,Helmet of Salvation,Joby Martin,42,,,,Helmet of Salvation: Stand Firm - Wk 6,ai,book,0.95,ephesians 6,"Helmet of salvation, Eph 6:17",1,stand firm|2024-07,
2C4XWB5uIfJlUk7053F7Ym,mapped,2024-08-11,Stand Firm,Shield of Faith,Ryan Britt,42,,,,Shield of Faith: Stand Firm - Wk 5,ai,book,0.92,ephesians 6,"Shield of faith, Eph 6:16",1,stand firm|2024-07,
408HwwVthoJS2rXoOLBLtp,mapped,2024-08-04,Stand Firm,Shoes of the Gospel of Peace,Josh Howerton,52,,,,Shoes of the Gospel of Peace: Stand Firm - Wk 4,ai,book,0.95,ephesians 6,"Shoes of gospel of peace, Eph 6:15",1,stand firm|2024-07,
5D1w6eYwRgOPZZSEfS8vWR,mapped,2024-07-28,Stand Firm,The Breastplate of Righteousness,Ray Cortese,52,,,,The Breastplate of Righteousness: Stand Firm - Wk 3,ai,book,0.95,ephesians 6,"Breastplate of righteousness, Eph 6:14",1,stand firm|2024-07,
3otG87xO4VpTHhLpb9v0bh,mapped,2024-07-21,Stand Firm,Belt of Truth,Joby Martin,55,Ephesians 6:14,John 8; John 14:6,,Belt of Truth: Stand Firm - Wk 2,regex,,,,,,stand firm|2024-07,
3ASFeKT6dIzPDbf6KbEnhU,mapped,2024-07-14,Stand Firm,This is War,Joby Martin,57,,,,This is War: Stand Firm - Wk 1,ai,book,0.85,ephesians 6,"Stand Firm armor series, Eph 6",1,stand firm|2024-07,
2h8kch1m7k90uWCVMdjo9G,mapped,2024-07-07,Be Free,In Step with The Spirit,Joby Martin,48,,,,In Step with The Spirit: Be Free - Wk 14,ai,book,0.95,galatians 5,"Description: closing Galatians, walking in step with Spirit",1,be free|2024-04,
3RYIP6sAuUKwTcoNLur3aE,mapped,2024-06-30,Be Free,Where Do You Boast?,Joby Martin,60,,,,Where Do You Boast?: Be Free - Wk 13,ai,book,0.85,galatians 6,"Where do you boast, Gal 6:14",1,be free|2024-04,
0clpiEQeIAGPoUm0pBNR54,mapped,2024-06-23,Be Free,Walk This Way,Joby Martin,55,,,,Walk This Way: Be Free - Wk 12,series,book,0.8,galatians 5,Be Free Galatians series; walk by Spirit/ live in light,1,be free|2024-04,Be Free (be free|2024-04): galatians 10.5/10.5 votes
5Ta6zk1GXpc4LrqrlH45M6,mapped,2024-06-16,Be Free,Set Free,Joby Martin,54,Galatians 5:1,,,Set Free: Be Free - Wk 11,regex,,,,,,be free|2024-04,
3d8ajmtUxKlVaclZM6c1oQ,mapped,2024-06-09,Be Free,Stop Going Back to Your Old Ways,Joby Martin,56,Galatians 4:9,,,Stop Going Back to Your Old Ways: Be Free - Wk 10,regex,,,,,,be free|2024-04,
5h1nGlZgS10bLYL2ca8SRc,mapped,2024-06-02,Be Free,No Longer Slaves,Joby Martin,58,,,,No Longer Slaves: Be Free - Wk 9,ai,book,0.9,galatians 4,"Adopted sons no longer slaves, Gal 4",1,be free|2024-04,
1Eu4ByaeOJiRKBMJp6QG6D,mapped,2024-05-26,Be Free,Our Need for Control,Joby Martin,51,,,,Our Need for Control: Be Free - Wk 8,ai,book,0.85,galatians,Be Free Galatians series; works-based righteousness,1,be free|2024-04,
3eTneu2L6DM1RXoPoPIeuA,mapped,2024-05-19,Be Free,Bewitched: The Foolishness of Trying to Earn Your Salvation,Ryan Britt,45,Galatians 3:1-9,,yes,Bewitched: The Foolishness of Trying to Earn Your Salvation: Be Free - Wk 7,regex,,,,,,be free|2024-04,
2s17h4o3GekPF7Yv9xC4P6,mapped,2024-05-12,Be Free,How Can I Be Saved?,Joby Martin,53,,,,How Can I Be Saved?: Be Free - Wk 6,series,book,0.8,galatians 2,"Be Free Galatians series; saved by faith, Gal 2:15-21",1,be free|2024-04,Be Free (be free|2024-04): galatians 10.5/10.5 votes
3votRvySa1ZcDPesI0jDAK,mapped,2024-05-06,Be Free,Iron Sharpens Iron,Joby Martin,56,,,,Iron Sharpens Iron: Be Free - Wk 5,series,book,0.75,galatians 6,"Be Free Galatians series; accountability/confrontation, Gal 2 or 6",1,be free|2024-04,Be Free (be free|2024-04): galatians 10.5/10.5 votes
1O1FYJWtHl5EZpsKA3m9Wo,mapped,2024-04-28,Be Free,It Shouldn't Have to Be This Difficult,Joby Martin,57,Galatians 2:1-10,,,It Shouldn't Have to Be This Difficult: Be Free - Wk 4,regex,,,,,,be free|2024-04,
2wunPunFg2yWzzvB9uBpIe,mapped,2024-04-21,Be Free,Comparison Kills,Joby Martin,52,,,,Comparison Kills: Be Free - Wk 3,series,book,0.8,galatians,"Be Free Galatians series, wk 3 comparison (Gal 5-6)",1,be free|2024-04,Be Free (be free|2024-04): galatians 10.5/10.5 votes
2nsSaBwOSZloQIwtIva7tK,mapped,2024-04-14,Be Free,No Other Gospel,,59,,,,No Other Gospel: Be Free - Wk 2,ai,book,0.9,galatians 1,"No Other Gospel, Gal 1:6-9",1,be free|2024-04,
1Pnfx2SxiW6dm7cGcavV1q,mapped,2024-04-07,Be Free,Do You Want To Be Free?,Joby Martin,50,,,,Do You Want To Be Free?: Be Free - Wk 1,ai,book,0.88,galatians,"Be Free series, Galatians siblings; Jesus + nothing",1,be free|2024-04,
3VhruRF5Q703Ahdwc5afOC,unmapped,2024-03-31,Tetelestai,God Is Not Finished,Joby Martin,51,,,,God Is Not Finished: Tetelestai - Wk 7,,book,0.75,john 19,"It is finished, John 19:30",2,tetelestai|2024-02,
2JnqzvPoD1ecKmKFnmSBkf,unmapped,2024-03-27,,Passion Service 2024,Joby Martin,56,,,,Passion Service 2024,,topical,0.7,,"Passion service, no text evident.",2,,
2lerzdhz89YnMgFMZy52St,unmapped,2024-03-24,Tetelestai,Submitted & Committed,Joby Martin,56,,,,Submitted & Committed: Tetelestai - Wk 6,,book,0.5,luke 23,"Into your hands, Luke 23:46 fits submitted/committed",2,tetelestai|2024-02,
73CC0WyBybLr3ofkY3rumT,unmapped,2024-03-18,Tetelestai,What Really Happened On The Cross,Joby Martin,58,,,,What Really Happened On The Cross: Tetelestai - Wk 5,,topical,0.45,,Creation-to-cross overview with no single text,2,tetelestai|2024-02,
5BYhjQrhuDCNflHEQ6XhHF,unmapped,2024-03-11,Tetelestai,A Good Dad,Joby Martin,44,,,,A Good Dad: Tetelestai - Wk 4,,unknown,0.3,,A Good Dad; cross-words series but text unclear,2,tetelestai|2024-02,
7M6q93pEgLghMOlUFc9a4A,unmapped,2024-03-03,Tetelestai,Why Have You Forsaken Me?,Joby Martin,53,,,,Why Have You Forsaken Me?: Tetelestai - Wk 3,,book,0.7,matthew 27,"Why have you forsaken me, Matthew 27:46",2,tetelestai|2024-02,
2ssYLldu38in4DF0u03bm4,unmapped,2024-02-25,Tetelestai,The Scandal of Grace,Joby Martin,50,,,,The Scandal of Grace: Tetelestai - Wk 2,,book,0.5,luke 23,"Scandal of grace likely the thief on the cross, Luke 23:43",2,tetelestai|2024-02,
5IlmVzvArlAVW284bMu97J,mapped,2024-02-18,Tetelestai,"Father, Forgive Them",Joby Martin,50,Luke 19:10,,,"Father, Forgive Them: Tetelestai - Wk 1",regex,,,,,,tetelestai|2024-02,
1toRh54IDeeu8tVTITC0lg,unmapped,2024-02-11,Testimony,What We Have Seen and Heard,Joby Martin,56,,,,What We Have Seen and Heard: Testimony - Wk 5,,book,0.7,acts 4,What we have seen and heard is Acts 4:20,2,testimony|2024-01,
2ox1qb4wJck39dcRdOJsUj,unmapped,2024-02-04,Testimony,Peter,Joby Martin,59,,,,Peter: Testimony - Wk 4,,book,0.3,john 21,Peter testimony; restoration at John 21 is a guess,2,testimony|2024-01,
5bE02gWrn1oR7F9Fbcn8Pu,mapped,2024-01-28,Testimony,A Seat at the King’s Table: The Testimony of Mephibosheth,Joby Martin,52,,,yes,A Seat At The Kings Table: The Testimony of Mephiboseth: Testimony - Wk. 3,ai,book,0.95,2-samuel 9,Mephibosheth at the king's table,1,testimony|2024-01,
7E5Eytxfo2H4PmV4D5BW67,mapped,2024-01-21,Testimony,I Am The Man,Joby Martin,61,,,,I Am The Man: Testimony - Wk 2,ai,book,0.9,john 9,"I am the man, blind man healed, John 9",1,testimony|2024-01,
3tJeqzlWZJ90hPNpHM4bce,unmapped,2024-01-14,Testimony,They Will Overcome,Joby Martin,59,,,,They Will Overcome: Testimony - Wk 1,,book,0.75,revelation 12,"Blood of the lamb, word of testimony, not loving life is Rev 12:11",2,testimony|2024-01,
7rLKCW7CiRwfpW9V1aaaed,unmapped,2024-01-07,Eternal Life,The Church of Eleven22’s 2024 Vision,Joby Martin,56,,,,Eternal Life - The Church of Eleven22’s 2024 Vision,,topical,0.85,,Annual vision message.,2,eternal life|2024-01,
31IWS1NUbtTqXvDMfj4AXb,unmapped,2023-12-31,Unwrapping Christmas,The Word of God,Joby Martin,49,,,,The Word of God: Unwrapping Christmas - Wk 5,,topical,0.45,,"Sermon on reading the Word, no single text evident",2,unwrapping christmas|2023-12,
38weqWkGQluxa5XFQm1aOa,mapped,2023-12-24,Unwrapping Christmas,Christmas from the Manger,Joby Martin,36,Luke 2:10-11,,,Christmas from the Manger: Unwrapping Christmas - Wk 4,regex,,,,,,unwrapping christmas|2023-12,
3737NZrgQANtP6Lhiv4aLv,mapped,2023-12-17,,Christmas from the East,Joby Martin,51,Matthew 1:21,,,Christmas from the East - Unwrapping Christmas: Wk. 3,regex,,,,,,wk-run 2023-12-04|2023-12,
33AOneAAbDxMVPEySeplQn,unmapped,2023-12-10,,Christmas from the Heavenlies,Joby Martin,56,,,,Christmas from the Heavenlies - Unwrapping Christmas: Wk 2,,topical,0.45,,Advent theme about spiritual war; text unclear (Rev 12/Luke 2).,2,wk-run 2023-12-04|2023-12,
3dUPeFmohfvxrrFJqx9shO,unmapped,2023-12-04,,Christmas from Eternity,Joby Martin,58,,,,Christmas from Eternity - Unwrapping Christmas Wk. 1,,book,0.5,john 1,Christmas from eternity; son of God became man suggests John 1.,2,wk-run 2023-12-04|2023-12,
0HdrIt1arO8O73weqvxdz4,mapped,2023-11-26,,A Discussion on Discipleship and Mental & Emotional Health,Joby Martin,52,1 John 5:5,,,A Discussion on Discipleship and Mental & Emotional Health - It Doesn’t Make Sense Wk. 3,regex,,,,,,wk-run 2023-11-12|2023-11,
3ACBhGQZX0wQd3H2Fmeo1X,unmapped,2023-11-19,,Healthy is Hard Work,Joby Martin,46,,,,Healthy is Hard Work - It Doesn’t Make Sense Wk. 2,,topical,0.8,,Mental health topical series.,2,wk-run 2023-11-12|2023-11,
2Y1vgSono4Alx6FJo4QaWe,unmapped,2023-11-12,,Jesus and Your Mental Health,,56,,,,Jesus and Your Mental Health - It Doesn’t Make Sense Wk. 1,,topical,0.85,,Mental health topical series.,2,wk-run 2023-11-12|2023-11,
1HkPMyRBmxsJBRlH7vOxY7,mapped,2023-11-05,,Abundant Treasure,,63,John 10:10,,,Abundant Treasure - Live Abundantly: Wk 5,regex,,,,,,wk-run 2023-10-09|2023-10,
38JJnZYXZbsKKCU6E4p0lN,mapped,2023-10-29,,Abundant Work,,58,John 10:10,,,Abundant Work - Live Abundantly: Wk 4,regex,,,,,,wk-run 2023-10-09|2023-10,
1qaj8WkUE8957Km7amH68r,unmapped,2023-10-22,,Abundant Friendship,,45,,,,Abundant Friendship - Live Abundantly: Wk 3,,book,0.45,john 15,"Jesus as friend, John 15:13-15, within abundant-life series.",2,wk-run 2023-10-09|2023-10,
2ZIYYyjvYMJZN7Aa66hxpZ,mapped,2023-10-15,,Abundant Marriage,,60,1 Corinthians 6:18,,,Abundant Marriage - Live Abundantly: Wk 2,regex,,,,,,wk-run 2023-10-09|2023-10,
6aF9S015QwpTz7Q2iykCWQ,unmapped,2023-10-09,,Wisdom for the Abundant Life,,53,,,,Wisdom for the Abundant Life - Live Abundantly: Wk. 1,,book,0.55,john 10,Series built on John 10 Good Shepherd/abundant life.,2,wk-run 2023-10-09|2023-10,
7yI0683Zm47Jur4tM9BTYJ,mapped,2023-10-02,,Husband and Wife,,59,Ephesians 5:21-24,,,Wk 3: Husband and Wife,regex,,,,,,wk-run 2023-09-17|2023-09,
78jtMknki5T6vMUaoz57cB,mapped,2023-09-24,,Parenting,,52,Exodus 2:11-15,,,Wk 2: Parenting,regex,,,,,,wk-run 2023-09-17|2023-09,
6vV4rdt1teJL0gihUS0Qbc,unmapped,2023-09-17,,Singleness and Dating,,47,,,,Wk 1 - Singleness and Dating,,topical,0.75,,Topical series on singleness/dating/family.,2,wk-run 2023-09-17|2023-09,
57APJMnvsUYNzyJEaKV7TD,mapped,2023-09-10,,Prayer and Anointing,Joby Martin,46,,,yes,Wk 14: Saturated Sunday - Prayer and Anointing,ai,book,0.9,james 5,Description quotes James 5:13-18,1,wk-run 2023-08-13|2023-08,
14wCIL7eJdW62uVMy6U7dV,unmapped,2023-09-09,Saturated 2023,Friday: J.D. Greear,Joby Martin,53,,,,Saturated 2023 - Friday: J.D. Greear,,topical,0.55,,Conference main-session talk,2,saturated 2023|2023-09,
2aMcvr7OiIB7HAVP73M2OC,unmapped,2023-09-08,Saturated 2023,Thursday,Bryan Loritts,45,,,,Saturated 2023 - Thursday: Pastor Bryan Loritts,,topical,0.55,,Conference main-session talk,2,saturated 2023|2023-09,
0EJRMNJL6N26STax2Rrzvp,unmapped,2023-09-07,Saturated 2023,Wednesday,Matt Carter,59,,,,Saturated 2023 - Wednesday: Pastor Matt Carter,,topical,0.55,,Conference main-session talk,2,saturated 2023|2023-09,
0FcqlROmaTu12U68jghbFa,mapped,2023-09-03,,Money Mismanagement,,49,James 5:1-6,,,Week 13: Money Mismanagement,regex,,,,,,wk-run 2023-08-13|2023-08,
6Ie3UZKW9Mh3giiJLX5RnF,mapped,2023-08-28,,Don’t Waste Your Life,,57,,,,Week 12: Don’t Waste Your Life,series,book,0.7,james 4,"Don't waste life, James 4:13-17",1,wk-run 2023-08-13|2023-08,wk-run 2023-08-13 (wk-run 2023-08-13|2023-08): james 3.2/3.2 votes
week-11-choose-who-you-ll-serve,mapped,2023-08-20,,Choose Who You’ll Serve,,56,,,,Week 11: Choose Who You’ll Serve,series,book,0.8,james 4,"Draw near to God, James 4:7-10",1,wk-run 2023-08-13|2023-08,wk-run 2023-08-13 (wk-run 2023-08-13|2023-08): james 3.2/3.2 votes
162hdc4tJhuRRFVjJrmMEP,mapped,2023-08-13,,How to Win a Fight,,50,,,,Week 10: How to Win a Fight,ai,book,0.85,james 4,"Fights from desires, James 4:1-3",1,wk-run 2023-06-11|2023-06,
0TLACZ8MW61bUjqvObFHa2,mapped,2023-08-13,,Comparison Trap,,54,,,,Week 9: Comparison Trap,series,book,0.5,james 4,"Week 9 of James series; comparison, likely James 4",1,wk-run 2023-08-13|2023-08,wk-run 2023-08-13 (wk-run 2023-08-13|2023-08): james 3.2/3.2 votes
72kB9RJu7h11AMPBlnfSlM,mapped,2023-07-30,,Tame the Tongue,,56,,,,Week 8: Tame the Tongue,ai,book,0.92,james 3,"Tame the tongue, James 3",1,wk-run 2023-06-11|2023-06,
2L2CfaFrh7NKZx0ZrU0RfK,mapped,2023-07-23,,Faith Works,,55,,,,Week 7: Faith Works,ai,book,0.9,james 2,"Faith works, James 2:14-26",1,wk-run 2023-06-11|2023-06,
7lMzIXkgzvKXyBDFneoDU4,mapped,2023-07-16,,No Partiality,,43,,,,Week 6: No Partiality,ai,book,0.85,james 2,"No partiality, James 2:1-13",1,wk-run 2023-06-11|2023-06,
5KHhq8kHRxSs8zbnQvCH9b,mapped,2023-07-09,,Compassion,,56,,,,Week 5: Compassion,series,book,0.7,james 2,"Compassion, James 2 / 1:27 in James series",1,wk-run 2023-06-11|2023-06,wk-run 2023-06-11 (wk-run 2023-06-11|2023-06): james 5.5/5.5 votes
4toIIMJVqKQrTw4PX0lHZn,mapped,2023-07-02,,Be Doers of the Word,,57,,,,Week 4: Be Doers of the Word,ai,book,0.85,james 1,"Be doers of the Word, James 1:22",1,wk-run 2023-06-11|2023-06,
2GZJHyewDIzYf2H55B7hBT,mapped,2023-06-25,,Anger,,59,,,,Week 3: Anger,series,book,0.75,james 1,"Anger, James 1:19-20",1,wk-run 2023-06-11|2023-06,wk-run 2023-06-11 (wk-run 2023-06-11|2023-06): james 5.5/5.5 votes
43v8q6JkyDbVsC4hYBaeNb,mapped,2023-06-18,,Temptation: Life or Death,,39,,,,Week 2: Temptation: Life or Death,series,book,0.75,james 1,"Temptation, James 1:12-18",1,wk-run 2023-06-11|2023-06,wk-run 2023-06-11 (wk-run 2023-06-11|2023-06): james 5.5/5.5 votes
3ttgkVuBGnxf4RBK29zQDJ,mapped,2023-06-11,,Trials,,51,,,,Week 1: Trials,series,book,0.75,james 1,Trials week 1 of apparent James series,1,wk-run 2023-06-11|2023-06,wk-run 2023-06-11 (wk-run 2023-06-11|2023-06): james 5.5/5.5 votes
2hJ2Kjj67NGyVraYs6aV8c,mapped,2023-06-04,,Holy Spirit,,59,,,,Wk 9: Holy Spirit,series,book,0.65,john 14,"Holy Spirit, peace and trouble: John 14-16.",2,wk-run 2023-04-16|2023-04,wk-run 2023-04-16 (wk-run 2023-04-16|2023-04): john 5.5/6.2 votes
0bWn4LouIjieroxugSKvqx,mapped,2023-05-28,,Healing in His Wings,,56,,,,Wk 8: Healing in His Wings,series,book,0.55,malachi 4,"Healing in His wings is Mal 4:2, though series is John.",2,wk-run 2023-04-16|2023-04,wk-run 2023-04-16 (wk-run 2023-04-16|2023-04): john 5.5/6.2 votes
5fKn6lTAWXAOil1FJiVlDC,mapped,2023-05-21,,Mary Anoints Jesus’ Feet,,58,,,,Wk 7: Mary Anoints Jesus’ Feet,ai,book,0.92,john 12,"Mary anoints Jesus' feet, John 12.",2,wk-run 2023-04-16|2023-04,
3dTuRZDJpNnfjc80oyxjus,mapped,2023-05-14,,Lazarus,,54,,,,Wk 6: Lazarus,ai,book,0.92,john 11,"Lazarus, John 11",1,wk-run 2023-04-16|2023-04,
1UVlY8vBnJ0yPwEqsnRIac,mapped,2023-05-07,,Do You Believe Even When Doubts Creep In?,,58,John 6:68,,,Wk 5: Do You Believe Even When Doubts Creep In?,regex,,,,,,wk-run 2023-04-16|2023-04,
3ZgL6IZ0JXK6vLOaQ4NXcB,mapped,2023-04-30,,Pool of Bethesda,,55,,,,Wk 4: Pool of Bethesda,ai,book,0.92,john 5,"Pool of Bethesda, John 5",1,wk-run 2023-04-16|2023-04,
1x3eqjEEUFUimLswEjm40F,mapped,2023-04-23,,Tear off the Roof,,58,,,,Wk 3: Tear off the Roof,series,book,0.6,mark 2,Tear off the roof is the paralytic (Mark 2/Luke 5) though series is John.,2,wk-run 2023-04-16|2023-04,wk-run 2023-04-16 (wk-run 2023-04-16|2023-04): john 5.5/6.2 votes
34c9WPXSI60hRKfOVd7bqZ,mapped,2023-04-16,,Water to Wine,,54,,,,Wk 2: Water to Wine,ai,book,0.9,john 2,"Water to wine, John 2",1,wk-run 2023-04-16|2023-04,
3WUxeZQf6MexmFP3rPdRWt,mapped,2023-04-09,Wk 1: Resurrection,Easter 2023,,58,,,,Wk 1: Resurrection | Easter 2023,ai,book,0.9,john 20,Description quotes John 20:31,1,wk 1 resurrection|2023-04,
05PW8r6YF8bkdCChczLhYP,mapped,2023-04-02,,Secret to Contentment,,59,Matthew 11:28-30,,,Wk 9: Secret to Contentment,regex,,,,,,wk-run 2023-02-05|2023-02,
4B3HCDjo3ppejMD2jSP8f6,mapped,2023-03-26,,Peace,,47,,,,Wk 8: Peace,ai,book,0.95,philippians 4,Anxiety and peace is Phil 4:4-9.,2,wk-run 2023-02-05|2023-02,
0SHvxSbBYUwk4ncbWwlUKf,mapped,2023-03-19,,Press On,,46,,,,Wk 7: Press On,ai,book,0.95,philippians 3,Press on is Phil 3:12-21.,2,wk-run 2023-02-05|2023-02,
4ABAM3TfDnwKWkmg1RV5DS,mapped,2023-03-12,,By Grace Through Faith,,57,,,,Wk 6: By Grace Through Faith,ai,book,0.93,philippians 3,Not resume but Christ: Phil 3:1-11.,2,wk-run 2023-02-05|2023-02,
4PJBIDOFgZ86QmzhAURIlZ,mapped,2023-03-05,,Fear Not,,42,,,,Wk 5: Fear Not,ai,book,0.9,philippians 2,Philippians series; falls after ch2 week.,2,wk-run 2023-02-05|2023-02,
1c0bqUmSmqe0B757wyOq2h,mapped,2023-02-26,,Shine Like Lights,,40,Philippians 2:1-18,,,Wk 4: Shine Like Lights,regex,,,,,,wk-run 2023-02-05|2023-02,
3F1IetykYpUYjBpyi2Pard,mapped,2023-02-19,,To Live is Christ,Joby Martin,58,Philippians 1:12-20,,,Wk 3: To Live is Christ,regex,,,,,,wk-run 2023-02-05|2023-02,
6ZE8VsEeTYXF5E4lVaDBxp,mapped,2023-02-12,,Relationships Matter,,58,,,,Wk 2: Relationships Matter,ai,book,0.92,philippians 1,"Partnership in the gospel, Phil 1:3-11.",2,wk-run 2023-02-05|2023-02,
53wvpIO88Uik2ChGnZqSh9,mapped,2023-02-05,,Grace and Peace,,55,,,,Wk 1: Grace and Peace,ai,book,0.93,philippians 1,Grace and peace is Phil 1:1-2.,2,wk-run 2023-02-05|2023-02,
6zt6v3tQL8TMGioVAr5g9g,unmapped,2023-01-29,,Religious Tradition,,45,,,,Wk 3: Religious Tradition,,book,0.55,mark 7,Religious tradition fits Mark 7:1-13.,2,wk-run 2023-01-15|2023-01,
1IeUImWCcfcEI7SRksugqO,mapped,2023-01-22,,Prodigal God,,55,,,,Wk 2: Prodigal God,ai,book,0.97,luke 15,Prodigal son.,1,wk-run 2023-01-15|2023-01,
6v9UGRgGmZ2U32xq4mvMQx,unmapped,2023-01-15,,Rich Young Ruler,,43,,,,Wk 1: Rich Young Ruler,,book,0.55,mark 10,"Rich young ruler, Mark 10 (parallels Matt 19/Luke 18).",2,wk-run 2023-01-15|2023-01,
7EsnIGqGAE8tbYPfHhcZ8o,unmapped,2023-01-08,2023 Vision,Life Abundantly,,54,,,,2023 Vision: Life Abundantly,,topical,0.75,,Vision Sunday on abundant life.,2,2023 vision|2023-01,
6DIuhUOe9xgbqas6Ab4q9Y,unmapped,2022-12-29,,Rescued Through Suffering,,50,,,,Wk 5: Rescued Through Suffering,,book,0.35,2-corinthians 1,"Rescue through suffering; guess 2 Cor 1, uncertain.",2,wk-run 2022-12-04|2022-12,
5Ls6qGrgFjyFV2CKZLaeyi,unmapped,2022-12-24,Wk 4: Rescued From Sin,Christmas Eve,,36,,,,Wk 4: Rescued From Sin | Christmas Eve,,book,0.6,matthew 1,"Christmas Eve, Jesus saves from sin echoes Matthew 1:21",2,wk 4 rescued from sin|2022-12,
5n3tzGq8FflGoOdK2T6JG7,mapped,2022-12-18,,Rescued From Condemnation,,58,,,,Wk 3: Rescued From Condemnation,ai,book,0.97,romans 8,Quotes Romans 8:1.,1,wk-run 2022-12-04|2022-12,
5J6Mw27lIXDKFsaioqhkPx,unmapped,2022-12-11,,Rescued From This Broken World,,43,,,,Wk 2: Rescued From This Broken World,,unknown,0.5,,Rescue theme; seat at King's table text unclear.,2,wk-run 2022-12-04|2022-12,
5fCaAEesN0lGa3mg5xVQYS,unmapped,2022-12-04,,Rescued From Human Tradition,,55,,,,Wk 1: Rescued From Human Tradition,,book,0.5,colossians 2,Human tradition echoes Col 2:8 (or Mark 7).,2,wk-run 2022-12-04|2022-12,
6vwjsW6sx0fzAHQOThXFdN,mapped,2022-11-27,,How to Build Up Your Faith,,48,,,,Wk 2: How to Build Up Your Faith,ai,book,0.88,jude 1,Building up faith is Jude 20-21.,2,wk-run 2022-11-20|2022-11,
12xH0r6TFLJIyyRuPiKXm2,mapped,2022-11-20,,Kept for Christ,,47,,,,Wk 1: Kept for Christ,ai,book,0.92,jude 1,"""Kept for Christ"" is Jude 1.",2,wk-run 2022-11-20|2022-11,
1juvcdPqaB4Y6cPIOiY5af,mapped,2022-11-13,,Take Hold of True Life,,60,,,,Wk 5: Take Hold of True Life,ai,book,0.9,1-timothy 6,"Take hold of true life, rich in good works = 1 Tim 6:17-19.",1,wk-run 2022-10-16|2022-10,
3JLiQXW38wm638d7MjeLPl,unmapped,2022-11-06,,Bold Faith,,52,,,,Wk 4: Bold Faith,,unknown,0.5,,Bold faith sermon; text not revealed.,2,wk-run 2022-10-16|2022-10,
2rDq1IoN0gskYJ29xjM5jO,unmapped,2022-10-30,,First and Best,,56,,,,Wk 3: First and Best,,topical,0.5,,"First-fruits/giving theme, text not evident.",2,wk-run 2022-10-16|2022-10,
2xITDp35e6TOsNhzHSqt2A,unmapped,2022-10-23,,Sent Life,,48,,,,Wk 2: Sent Life,,book,0.45,john 10,Continues abundant-life theme; sent life may draw on John 10 or 20.,2,wk-run 2022-10-16|2022-10,
5njHRrLznG0S5yaPg9lPEV,mapped,2022-10-16,,The Good Shepherd,,56,,,,Wk 1: The Good Shepherd,ai,book,0.92,john 10,"Good Shepherd and abundant life, John 10.",2,wk-run 2022-10-16|2022-10,
5klx7N1wGMhcpoyN60D5kB,unmapped,2022-10-09,,Thy Will Be Done,,49,,,,Wk 3: Thy Will Be Done,,book,0.45,luke 22,"""Not my will but yours"" is Gethsemane, Luke 22:42 (or Matt 26).",2,wk-run 2022-09-25|2022-09,
5xFMA5HD7ueRQsPH4XjPYp,mapped,2022-10-02,,What is That in Your Hand?,,56,,,,Wk 2: What is That in Your Hand?,ai,book,0.9,exodus 4,"""What is that in your hand"" is Exodus 4:2.",2,wk-run 2022-09-25|2022-09,
2BZRvM3zAgtoOFip4fZxf0,unmapped,2022-09-25,,Glory of God,,51,,,,Wk 1: Glory of God,,book,0.4,1-corinthians 10,Glory of God likely 1 Cor 10:31; thematic series.,2,wk-run 2022-09-25|2022-09,
077SYd4AURlZcUvQFZEyN4,mapped,2022-09-18,Saturated 2022,Sunday,Joby Martin,40,,,,Saturated 2022 - Sunday: Pastor Joby Martin,ai,book,0.85,acts 8,"Quote is the Ethiopian eunuch baptism question, Acts 8:36",2,saturated 2022|2022-09,
7EYVeLzvsQJUk38Bjm8Gzh,unmapped,2022-09-17,Saturated 2022,Saturday,Dr. Doug Logan,60,,,,Saturated 2022 - Saturday: Dr. Doug Logan,,topical,0.55,,Conference main-session talk,2,saturated 2022|2022-09,
7jPFqTK0fFydQmY5MJgV9n,unmapped,2022-09-16,Saturated 2022,Friday,Ben Stuart,50,,,,Saturated 2022 - Friday: Pastor Ben Stuart,,topical,0.55,,Conference main-session talk,2,saturated 2022|2022-09,
1x3RmnOcE4NyPobnXvtjRg,unmapped,2022-09-15,Saturated 2022,Thursday: Pastor Clayton King,,54,,,,Saturated 2022 - Thursday: Pastor Clayton King,,topical,0.55,,Conference main-session talk,2,saturated 2022|2022-09,
6ild49ARsKjludpEC79NEJ,unmapped,2022-09-14,Saturated 2022,Wednesday,Tim Tebow,59,,,,Saturated 2022 - Wednesday: Tim Tebow,,topical,0.55,,Conference main-session talk,2,saturated 2022|2022-09,
5l5QD4AcpdAsntIoPSwmeu,mapped,2022-09-11,,Praise the Lord,,56,Psalm 150:6,,,Wk 21: Praise the Lord,regex,,,,,,wk-run 2022-04-24|2022-04,
61fsEjqNkbtOsYWIRCayFI,mapped,2022-09-04,,Your Works Are Wonderful,,44,Psalm 139:14,,,Wk 20: Your Works Are Wonderful,regex,,,,,,wk-run 2022-04-24|2022-04,
5N3rqlduhIvsgDkKJBj4IG,mapped,2022-08-28,,The Lord Builds the House,,56,Psalm 127:1,,,Wk 19: The Lord Builds the House,regex,,,,,,wk-run 2022-04-24|2022-04,
7gYymNxbBr3lQEdKFfAyiw,mapped,2022-08-21,,Taste and See,,55,Psalm 34:8,,,Wk 18: Taste and See,regex,,,,,,wk-run 2022-04-24|2022-04,
0JtNm1DrdiWTq9PNaJcODn,mapped,2022-08-14,,Give Thanks,,50,Psalm 100:4,,,Wk 17: Give Thanks,regex,,,,,,wk-run 2022-04-24|2022-04,
72sfeGbK7mVjKbZWTyH3Hu,mapped,2022-08-07,,Under His Wing,,55,Psalm 91:14-15,,,Wk 16: Under His Wing,regex,,,,,,wk-run 2022-04-24|2022-04,
7J71LnpeQfUtJLLx7MAwOr,mapped,2022-07-31,,Better Than Life,,32,Psalm 63:2-3,,,Wk 15: Better Than Life,regex,,,,,,wk-run 2022-04-24|2022-04,
2vx1U6kurIrcAI4gIVHmVg,mapped,2022-07-24,,Who Can Ascend That Hill?,,52,Psalm 24:3-4,,,Wk 14: Who Can Ascend That Hill?,regex,,,,,,wk-run 2022-04-24|2022-04,
7DMICGYp7emzwwkAvNVahJ,mapped,2022-07-17,,A New Song,,55,Psalm 98:1,,,Wk 13: A New Song,regex,,,,,,wk-run 2022-04-24|2022-04,
0PB9i4aRCY8e4qwYlMaZP2,mapped,2022-07-10,,Create in Me a Clean Heart,,59,Psalm 51:10,,,Wk 12: Create in Me a Clean Heart,regex,,,,,,wk-run 2022-04-24|2022-04,
0ooK7vbt3AxhNWg5CP337e,mapped,2022-07-03,,Our Refuge and Strength,,52,Psalm 46:10-11,,,Wk 11: Our Refuge and Strength,regex,,,,,,wk-run 2022-04-24|2022-04,
2b6n28cHWtZKoOTBcEctL3,mapped,2022-06-26,,Give Ear,,43,Psalm 55:16,,,Wk 10: Give Ear,regex,,,,,,wk-run 2022-04-24|2022-04,
2WqkOFNPMGH0uOieOuXcjQ,mapped,2022-06-19,,Send Out,,60,Psalm 57:3,,,Wk 9: Send Out,regex,,,,,,wk-run 2022-04-24|2022-04,
3MUfVwzSPDB7xtF7iBLwh1,mapped,2022-06-12,,One Thing,,54,Psalm 27:1,,,Wk 8: One Thing,regex,,,,,,wk-run 2022-04-24|2022-04,
2cnMVZhqE2UZJ4W78rVwbk,mapped,2022-06-05,,As the Deer,,56,Psalm 42:5-6,,,Wk 7: As the Deer,regex,,,,,,wk-run 2022-04-24|2022-04,
1etm2Ol4OeHYn1VUmAJg8M,mapped,2022-05-29,,I Shall Not Want,,51,Psalm 23:1,,,Wk 6: I Shall Not Want,regex,,,,,,wk-run 2022-04-24|2022-04,
623gNfapHHkHfPGmCljxek,mapped,2022-05-22,,More Desired Than Gold,,50,Psalm 19:7,,,Wk 5: More Desired Than Gold,regex,,,,,,wk-run 2022-04-24|2022-04,
6nDEPcFFtAxcnuEUwGFnrh,mapped,2022-05-15,,Path of Life,,50,Psalm 16:2,,,Wk 4: Path of Life,regex,,,,,,wk-run 2022-04-24|2022-04,
75cfAxkTHUNSSQcmnsbrcO,mapped,2022-05-08,,The Lord Restores,,52,Psalm 14:2-3,,,Wk 3: The Lord Restores,regex,,,,,,wk-run 2022-04-24|2022-04,
1bcAEH9diQVcme1o1qIXRt,mapped,2022-05-01,,What is Man That You are Mindful of Him?,,39,Psalm 8:3-4,,,Wk 2: What is Man That You are Mindful of Him?,regex,,,,,,wk-run 2022-04-24|2022-04,
6JTBObuWs4EPw4p7ZPcCS4,mapped,2022-04-24,,Delight in the Law of the Lord,,51,Psalm 1:2,,,Wk 1: Delight in the Law of the Lord,regex,,,,,,wk-run 2022-04-24|2022-04,
7tEKgyQB7L7YRiHXneBkCZ,unmapped,2022-04-17,,Mount Calvary - What Is Finished?,,54,,,,Wk 7: Mount Calvary - What Is Finished?,,book,0.8,john 19,"""It is finished"" is John 19:30.",2,wk-run 2022-03-06|2022-03,
10CY6n5Yw70z5o560gLrpo,unmapped,2022-04-10,,Mount of Transfiguration - Will You Cast Out the Demons That Torment,,51,,,,Wk 6: Mount of Transfiguration - Will You Cast Out the Demons That Torment,,book,0.45,matthew 17,Transfiguration and demon-possessed boy; Matt 17 (could be Mark 9/Luke 9).,2,wk-run 2022-03-06|2022-03,
7MSm1iyMMuf400Ee2acQoV,mapped,2022-04-03,,Mount of Temptation – With What Weapon Will You Fight the Enemy?,,58,,,,Wk 5: Mount of Temptation – With What Weapon Will You Fight the Enemy?,ai,book,0.95,matthew 4,"Mount of Temptation, 'It is written'.",1,wk-run 2022-03-06|2022-03,
0B7RqlLnz5t51S9fI4Lhin,mapped,2022-03-27,,Mount of Beatitudes – Are You Chasing Blessing or the One Who Blesses,,60,,,,Wk 4: Mount of Beatitudes – Are You Chasing Blessing or the One Who Blesses,ai,book,0.95,matthew 5,Mount of Beatitudes.,1,wk-run 2022-03-06|2022-03,
7clOOAnyl7djHIGffzEYKp,mapped,2022-03-20,,Mount Carmel – Why Are You Still Holding On to That Idol?,,58,,,,Wk 3: Mount Carmel – Why Are You Still Holding On to That Idol?,ai,book,0.95,1-kings 18,Mount Carmel.,1,wk-run 2022-03-06|2022-03,
5TaGcHkLM89jnw8sWWJdv2,mapped,2022-03-13,,Mount Sinai – Who Tells You Who You Are: You…or Jesus?,,57,,,,Wk 2: Mount Sinai – Who Tells You Who You Are: You…or Jesus?,ai,book,0.9,exodus 19,"Mount Sinai, the law.",1,wk-run 2022-03-06|2022-03,
3TcjaQME85W3ZBwLkDIioj,mapped,2022-03-06,,Mount Moriah – Do You Live As Though You Can Save Yourself?,,52,John 3:16,,,Wk 1: Mount Moriah – Do You Live As Though You Can Save Yourself?,regex,,,,,,wk-run 2022-03-06|2022-03,
14EL3ql3j1vmezKp9AT8Ju,unmapped,2022-02-27,,The Kingdom of God and Satisfaction,,58,,,,Wk 6: The Kingdom of God and Satisfaction,,topical,0.5,,"Contentment theme, no text evident.",2,wk-run 2022-01-23|2022-01,
4S4R6sHdfRhAKfkldruhei,unmapped,2022-02-20,,The Kingdom of God and Work,,55,,,,Wk 5: The Kingdom of God and Work,,book,0.55,matthew 25,Leveraging what the King gave suggests the parable of talents.,2,wk-run 2022-01-23|2022-01,
37tT7iqtyAsnWgYE9TGeB4,mapped,2022-02-13,,The Kingdom of God and Sex,,60,,,,Wk 4: The Kingdom of God and Sex,ai,book,0.93,1-corinthians 6,"Flee sexual immorality, bought with a price 1 Cor 6:18-20.",1,wk-run 2022-01-23|2022-01,
233ZH6MFBoOn7tQiLOdhmz,unmapped,2022-02-06,,The Kingdom of God and Power,,59,,,,Wk 3: The Kingdom of God and Power,,book,0.5,mark 10,Greatness through serving is Mark 10:35-45 (or Matt 20).,2,wk-run 2022-01-23|2022-01,
6g48zMHKovmO2PtzdFcJAZ,mapped,2022-01-30,,The Kingdom of God and Money,,56,Matthew 6:24,,,Wk 2: The Kingdom of God and Money,regex,,,,,,wk-run 2022-01-23|2022-01,
7Gyzjhnzob5zslw2fuOMd5,unmapped,2022-01-23,,Thy Kingdom Come,,64,,,,Wk 1: Thy Kingdom Come,,book,0.4,matthew 6,Thy Kingdom Come opener of a Kingdom series; likely Matthew (Lord's Prayer/Sermon on Mount).,2,wk-run 2022-01-23|2022-01,
4Vs4uV60GXFwazq4L7z2YR,mapped,2022-01-16,Stand Alone,The Model Prayer,,40,,,,Stand Alone: The Model Prayer,ai,book,0.85,matthew 6,"Model prayer is the Lords Prayer, Matthew 6",2,stand alone|2021-12,
6kQ8FQikk6VDvL0r8FANfo,unmapped,2022-01-09,Vision Weekend 2022,The Year of Worship,,60,,,,Vision Weekend 2022: The Year of Worship,,topical,0.8,,"Vision Sunday, year of worship",2,vision weekend 2022|2022-01,
2Zw0R96lQTqFrQfaYOxkUi,unmapped,2022-01-02,Stand Alone,Sabbath,,49,,,,Stand Alone: Sabbath,,unknown,0.3,,"Sabbath sermon; text could be Exodus 20, Mark 2 or Hebrews 4, not revealed",2,stand alone|2021-12,
5mVNPuzl2E9jJJMQMT4zPz,mapped,2021-12-26,Stand Alone,Where Have All the Good Men Gone?,,48,Romans 5:17,,,Stand Alone: Where Have All the Good Men Gone?,regex,,,,,,stand alone|2021-12,
0oJxTjShhTyxfpPAAeM6XA,unmapped,2021-12-24,,Christmas Eve,,35,,,,Wk 4: Christmas Eve,,topical,0.55,,Christmas Eve service sermon; likely Luke 2 but unconfirmed.,2,wk-run 2021-12-05|2021-12,
4JugOziLEPgy285T2dzHyZ,unmapped,2021-12-19,,Waiting,,52,,,,Wk 3: Waiting,,topical,0.5,,"Advent waiting theme, no text evident.",2,wk-run 2021-12-05|2021-12,
3ln4rquBDjYHw6jpxNdOv2,unmapped,2021-12-12,,Mercy,,49,,,,Wk 2: Mercy,,topical,0.5,,"Advent-season theme sermon, no text evident.",2,wk-run 2021-12-05|2021-12,
5lloIMIZAq3hs9DQPVl5MZ,unmapped,2021-12-05,,Compassion,,47,,,,Wk 1: Compassion,,topical,0.5,,"Advent-season theme sermon, no text evident.",2,wk-run 2021-12-05|2021-12,
0rPhdxhLncIHENG3z2Qwfe,unmapped,2021-11-28,,Pastor Cam Triggs,,35,,,,Wk 6: Pastor Cam Triggs,,unknown,0.55,,"Guest-pastor sermon; title gives only speaker, no text or theme.",2,wk-run 2021-10-24|2021-10,
20PHtf7ybKEDmR5CJkGsfu,unmapped,2021-11-21,,Pastor Ben Stuart,,43,,,,Wk 5: Pastor Ben Stuart,,unknown,0.55,,"Guest-pastor sermon; title gives only speaker, no text or theme.",2,wk-run 2021-10-24|2021-10,
6CslarcuGxk7Tv7Ui5nYZQ,unmapped,2021-11-14,,Pastor Léonce Crump,,47,,,,Wk 4: Pastor Léonce Crump,,unknown,0.55,,"Guest-pastor sermon; title gives only speaker, no text or theme.",2,wk-run 2021-10-24|2021-10,
61xFxXbhZfDTJmWtyTntnr,unmapped,2021-11-07,,Pastor Albert Tate,,43,,,,Wk 3: Pastor Albert Tate,,unknown,0.55,,"Guest-pastor sermon; title gives only speaker, no text or theme.",2,wk-run 2021-10-24|2021-10,
3JSkmvRF45o7X7ZtN6ZwLC,unmapped,2021-10-31,,Pastor Josh Turner,,40,,,,Wk 2: Pastor Josh Turner,,unknown,0.55,,"Guest-pastor sermon; title gives only speaker, no text or theme.",2,wk-run 2021-10-24|2021-10,
0RgWDFwZ6yLygYGx63e9yq,unmapped,2021-10-24,,Pastor Ryan Kwon,,44,,,,Wk 1: Pastor Ryan Kwon,,unknown,0.55,,"Guest-pastor sermon; title gives only speaker, no text or theme.",2,wk-run 2021-10-24|2021-10,
5kXeJE5GxRqyrR5uuVFvQx,excluded,2021-10-18,,Forgive One Another,,18,Colossians 3:12-13,,,S02E28 - Forgive One Another,regex,,,,,,,
4QRDqZLXdEbt4FB7eK4Xbj,mapped,2021-10-17,,Follow Me,,51,,,,Wk 28: Follow Me,ai,book,0.95,john 21,"Follow me, John 21.",1,wk-run 2021-04-11|2021-04,
3ACA9sMMAnUmggBpT38mHJ,excluded,2021-10-11,,Encourage One Another,Ryan Britt,16,1 Thessalonians 5:11,,,S02E27 - Encourage One Another,regex,,,,,,,
5n7JrwpSNmvm50Li3Iieut,mapped,2021-10-10,,If the Tomb is Empty…,,51,,,,Wk 27: If the Tomb is Empty…,ai,book,0.95,john 20,"Empty tomb, John 20.",1,wk-run 2021-04-11|2021-04,
4aapmEmVT6flBgYmUv9lBi,excluded,2021-10-04,,Love One Another Deeply,,15,,,,S02E26 - Love One Another Deeply,,,,,,,,
71fPSXpBKQpTlqVazhiVmz,mapped,2021-10-03,,The Cross,,52,,,,Wk 26: The Cross,ai,book,0.95,john 19,"The Cross, John 19.",1,wk-run 2021-04-11|2021-04,
4xtR7mCvaTYgrzKKLNrvR9,excluded,2021-09-27,,Submit to One Another Out of Reverence for Christ,,16,,,,S02E25 - Submit to One Another Out of Reverence for Christ,,,,,,,,
5iEg4BRo8bHJZmQ1oi388i,mapped,2021-09-26,,Whom Do You Seek?,,56,,,,Wk 25: Whom Do You Seek?,ai,book,0.95,john 18,"Whom do you seek, John 18:4.",1,wk-run 2021-04-11|2021-04,
2s7FMy7gADfEJ5UL7DOuAo,excluded,2021-09-20,,Live in Harmony with One Another,,15,Romans 12:16,1 Peter 3:8,,S02E24 - Live in Harmony with One Another,regex,,,,,,,
2MvXuxriuYybshh21IvUdO,mapped,2021-09-19,,The High Priestly Prayer,,41,,,,Wk 24: The High Priestly Prayer,ai,book,0.97,john 17,"High priestly prayer, John 17.",1,wk-run 2021-04-11|2021-04,
0lDsfXkobqKUJw7Jd1cZvL,unmapped,2021-09-18,Saturated 2021,Saturday: Pastor H.B. Charles,,51,,,,Saturated 2021 - Saturday: Pastor H.B. Charles,,topical,0.55,,Conference main-session talk,2,saturated 2021|2021-09,
0940Cm8mGVjHNhPCrbfVGr,unmapped,2021-09-17,Saturated 2021,Friday,Bruce Frank,46,,,,Saturated 2021 - Friday: Pastor Bruce Frank,,topical,0.55,,Conference main-session talk,2,saturated 2021|2021-09,
38czs2z5dqmGGMHizwKp6s,unmapped,2021-09-16,Saturated 2021,Thursday,Josh Turner,56,,,,Saturated 2021 - Thursday: Pastor Josh Turner,,topical,0.55,,Conference main-session talk,2,saturated 2021|2021-09,
4rWOYrZ7DcPEZiVsPRP7yn,unmapped,2021-09-15,Saturated 2021,Wednesday,David Platt,65,,,,Saturated 2021 - Wednesday: Pastor David Platt,,topical,0.55,,Conference main-session talk,2,saturated 2021|2021-09,
4B7Rkewd8fDyi2DwZux4VS,excluded,2021-09-13,,Pray for One Another,,16,James 5:16,,,S02E23 - Pray for One Another,regex,,,,,,,
6bVaWct0JLKn0ID4HrMJwe,mapped,2021-09-12,,The Helper,,56,,,,Wk 23: The Helper,ai,book,0.9,john 14,"The Helper, John 14-16.",1,wk-run 2021-04-11|2021-04,
0FWax9GwHuHmETBLUif6yf,excluded,2021-09-06,,Love One Another,,16,John 15:12,,,S02E22 - Love One Another,regex,,,,,,,
5bX94lOIIbQO4IZhSciAh9,mapped,2021-09-05,,Abide,,58,,,,Wk 22: Abide,ai,book,0.97,john 15,"Abide, John 15.",1,wk-run 2021-04-11|2021-04,
6tETqv7OgqDeR9RHAmzu2J,excluded,2021-08-30,,Spur One Another On Toward Love and Good Deeds,,17,Hebrews 10,,,S02E21 - Spur One Another On Toward Love and Good Deeds,regex,,,,,,,
6jOikcAYLNuUBCTQ9a0UaH,mapped,2021-08-29,,The Way,,56,John 14:6,,,Wk 21: The Way,regex,,,,,,wk-run 2021-04-11|2021-04,
7r3phy0Jt8Ji8nMM2FNek5,excluded,2021-08-23,,Wash One Another’s Feet,,17,John 13,Romans 12:10,,S02E20 - Wash One Another’s Feet,regex,,,,,,,
2mQGRxpUgyLC5Zsnl6uaBU,mapped,2021-08-22,,You Will Be Blessed,,54,,,,Wk 20: You Will Be Blessed,ai,book,0.85,john 13,"Footwashing, 'you will be blessed' John 13:17.",1,wk-run 2021-04-11|2021-04,
3IPUCoqlQKv7XbpWVGNt9W,excluded,2021-08-16,,Honor One Another Above Yourself,,16,Romans 12:10,,,S02E19 - Honor One Another Above Yourself,regex,,,,,,,
6S178X3Ae9yB34typXa6R4,mapped,2021-08-15,,The Gospel,,52,,,,Wk 19: The Gospel,series,book,0.55,john 12,The Gospel wk19; likely John 12 (Greeks/grain of wheat) or 13.,1,wk-run 2021-04-11|2021-04,wk-run 2021-04-11 (wk-run 2021-04-11|2021-04): john 25.2/25.2 votes
4iaEchvzN4OzfAAcvvmqeG,excluded,2021-08-09,,"Accept One Another, as Christ Accepted You",,14,Romans 15:7,,,"S02E18 - Accept One Another, as Christ Accepted You",regex,,,,,,,
3OIlRQ4gcAjmo0k60JgRql,mapped,2021-08-08,,Extravagant Gratitude,,53,,,,Wk 18: Extravagant Gratitude,ai,book,0.9,john 12,"Mary anoints Jesus, John 12.",1,wk-run 2021-04-11|2021-04,
3z96R3v1VY7FExggnhypVp,excluded,2021-08-02,,Carry One Another’s Burdens,,15,John 11,Galatians 6:2,,S02E17 - Carry One Another’s Burdens,regex,,,,,,,
1Gbm8Tmhmk5rL1NuaHmmIY,mapped,2021-08-01,,Take Off Your Grave Clothes,,55,,,,Wk 17: Take Off Your Grave Clothes,ai,book,0.97,john 11,"Lazarus grave clothes, John 11.",1,wk-run 2021-04-11|2021-04,
7E7VOHfv2vgi1Wv8cLpPXb,excluded,2021-07-26,,"Speak to One Another with Psalms, Hymns and Spiritual Songs",,18,Ephesians 5:19-21,,,"S02E16 - Speak to One Another with Psalms, Hymns and Spiritual Songs",regex,,,,,,,
1S6JxRPEx9N70uW587hucf,mapped,2021-07-25,,Good Shepherd,,52,,,,Wk 16: Good Shepherd,ai,book,0.97,john 10,Good Shepherd John 10.,1,wk-run 2021-04-11|2021-04,
6c6lOpB6SRe56gB7ohmer6,excluded,2021-07-19,,"Let Us Not Become Conceited, Provoking and Envying One Another",,19,Galatians 5:25-26,,,"S02E15 - Let Us Not Become Conceited, Provoking and Envying One Another",regex,,,,,,,
66SnMLWFmGEdsrzjYWkCsS,mapped,2021-07-18,,The Blind Man,,53,,,,Wk 15: The Blind Man,ai,book,0.97,john 9,"Blind man, John 9.",1,wk-run 2021-04-11|2021-04,
5iHmZNUZWuGc2YpQgHeUXE,excluded,2021-07-12,,Do Not Lie to One Another,,16,Colossians 3:9-10,,,S02E14 - Do Not Lie to One Another,regex,,,,,,,
3bym0vGujf6Xk4j1JikYYc,mapped,2021-07-11,,Freedom,,56,,,,Wk 14: Freedom,ai,book,0.9,john 8,"Freedom, John 8:32-36.",1,wk-run 2021-04-11|2021-04,
6Lsdi47xTNbWxRYRKxMEDu,excluded,2021-07-05,,Stop Passing Judgment On One Another,,16,Romans 8:1,,,S02E13 - Stop Passing Judgment On One Another,regex,,,,,,,
6lowKUcHNFr18NNHxlJrwM,mapped,2021-07-04,,Throwing Stones,,55,,,,Wk 13: Throwing Stones,ai,book,0.97,john 8,"Woman caught in adultery, John 8.",1,wk-run 2021-04-11|2021-04,
7tLiMCxDlguBJPNhQTrDEa,excluded,2021-06-28,,Exhort One Another,,15,Hebrews 3:13,,,S02E12 - Exhort One Another,regex,,,,,,,
4ySbJ9i43TpKrJWXUn8X9E,mapped,2021-06-27,,Thirsty,,58,,,,Wk 12: Thirsty,series,book,0.8,john 7,"Thirsty, John 7:37 rivers of living water.",1,wk-run 2021-04-11|2021-04,wk-run 2021-04-11 (wk-run 2021-04-11|2021-04): john 25.2/25.2 votes
3DZs8DvGBnjeylKckXdM9O,excluded,2021-06-21,,Serve One Another,,17,1 Peter 4:10,,,S02E11 - Serve One Another,regex,,,,,,,
2xjN0EVFTEl8nU7h1aogUa,mapped,2021-06-20,,Doubts,,62,John 6:68,,,Wk 11: Doubts,regex,,,,,,wk-run 2021-04-11|2021-04,
4xiYOISpV1MTpHnrm3HZ90,excluded,2021-06-14,,Not Bitten or Devoured by One Another,,18,Galatians 5:13-15,,,S02E10 - Not Bitten or Devoured by One Another,regex,,,,,,,
1qGZCSRyDC05zlq7hk2TOE,mapped,2021-06-13,,Come to Me,JESUS CHRIST,47,,,,Wk 10: Come to Me,series,book,0.7,john 6,John series wk10 'Come to Me'; bread of life John 6 or 7:37.,1,wk-run 2021-04-11|2021-04,wk-run 2021-04-11 (wk-run 2021-04-11|2021-04): john 25.2/25.2 votes
57sj7r43CLL0GTj6aCBOLm,excluded,2021-06-07,,Bear With One Another in Love,,18,Ephesians 4:2-3,,,S02E09 - Bear With One Another in Love,regex,,,,,,,
7eZ9SK8RWuQJgGoC19sqHL,mapped,2021-06-06,,Do You Want to be Healed?,,54,,,,Wk 9: Do You Want to be Healed?,ai,book,0.97,john 5,"Do you want to be healed, John 5.",1,wk-run 2021-04-11|2021-04,
1D7ruAQpMl0NHbxS3YlXwe,excluded,2021-05-31,,Confess Your Sins to One Another,,16,James 5:16,,,S02E08 - Confess Your Sins to One Another,regex,,,,,,,
72TrGvPYJVvNkcZsV04wnb,mapped,2021-05-30,,The Woman at the Well,,54,,,,Wk 8: The Woman at the Well,ai,book,0.97,john 4,Woman at the well.,1,wk-run 2021-04-11|2021-04,
1uQvJgZkbOztbOvRBTqN7Z,excluded,2021-05-24,,Humility Toward One Another,,16,Philippians 2:3,1 Peter 5,,S02E07 - Humility Toward One Another,regex,,,,,,,
7fEjizzyzCrkiQFtkPhG67,mapped,2021-05-23,,Humility,,54,,,,Wk 7: Humility,ai,book,0.85,john 3,"John series wk7; not center of universe, John 3:30.",1,wk-run 2021-04-11|2021-04,
03WDGwIJ6HbFGtaZ592LAq,excluded,2021-05-17,,Instruct One Another,,16,Romans 15:14,,,S02E06 - Instruct One Another,regex,,,,,,,
6Rj0Rf5wKdVsqHJKDAzMnJ,mapped,2021-05-16,,(Born)²,,53,,,,Wk 6: (Born)²,ai,book,0.95,john 3,"Born again, John 3:16.",1,wk-run 2021-04-11|2021-04,
6OlOkicg3ZWJqrhbde0USH,excluded,2021-05-10,,S02E05,Admonish One Another,16,Colossians 3:16,,,S02E05 - Admonish One Another,regex,,,,,,,
2Uec3L7rqkGUGyui0UUrw1,mapped,2021-05-09,,Anger Management,,57,,,,Wk 5: Anger Management,ai,book,0.95,john 2,"Cleansing of the temple, John 2:13-22.",1,wk-run 2021-04-11|2021-04,
0GZekwmdc8T5sLaYXqvyac,excluded,2021-05-03,,Offer Hospitality to One Another without Grumbling,,16,1 Peter 4:9,,,S02E04 - Offer Hospitality to One Another without Grumbling,regex,,,,,,,
23DQlMYyRRz8HV1DaMHry5,mapped,2021-05-02,,Water to Wine,,49,,,,Wk 4: Water to Wine,ai,book,0.97,john 2,"Water to wine, John 2.",1,wk-run 2021-04-11|2021-04,
5xJhNGszg41bXHpv2OVwra,excluded,2021-04-26,,Be Devoted to One Another in Brotherly Love,,14,Romans 12:10,,,S02E03 - Be Devoted to One Another in Brotherly Love,regex,,,,,,,
6LF3MIhOTZq1R3KC0hmNOs,mapped,2021-04-25,,Come and See,,56,,,,Wk 3: Come and See,ai,book,0.93,john 1,"Come and see, John 1:35-51.",1,wk-run 2021-04-11|2021-04,
1FjNQdlHp5JfvlERExVUTv,excluded,2021-04-19,,Be at Peace with One Another,,14,Mark 9:50,,,S02E02 - Be at Peace with One Another,regex,,,,,,,
74OB3t9iKq8NvSD4rHyJzP,mapped,2021-04-18,,Behold the Lamb,,53,John 1:29,,,Wk 2: Behold the Lamb,regex,,,,,,wk-run 2021-04-11|2021-04,
10qgiVx6iaerztrPw7OKb1,excluded,2021-04-12,,Greet One Another with a Holy Kiss,,13,Romans 16:16,1 Corinthians 16:20; 2 Corinthians 13:13; 1 Peter 5:14,,S02E01 - Greet One Another with a Holy Kiss,regex,,,,,,,
51ZUQf2m62bJATD0w04H4I,mapped,2021-04-11,,The Word Became Flesh,,55,,,,Wk 1: The Word Became Flesh,ai,book,0.97,john 1,John series wk1; Word became flesh John 1.,1,wk-run 2021-04-11|2021-04,
5kSUWYdxDM51pzulHZIVOP,unmapped,2021-04-04,,Easter 2021,,55,,,,Easter 2021,,book,0.4,luke 24,Eyes opened to the risen Jesus suggests Luke 24.,2,,
3ohD5haSHmKpOLUJSlrNJw,excluded,2021-03-31,Trailer,Season 02,Joby Martin,1,,,,Trailer: Season 02,,,,,,,trailer|2021-03,
0UP5Q70GQb11hoHKdfLI8M,mapped,2021-03-28,,Palm Sunday,,44,Hebrews 12:3,,,Palm Sunday,regex,,,,,,,
5IeBvh57b4GFmmD0sUTOMd,excluded,2021-03-22,[BONUS] Relate,a conversation about your love life - Episode 11: How to Raise a Daughter,,23,,,,[BONUS] Relate: a conversation about your love life - Episode 11: How to Raise a Daughter,,non_sermon,0.92,,Q&A style conversation bonus episode.,2,bonus relate|2021-01,
66lGQBuNWekub3ifZYLOYJ,unmapped,2021-03-21,,How to Raise a Daughter,,56,,,,Wk 10: How to Raise a Daughter,,topical,0.65,,Parenting daughters topic.,2,wk-run 2021-01-10|2021-01,
6FFRK03oh7fA59jCiNGkdQ,excluded,2021-03-15,[BONUS] Relate,a conversation about your love life - Episode 10: Til Death Do Us Part,,24,,,,[BONUS] Relate: a conversation about your love life - Episode 10: Til Death Do Us Part,,non_sermon,0.92,,Q&A style conversation bonus episode.,2,bonus relate|2021-01,
7wufRvyY0VgQR1nRlKtxy1,unmapped,2021-03-14,,Til Death Do Us Part,,57,,,,Wk 9: Til Death Do Us Part,,topical,0.65,,Fidelity in marriage topic.,2,wk-run 2021-01-10|2021-01,
6W5UIZflDKXauoC7SHxFHO,excluded,2021-03-08,[BONUS] Relate,a conversation about your love life - Episode 09: Maturing in Love,,27,,,,[BONUS] Relate: a conversation about your love life - Episode 09: Maturing in Love,,non_sermon,0.92,,Q&A style conversation bonus episode.,2,bonus relate|2021-01,
7m8JbbLfQjm7Weq0D0gqT4,unmapped,2021-03-07,,Maturing in Love,,51,,,,Wk 8: Maturing in Love,,topical,0.65,,Maturing in marriage topic.,2,wk-run 2021-01-10|2021-01,
2C6au47J2h86P0cwROCG4g,excluded,2021-03-01,[BONUS] Relate,a conversation about your love life - Episode 08: How to Fight,,32,,,,[BONUS] Relate: a conversation about your love life - Episode 08: How to Fight,,non_sermon,0.92,,Q&A style conversation bonus episode.,2,bonus relate|2021-01,
4PocsfH2tTuCrFsVBPiSrp,unmapped,2021-02-28,,How to Fight,,57,,,,Wk 7: How to Fight,,topical,0.65,,Conflict in marriage topic.,2,wk-run 2021-01-10|2021-01,
0v4wpMSWnUntjye5PVZBSJ,excluded,2021-02-22,[BONUS] Relate,a conversation about your love life - Episode 07: The Honeymoon,,29,,,,[BONUS] Relate: a conversation about your love life - Episode 07: The Honeymoon,,non_sermon,0.92,,Q&A style conversation bonus episode.,2,bonus relate|2021-01,
63xRwNXQrfHXZLuyn5p4uz,unmapped,2021-02-21,,The Honeymoon,,53,,,,Wk 6: The Honeymoon,,topical,0.65,,Sex in marriage topic; thematic series.,2,wk-run 2021-01-10|2021-01,
0Y4jCSdlA7LiqXfENsAz3v,excluded,2021-02-15,[BONUS] Relate,a conversation about your love life - Episode 06: The Vow,,30,,,,[BONUS] Relate: a conversation about your love life - Episode 06: The Vow,,non_sermon,0.92,,Q&A style conversation bonus episode.,2,bonus relate|2021-01,
6TvRnPxHu1z1zIyJrhTZQh,unmapped,2021-02-14,,The Vow,,59,,,,Wk 5: The Vow,,topical,0.65,,Marriage covenant topic; no single text evident.,2,wk-run 2021-01-10|2021-01,
72IvzUfJop7L0Hp7MCkcx7,excluded,2021-02-08,[BONUS] Relate,a conversation about your love life - Episode 05: Sex,,25,,,,[BONUS] Relate: a conversation about your love life - Episode 05: Sex,,non_sermon,0.92,,Q&A style conversation bonus episode.,2,bonus relate|2021-01,
5MnTOwSroxTHJL6NvQ3B4T,mapped,2021-02-07,,Sex,,60,1 Corinthians 6:18-20,,,Wk 4: Sex,regex,,,,,,wk-run 2021-01-10|2021-01,
1MsQCoDkigiqDOMNqn7wuz,excluded,2021-02-01,[BONUS] Relate,a conversation about your love life - Episode 04: Dating,,28,,,,[BONUS] Relate: a conversation about your love life - Episode 04: Dating,,non_sermon,0.92,,Q&A style conversation bonus episode.,2,bonus relate|2021-01,
5rJmzUbTayqaa0SdZlu85M,unmapped,2021-01-31,,Dating,,53,,,,Wk 3: Dating,,topical,0.65,,Dating topic in a marriage/relationships series.,2,wk-run 2021-01-10|2021-01,
4X6e2hZLDuIBevDCCN3oYq,excluded,2021-01-25,[BONUS] Relate,a conversation about your love life - Episode 03: The Woman,,24,,,,[BONUS] Relate: a conversation about your love life - Episode 03: The Woman,,non_sermon,0.92,,Q&A style conversation bonus episode.,2,bonus relate|2021-01,
5AhNxQ1ZSWtFMkHLCbAzMg,mapped,2021-01-24,,The Woman,,56,Proverbs 31:30,,,Wk 2: The Woman,regex,,,,,,wk-run 2021-01-10|2021-01,
7JhhW0qOUWjjTJ49Owbit7,excluded,2021-01-18,[BONUS] Relate,a conversation about your love life - Episode 02: Singleness,Ryan Kwon,25,,,,[BONUS] Relate: a conversation about your love life - Episode 02: Singleness,,non_sermon,0.92,,Q&A style conversation bonus episode.,2,bonus relate|2021-01,
1kmZr4lyxXxpPFirt2VXtM,unmapped,2021-01-17,Singleness,Guest Pastor Ryan Kwon,,49,,,,Singleness - Guest Pastor Ryan Kwon,,topical,0.65,,"Guest sermon on singleness, likely 1 Cor 7 but no text given",2,singleness|2021-01,
0195QhEfUsT7KUWe4kzPBA,excluded,2021-01-11,[BONUS] Relate,a conversation about your love life - Episode 01: The Man,,25,,,,[BONUS] Relate: a conversation about your love life - Episode 01: The Man,,non_sermon,0.92,,Q&A style conversation bonus episode.,2,bonus relate|2021-01,
2c3U1VbLlLEW3XJn2CWPMz,mapped,2021-01-10,,The Man,,56,1 Corinthians 16:13-14,,,Wk 1: The Man,regex,,,,,,wk-run 2021-01-10|2021-01,
225SsWrEKV44f6GtMm00O5,unmapped,2021-01-03,,Vision Sunday 2021,,55,,,,Vision Sunday 2021,,topical,0.8,,Vision Sunday.,2,,
0ZRemQEnHVMtsu2ft23UDa,unmapped,2020-12-27,,Be Grateful,,37,,,,Wk 4: Be Grateful,,book,0.7,luke 17,"Gratitude and many experiencing Jesus fits the ten lepers, Luke 17.",2,wk-run 2020-12-06|2020-12,
7Be8rhv7V4RH6Fy4FeTp3T,unmapped,2020-12-24,,Christmas Eve,,30,,,,Christmas Eve,,topical,0.5,,"Christmas Eve service, no text evident.",2,,
7byxFavZKmb5DF0CHAzLrO,unmapped,2020-12-20,,Forgiveness,,52,,,,Wk 3: Forgiveness,,topical,0.6,,Forgiveness at family holidays; thematic.,2,wk-run 2020-12-06|2020-12,
3XEHWsZKGiW3tX6cWrBHfr,mapped,2020-12-13,,Stop!,,54,Matthew 11:28-30,,,Wk 2: Stop!,regex,,,,,,wk-run 2020-12-06|2020-12,
0gg4WMXAmSqUk3slBAqitW,unmapped,2020-12-06,,Spend Wisely,,56,,,,Wk 1: Spend Wisely,,topical,0.6,,"Holiday-season stewardship theme, no text evident.",2,wk-run 2020-12-06|2020-12,
6YJr46SBhJCf63PoSiNF12,mapped,2020-11-29,,Growing in Grace,,41,,,,Wk 4: Growing in Grace,ai,book,0.85,2-peter 3,Growing in grace is 2 Pet 3:18.,2,wk-run 2020-11-08|2020-11,
1Zi54wgOngJcsGpXt0tMD0,unmapped,2020-11-22,,False Prophets: The Explicit Gospel,,55,,,,Wk 3: False Prophets: The Explicit Gospel,,book,0.78,2-peter 2,False prophets matches 2 Peter 2.,2,wk-run 2020-11-08|2020-11,
0kidpAxLbApzicIQyQydrf,unmapped,2020-11-15,,The Bible Says: Trustworthiness of Scripture,,44,,,,Wk 2: The Bible Says: Trustworthiness of Scripture,,book,0.6,2-peter 1,Trustworthiness of Scripture fits 2 Pet 1:16-21 in a 2 Peter run.,2,wk-run 2020-11-08|2020-11,
2CnINUK53KApbdBQrbNJp8,mapped,2020-11-08,,Sanctification,,58,,,,Wk 1: Sanctification,ai,book,0.88,2-peter 1,"2 Pet 1:3 ""divine power has given us everything"".",2,wk-run 2020-11-08|2020-11,
7heYA4EfcAa8TvAcfhkup1,mapped,2020-11-01,,The Day is Coming,,54,,,,Wk 6: The Day is Coming,ai,book,0.85,malachi 4,Son of righteousness with healing wings,2,wk-run 2020-09-27|2020-09,
3qiBbS296AhEfUdFzljFBL,unmapped,2020-10-25,,Our God is ONE: First Fruits,,56,,,,Wk 5: Our God is ONE: First Fruits,,topical,0.5,,"First fruits, repeated vision message",2,wk-run 2020-09-27|2020-09,
3d3svOWElY4WzGyfOvvXRZ,unmapped,2020-10-18,,Marriage,,55,,,,Wk 4: Marriage,,book,0.6,ephesians 5,"Marriage, Eph 5",2,wk-run 2020-09-27|2020-09,
1ZYUJ94GQdvj1JbzYD80Kk,excluded,2020-10-15,,The Final Devo,,16,,,,S01 E98 - The Final Devo,,,,,,,,
7dmAE9efmdnL1Yr6xoorZs,excluded,2020-10-13,,Anxiety,,16,,,,S01 E97 - Anxiety,,,,,,,,
7cN1DpedqQtqHXVyZG0FiL,excluded,2020-10-12,,Reconciliation,,16,,,,S01 E96 - Reconciliation,,,,,,,,
61sRLETwZdVyLlBVElhkFX,unmapped,2020-10-11,,Drifted,,55,,,,Wk 3: Drifted,,book,0.5,hebrews 2,"Drifted, Heb 2:1",2,wk-run 2020-09-27|2020-09,
3dHbqpkiKuIYpfGxH7yDq1,excluded,2020-10-07,,The Story of Job,,19,,,,S01 E95 - The Story of Job,,,,,,,,
61Ea21g7mzJKNDrWa2CAA9,excluded,2020-10-06,,Jesus’s Baptism,,12,,,,S01 E94 - Jesus’s Baptism,,,,,,,,
1dtbkMd5nTGZZroirEwgEd,excluded,2020-10-05,,Perspective,,17,,,,S01 E93 - Perspective,,,,,,,,
7K5sQMou9x4rVdF1Ttk0gS,unmapped,2020-10-04,,The Heart of Worship,,47,,,,Wk 2: The Heart of Worship,,unknown,0.5,,Heart of worship; no info,2,wk-run 2020-09-27|2020-09,
4jb320LtOXofFhe26lH7nf,excluded,2020-09-30,,Fellowship,,15,,,,S01 E92 - Fellowship,,,,,,,,
6eNbdLjUKCkYko4R1bwnF1,excluded,2020-09-29,,Sanctification,,15,,,,S01 E91 - Sanctification,,,,,,,,
0RpasDluBSm2SSBU3IScex,excluded,2020-09-28,,Justification,,15,,,,S01 E90 - Justification,,,,,,,,
3CaFBVnAulyXQyYGPZLwAm,unmapped,2020-09-27,,Sovereign Election,,53,,,,Wk 1: Sovereign Election,,book,0.45,ephesians 1,"Sovereign election, Eph 1",2,wk-run 2020-09-27|2020-09,
5PyjcT2N4AusIPE7YvzeMq,excluded,2020-09-24,,Relationships,,15,,,,S01 E89 - Relationships,,,,,,,,
5bcQfj0YbCtBcFocY544JH,excluded,2020-09-22,,Complaining and Arguing,,16,,,,S01 E88 - Complaining and Arguing,,,,,,,,
3UEHo92vxzHy65xEKxe5gh,excluded,2020-09-21,,More Important than You,,16,,,,S01 E87 - More Important than You,,,,,,,,
5GRDQcjDfkhSaqjqC2XWKJ,mapped,2020-09-20,,The Greatest of These,,50,1 John 4:19,,,Wk 3: The Greatest of These,regex,,,,,,wk-run 2020-09-06|2020-09,
3I8jdgct97NqQYxsrNvmQw,excluded,2020-09-16,,To Live is Christ,,14,,,,S01 E86 - To Live is Christ,,,,,,,,
5N7GKT30ujbiK4kkcIQmCY,excluded,2020-09-15,,God is in Control,,14,,,,S01 E85 - God is in Control,,,,,,,,
0noIdihZyHt3q0qBr1VZhf,excluded,2020-09-14,,Gratitude,,17,,,,S01 E84 - Gratitude,,,,,,,,
75DksfKd2nh6DdPAul634z,excluded,2020-09-13,,Response,,15,,,,S01 E83 - Response,,,,,,,,
2x41GwlAVlwbIYSnsk9nIu,mapped,2020-09-13,Saturated Sunday,Wk 2: Hope,,50,,,,Wk 2: Hope | Saturated Sunday,ai,book,0.85,1-peter 3,Hope and be prepared to give an answer is 1 Peter 3:15,2,saturated sunday|2020-09,
5BXWLoBwH1fGyckeGAa1Kc,mapped,2020-09-13,Saturated 2020,Sunday,Joby Martin,50,,,,Saturated 2020 - Sunday: Pastor Joby Martin,ai,book,0.85,1-peter 3,Hope and always being prepared to give an answer is 1 Peter 3:15,2,saturated 2020|2020-09,
03xsTNyuzAk8B39eM9S5DU,excluded,2020-09-12,,Calling,,15,,,,S01 E82 - Calling,,,,,,,,
1Hw86iNDhEXYEqDuMCOrxM,unmapped,2020-09-12,Saturated 2020,Saturday: Bishop Vaughn McLaughlin,,61,,,,Saturated 2020 - Saturday: Bishop Vaughn McLaughlin,,topical,0.55,,Conference main-session talk,2,saturated 2020|2020-09,
1J6dP1z9LDBFJQU2WUbXVU,excluded,2020-09-11,,Character,,20,,,,S01 E81 - Character,,,,,,,,
73MNL54GTO5YqmkoqEVeJA,unmapped,2020-09-11,Saturated 2020,Friday,Dr. Doug Logan,121,,,,Saturated 2020 - Friday: Pastor Doug Logan,,topical,0.55,,Conference main-session talk,2,saturated 2020|2020-09,
0ZzXLHXAqTAnmNzHCHE3r5,excluded,2020-09-10,,Conviction,,15,,,,S01 E80 - Conviction,,,,,,,,
3mxKKXQySJGXzJy4UWglf2,unmapped,2020-09-10,Saturated 2020,Thursday: Pastor J.D. Greear,,59,,,,Saturated 2020 - Thursday: Pastor J.D. Greear,,topical,0.55,,Conference main-session talk,2,saturated 2020|2020-09,
5g0rLskGLAljRwDs4uSzoq,excluded,2020-09-09,,Prepare Your Heart,,15,,,,S01 E79 - Prepare Your Heart,,,,,,,,
3RBtKrsi6cqPsKiowmQVxD,unmapped,2020-09-09,Saturated 2020,Wednesday,Matt Carter,39,,,,Saturated 2020 - Wednesday: Pastor Matt Carter,,topical,0.55,,Conference main-session talk,2,saturated 2020|2020-09,
1DqEDVXSO9NGFCR16nosD7,unmapped,2020-09-08,,Freedom,,25,,,,S01 E78 - Freedom,,topical,0.4,,Short numbered episode on freedom; could be podcast-style.,2,,
2E3ndvm3AXsdELFZlnvEI0,excluded,2020-09-07,,Psalm 40,,12,Psalm 40,,,S01 E77 - Psalm 40,regex,,,,,,,
02wR5ev9XUXjYDew70WXfZ,unmapped,2020-09-06,,Legacy of Faith,,44,,,,Wk 1: Legacy of Faith,,unknown,0.5,,Legacy of faith; no text evident,2,wk-run 2020-09-06|2020-09,
1xIMdTjpo0CpMSVrqaxS1p,excluded,2020-09-02,,Holiness,,17,,,,S01 E76 - Holiness,,,,,,,,
7mgxj3ktNG6NbcNlmCu2rf,excluded,2020-09-01,,Repentance,,15,,,,S01 E75 - Repentance,,,,,,,,
34cdDhbvmoZlqsnX34RyyW,excluded,2020-08-31,,The Spirit of God,,17,,,,S01 E74 - The Spirit of God,,,,,,,,
1IiSrjCzwzTP5Ef3B8nKas,unmapped,2020-08-30,,Holy Spirit,,53,,,,Wk 3: Holy Spirit,,topical,0.5,,Trinity: Holy Spirit,2,wk-run 2020-08-16|2020-08,
2Ob5B2OZt9Q4wa0XsjgjLs,excluded,2020-08-26,,Daniel and the Lions’ Den,,18,,,,S01 E73 - Daniel and the Lions’ Den,,,,,,,,
1nL99Sf2v6NsG0uE9NVMxE,excluded,2020-08-25,,"Shadrach, Meshach and Abednego",,18,,,,"S01 E72 - Shadrach, Meshach and Abednego",,,,,,,,
7n6mijAaKhDu8p7AORDTp9,excluded,2020-08-24,,Daniel,,18,Daniel,,,S01 E71 - Daniel,regex,,,,,,,
6ENW67hfy862OxDyeHk7xF,unmapped,2020-08-23,,Son,,55,,,,Wk 2: Son,,topical,0.5,,Trinity: Son,2,wk-run 2020-08-16|2020-08,
6CAyJ7KHFE84KNEJ9MLm6y,excluded,2020-08-19,,Praying,,16,,,,S01 E70 - Praying,,,,,,,,
0ashbNi0REb6vs5GYvaY4t,excluded,2020-08-18,,Bringing,,16,,,,S01 E69 - Bringing,,,,,,,,
75lFAFuCE5VytoHUQZineM,excluded,2020-08-17,,Singing,,18,,,,S01 E68 - Singing,,,,,,,,
0qxtI4fL6j8KiZ6FTWuQjp,unmapped,2020-08-16,,Father,,55,,,,Wk 1: Father,,topical,0.5,,Trinity: Father,2,wk-run 2020-08-16|2020-08,
0PCVg9l2Udwnfdhch52prl,excluded,2020-08-12,,The Shunamite Woman,,16,,,,S01 E67 - The Shunamite Woman,,,,,,,,
05DVCkVbg1NfgLOIwPfi1M,excluded,2020-08-11,,Jesus On Every Page,,17,,,,S01 E66 - Jesus On Every Page,,,,,,,,
3o5UiTrVxDXTUiJrAhrBLL,excluded,2020-08-10,,Scripture,,15,,,,S01 E65 - Scripture,,,,,,,,
7tdTLpiw8NisyexIecrQRG,mapped,2020-08-09,,Do Over,,51,,,,Wk 4: Do Over,series,book,0.45,matthew 17,"Do over, series is Matthew",2,wk-run 2020-07-19|2020-07,wk-run 2020-07-19 (wk-run 2020-07-19|2020-07): matthew 2.5/2.5 votes
555sm9TWpNilnCqxwYeXOF,excluded,2020-08-05,,Parenting,,16,,,,S01 E64 - Parenting,,,,,,,,
5JsXnHzcMDGJSqjCC8Pyx3,excluded,2020-08-04,,Fear,,16,,,,S01 E63 - Fear,,,,,,,,
3Yq6mHeWJpUnrz7bFoCOHZ,excluded,2020-08-03,,Faith,,16,,,,S01 E62 - Faith,,,,,,,,
7f0oTcWKTQkq9P494vr7qh,mapped,2020-08-02,,Upon This Rock,,60,,,,Wk 3: Upon This Rock,ai,book,0.9,matthew 16,"Upon this rock, Matt 16:18.",1,wk-run 2020-07-19|2020-07,
0G49ygIWFlqMYgVIaKdMiN,excluded,2020-07-29,,Greatness,,16,,,,S01 E61 - Greatness,,,,,,,,
75mySR1mtAp6MgKZir9maW,excluded,2020-07-28,,Feeding of the 5000,,16,,,,S01 E60 - Feeding of the 5000,,,,,,,,
2BlFIsWZ0rd4wXT8kMMcAk,excluded,2020-07-27,,Trials,,15,,,,S01 E59 - Trials,,,,,,,,
5NjZFrxueBdbhUkR06DFWD,mapped,2020-07-26,,Walking on Water,,48,,,,Wk 2: Walking on Water,ai,book,0.9,matthew 14,Walking on water.,1,wk-run 2020-07-19|2020-07,
0qDhzrMbg1jaIikChXsWMd,excluded,2020-07-22,,To The Rich...,,16,,,,S01 E58 - To The Rich...,,,,,,,,
6Ya3Knyboi0OYH7HptLeEY,excluded,2020-07-21,,Good Soil,,17,,,,S01 E57 - Good Soil,,,,,,,,
0jR6AwMqaP7NluVFDsDFy8,excluded,2020-07-20,,Burning Bush,,18,,,,S01 E56 - Burning Bush,,,,,,,,
5eEEqFfNRpZGSPHiAABYrc,mapped,2020-07-19,,Doubts,,55,,,,Wk 1: Doubts,series,book,0.5,matthew 11,"Doubts, series is Matthew",2,wk-run 2020-07-19|2020-07,wk-run 2020-07-19 (wk-run 2020-07-19|2020-07): matthew 2.5/2.5 votes
0AbZM6eMwtP6ZJvzqCNAUZ,excluded,2020-07-15,,The Resurrection,,15,,,,S01 E55 - The Resurrection,,,,,,,,
0hYMlvKfZvHXFXi6kei4ba,excluded,2020-07-14,,The Fruit of The Spirit,,16,,,,S01 E54 - The Fruit of The Spirit,,,,,,,,
2UQApQUw7k6KlbWuyaBywE,excluded,2020-07-13,,Gideon,,16,,,,S01 E53 - Gideon,,,,,,,,
1UA3YBM4W405e2RpptoFz7,mapped,2020-07-12,,Rock Solid,,55,,,,Wk 13: Rock Solid,ai,book,0.97,matthew 7,"Rock Solid, wise builder Matt 7:24-27.",1,wk-run 2020-04-19|2020-04,
7wu0cem8Yx9jk8xLewq2hD,excluded,2020-07-08,,The Church in Ephesus,,16,,,,S01 E52 - The Church in Ephesus,,,,,,,,
6vQpMRw4jZrsD9l66ImvBQ,excluded,2020-07-07,,The Spirit,,16,,,,S01 E51 - The Spirit,,,,,,,,
1AjYK4VcUXXSE61pHjPceP,excluded,2020-07-06,,Doubt,,18,,,,S01 E50 - Doubt,,,,,,,,
1HDFNilprIopEvlVqONBbS,mapped,2020-07-05,,Jesus Saves Us From Religion,,44,,,,Wk 12: Jesus Saves Us From Religion,ai,book,0.85,matthew 7,"Beware religion, Sermon on the Mount ending",2,wk-run 2020-04-19|2020-04,
6dfbojeFJshuRfj5uWACnB,excluded,2020-07-01,,Rest,,14,,,,S01 E49 - Rest,,,,,,,,
2zFJkqArAGNLJhMR79UK6z,excluded,2020-06-30,,Good News,,12,,,,S01 E48 - Good News,,,,,,,,
6Syr1yPgfjMKP2MRhfSrGe,excluded,2020-06-29,,Unconfessed Sin,,16,,,,S01 E47 - Unconfessed Sin,,,,,,,,
2ejZMMnDfGRn5IS90dkDIk,mapped,2020-06-28,,Prayer,,53,,,,Wk 11: Prayer,ai,book,0.9,matthew 7,"Prayer boldness, Matt 7:7-11.",1,wk-run 2020-04-19|2020-04,
4qFbC19HWum24qfqLBIsOV,excluded,2020-06-24,,Words,,14,,,,S01 E46 - Words,,,,,,,,
356hoGeavT9oKCs4jkGAIv,excluded,2020-06-23,,Forgiveness,,15,,,,S01 E45 - Forgiveness,,,,,,,,
52twobuVHRkxPazeEyvEGW,excluded,2020-06-22,,Authority,,15,,,,S01 E44 - Authority,,,,,,,,
2T9uQZILCMC811QvmjEQyo,mapped,2020-06-21,,Judgment,,46,,,,Wk 10: Judgment,ai,book,0.93,matthew 7,"Judging, Matt 7:1-5.",1,wk-run 2020-04-19|2020-04,
5IUMN17s9MyxibClUHa2LE,excluded,2020-06-17,,Rest,,15,,,,S01 E43 - Rest,,,,,,,,
1oKzRCoYEnJCSw5Seh4gra,excluded,2020-06-16,,John the Baptist,,15,,,,S01 E42 - John the Baptist,,,,,,,,
4UOeudL35KQImwabwgceG1,excluded,2020-06-15,,True Fasting,,16,,,,S01 E41 - True Fasting,,,,,,,,
6b6eEVECnzG2cAZBkX1nDk,mapped,2020-06-14,,Two Masters,,42,,,,Wk 9: Two Masters,ai,book,0.95,matthew 6,"Two masters, Matt 6:24.",1,wk-run 2020-04-19|2020-04,
1Yqdhtxma21HGIdrw382mV,excluded,2020-06-10,,The New Life,,17,,,,S01 E40 - The New Life,,,,,,,,
7vpOKbP7DckXrlHcbUIsAa,excluded,2020-06-09,,The Woman Caught in Adultery,,17,,,,S01 E39 - The Woman Caught in Adultery,,,,,,,,
28F6NQ4iqJwetItn3bwzYp,excluded,2020-06-08,,Fasting,,16,,,,S01 E38 - Fasting,,,,,,,,
1lMggzwtYN3rvVkWfHG558,mapped,2020-06-07,,Why Fast?,,54,,,,Wk 8: Why Fast?,ai,book,0.93,matthew 6,"Fasting, Matt 6:16-18.",1,wk-run 2020-04-19|2020-04,
1G1Vd9pGXQy2IML7KOxngG,excluded,2020-06-03,,It Is Written,,16,,,,S01 E37 - It Is Written,,,,,,,,
5n77kGRQVnM8boIZgzsdfP,excluded,2020-06-02,,The Enemy,,18,,,,S01 E36 - The Enemy,,,,,,,,
5PhUGXRBZiYiydnhobpis3,excluded,2020-06-01,,Showing Up,,18,,,,S01 E35 - Showing Up,,,,,,,,
3uTWcEF9Mcymq2umQ4a0bl,mapped,2020-05-31,,Our Father,,55,,,,Wk 7: Our Father,ai,book,0.93,matthew 6,"Our Father, Matt 6:9-13.",1,wk-run 2020-04-19|2020-04,
1BgAiwoYcFB3g5qyvG5XCa,excluded,2020-05-27,,David & Goliath,,19,,,,S01 E34 - David & Goliath,,,,,,,,
4tOPgg64aLqIN0429ZewyL,excluded,2020-05-26,,Satisfaction in Jesus,,18,,,,S01 E33 - Satisfaction in Jesus,,,,,,,,
3uu7tsBSExCVtqlYtYuWj4,excluded,2020-05-25,,Snakebitten,,17,,,,S01 E32 - Snakebitten,,,,,,,,
6YiPRcHNNVtJzbDmkGEzxi,unmapped,2020-05-24,,God Loves a Cheerful Giver,,54,,,,Wk 6: God Loves a Cheerful Giver,,book,0.75,matthew 6,"Giving, Matthew 6:1-4 between wks 5 and 7",2,wk-run 2020-04-19|2020-04,wk-run 2020-04-19 (wk-run 2020-04-19|2020-04): matthew 10.0/12.0 votes
2rGE8pZzOl1xsI2Uma6ru6,excluded,2020-05-20,,The Boat,,18,,,,S01 E31 - The Boat,,,,,,,,
4S7sBD9CtF8v6l9gE28eOn,excluded,2020-05-19,,Dishwater To Wine,,16,,,,S01 E30 - Dishwater To Wine,,,,,,,,
7J1A1sxJyQGrZf8aYbSRHs,excluded,2020-05-18,,Peter,,16,,,,S01 E29 - Peter,,,,,,,,
07b3TYYz83ZpxRBEoIGBYa,mapped,2020-05-17,,Blind and Toothless,,53,Romans 5:8,,,Wk 5: Blind and Toothless,regex,,,,,,wk-run 2020-04-19|2020-04,
4AIAobG8tXBzzfYpM9FGHM,excluded,2020-05-13,,S01 E28 -The Gospel,,19,,,,S01 E28 -The Gospel,,,,,,,,
1WbtiEZ9zv108jeo3zvvaj,excluded,2020-05-12,,The Woman at the Well,,15,,,,S01 E27 - The Woman at the Well,,,,,,,,
35EckpFBFCvzD2FuGhpZ6K,excluded,2020-05-11,,The Word,,16,,,,S01 E26 - The Word,,,,,,,,
7fdJAN9kR0qH0oCPgrOScW,mapped,2020-05-10,,"Lust, Divorce and Oaths",,57,,,,"Wk 4: Lust, Divorce and Oaths",ai,book,0.92,matthew 5,"Lust, divorce, oaths Matt 5:27-37.",1,wk-run 2020-04-19|2020-04,
3C46HZowaFAeuV8ZQKAFM9,excluded,2020-05-06,,Psalm 139,,18,Psalm 139,,,S01 E25 - Psalm 139,regex,,,,,,,
20P2n1HzI3icJ5YPeK6YH6,excluded,2020-05-05,,S01 E24,Draw Near,17,,,,S01 E24 - Draw Near,,,,,,,,
3CSJWqbTQORUp3lzwSKHfu,excluded,2020-05-04,,Self Less,,18,,,,S01 E23 - Self Less,,,,,,,,
1R3v2z2BUWzVSfjb5fqvui,mapped,2020-05-03,,Anger,,55,,,,Wk 3: Anger,ai,book,0.9,matthew 5,"Sermon on the Mount, anger Matt 5:21-26.",1,wk-run 2020-04-19|2020-04,
0hGQ9M6tcRqj6zhztXG6Vn,excluded,2020-04-29,,Your Mat,,17,,,,S01 E22 - Your Mat,,,,,,,,
33d28DxzIPcUsXZwWL32bF,excluded,2020-04-28,,Marriage,,19,,,,S01 E21 - Marriage,,,,,,,,
5d3OXdjUoBvECd5h0ZttTF,excluded,2020-04-27,,Esau,,17,,,,S01 E20 - Esau,,,,,,,,
7y5jsxMryIE7vhmB4rMsSG,mapped,2020-04-26,,Salt and Light,,53,Ephesians 2:8-10,,,Wk 2: Salt and Light,regex,,,,,,wk-run 2020-04-19|2020-04,
5oSzmJDUwaSCglOMGVrkDq,excluded,2020-04-22,,Our Shepherd,,15,,,,S01 E19 - Our Shepherd,,,,,,,,
5U2aNg2rGiEWaygMpD75nJ,excluded,2020-04-21,,The Four Friends,,16,,,,S01 E18 - The Four Friends,,,,,,,,
2dq4M6jQLWZLgmcBL1lnGq,excluded,2020-04-20,,Joseph,,20,,,,S01 E17 - Joseph,,,,,,,,
2sWdSBx0DujTEXwEx5c34R,mapped,2020-04-19,,Blessed,,57,,,,Wk 1: Blessed,ai,book,0.9,matthew 5,'Best Sermon Ever' series; Blessed = Beatitudes.,1,wk-run 2020-04-19|2020-04,
6UutPW3Bj4EzxtrtYGZlAT,excluded,2020-04-15,,Worship,,17,,,,S01 E16 - Worship,,,,,,,,
7BSsxy8RWGyJeNjDsAz4LY,excluded,2020-04-14,,"Mary, Martha and Lazarus",,18,John 11:25,,,"S01 E15 - Mary, Martha and Lazarus",regex,,,,,,,
6LN5C7gZj6FAc5XHuiNOSo,excluded,2020-04-13,,Joshua,,17,Joshua 1:9,,,S01 E14 - Joshua,regex,,,,,,,
4kK4wIHXNd6dl3cxcvSqFq,mapped,2020-04-12,Wk 7: Laodicea,EASTER,,54,,,,Wk 7: Laodicea | EASTER,ai,book,0.95,revelation 3,"Laodicea, Jesus knocking, Rev 3:20",1,wk 7 laodicea|2020-04,
2XKjp46wL3mzXZPRb94jaI,excluded,2020-04-11,Lent Devo Episode 36,The Resurrection,,13,Luke 20,,,Lent Devo Episode 36: The Resurrection,regex,,,,,,lent devo episode 36|2020-04,
1VxIRrwzpOyfoVUqQgH2Hb,excluded,2020-04-10,Lent Devo Episode 35,At Calvary - Part Two,,12,,,,Lent Devo Episode 35: At  Calvary - Part Two,,,,,,,lent devo episode 35|2020-04,
0NzgFlQdSFS3wSIgwUEjYm,excluded,2020-04-09,Lent Devo Episode 34,At Calvary - Part One,,13,Luke 23,,,Lent Devo Episode 34: At Calvary - Part One,regex,,,,,,lent devo episode 34|2020-04,
6xXwoDNqUlpmYKSJIqXz3v,excluded,2020-04-08,Lent Devo Episode 33,Malchus’ Ear,,9,Luke 22:47-51,,,Lent Devo Episode 33: Malchus’ Ear,regex,,,,,,lent devo episode 33|2020-04,
1z4TL7CZCj12EVo1ugLz8i,excluded,2020-04-08,,Gethsemane,,17,Matthew 26:39,,,S01 E13 - Gethsemane,regex,,,,,,,
2bQSDvnD2nK52jVI20GoDi,mapped,2020-04-07,Lent Devo Episode 32,Blind Bartimaeus,,20,Mark 10:46-52,,,Lent Devo Episode 32: Blind Bartimaeus,regex,,,,,,lent devo episode 32|2020-04,
1AUxNYCmk0gdhJL35ukpnO,excluded,2020-04-07,,Foot Washing,,18,John 13:14,,,S01 E12 - Foot Washing,regex,,,,,,,
1ChyTNQcbkHr3rkbwiB60N,excluded,2020-04-06,Lent Devo Episode 31,Lazarus,,13,John 11:1-46,,,Lent Devo Episode 31: Lazarus,regex,,,,,,lent devo episode 31|2020-04,
3MFPOc65ZfQLDP7r2r66QN,excluded,2020-04-06,,The Triumphal Entry,,15,Matthew 21:9,,,S01 E11 - The Triumphal Entry,regex,,,,,,,
3IjljrYzEHUxdgsSaq3blx,mapped,2020-04-05,,Thyatira,,62,,,,Wk 6: Thyatira,ai,book,0.97,revelation 2,"Thyatira, Rev 2:18-29.",1,wk-run 2020-03-01|2020-03,
3cons0ikSBnqDwiVs4h4tE,excluded,2020-04-04,Lent Devo Episode 30,Man Born Blind,,11,John 9,,,Lent Devo Episode 30: Man Born Blind,regex,,,,,,lent devo episode 30|2020-04,
2ALftG0TlYaKdIke4tpB5f,excluded,2020-04-03,Lent Devo Episode 29,Coin in the Fish’s Mouth,,8,Matthew 17,,,Lent Devo Episode 29: Coin in the Fish’s Mouth,regex,,,,,,lent devo episode 29|2020-04,
1PWkljIGwkwc4pG9pN5Z8P,excluded,2020-04-02,Lent Devo Episode 28,Blind Man Bethsaida,,10,Mark 8:22-26,,,Lent Devo Episode 28: Blind Man Bethsaida,regex,,,,,,lent devo episode 28|2020-04,
2LebannMsJ29GOuZMP9K2M,excluded,2020-04-01,Lent Devo Episode 27,Feeding of the Four Thousand,,8,Matthew 15:29-38,,,Lent Devo Episode 27: Feeding of the Four Thousand,regex,,,,,,lent devo episode 27|2020-04,
3hZ7aBOMg7pRQE67pcPTCN,excluded,2020-04-01,,Paul’s Quarantine,,16,Philippians 1:21,,,S01 E10 - Paul’s Quarantine,regex,,,,,,,
1dFuqxsfXf58jST71oebYz,excluded,2020-03-31,Lent Devo Episode 26,Decapolis’ Healing,,11,Mark 7:31-37,,,Lent Devo Episode 26: Decapolis’ Healing,regex,,,,,,lent devo episode 26|2020-03,
2F9PeX17HN2faqG04xhZgn,excluded,2020-03-31,,Boldness,,14,Acts 4:29,,,S01 E09 - Boldness,regex,,,,,,,
1Ab6di0kjVLsH0mS17IqAH,excluded,2020-03-30,Lent Devo Episode 25,Phoenician Woman’s Daughter,,15,Matthew 15:21-28,,,Lent Devo Episode 25: Phoenician Woman’s Daughter,regex,,,,,,lent devo episode 25|2020-03,
4u4AoeoY8FzaPUKT22DkpM,excluded,2020-03-30,,Thomas,,15,John 20:29,,,S01 E08 - Thomas,regex,,,,,,,
3BGwG7MAppW9bXTlGarz4I,mapped,2020-03-29,,Sardis,,56,,,,Wk 5: Sardis,ai,book,0.97,revelation 3,"Sardis, Rev 3.",1,wk-run 2020-03-01|2020-03,
3ihweHEO8o53i7SUfDVDa7,excluded,2020-03-28,Lent Devo Episode 24,Walking on Water,,10,Matthew 14:22-36,Mark 6:45-54,,Lent Devo Episode 24: Walking on Water,regex,,,,,,lent devo episode 24|2020-03,
4olf0bxXDqeVu5ZcKYsYXa,excluded,2020-03-27,Lent Devo Episode 23,Feeding 5000,,11,John 6:1-14,Mark 6:31-44,,Lent Devo Episode 23: Feeding 5000,regex,,,,,,lent devo episode 23|2020-03,
0OibO44yIQaFcakEQSjV6J,mapped,2020-03-26,Lent Devo Episode 22,Bleeding Woman,,22,Mark 5:25-34,,,Lent Devo Episode 22: Bleeding Woman,regex,,,,,,lent devo episode 22|2020-03,
5aw2BGMs9sPIwnC88YO0bN,excluded,2020-03-25,Lent Devo Episode 21,Jairus’ Daughter,,9,Luke 8:41-56,Mark 5:22-43,,Lent Devo Episode 21: Jairus’ Daughter,regex,,,,,,lent devo episode 21|2020-03,
7dz0d0B2KM7vdexvqI7rSs,excluded,2020-03-25,,Suffering,,18,Genesis 3:15,,,S01 E07 - Suffering,regex,,,,,,,
4LirZEsfc3g3Z7TOpeAT6C,excluded,2020-03-24,Lent Devo Episode 20,Gadarene Demoniac,,10,Mark 5:1-20,,,Lent Devo Episode 20: Gadarene Demoniac,regex,,,,,,lent devo episode 20|2020-03,
3SqnmOK0o0YFKaFlcDvspi,excluded,2020-03-24,,Anxiety,,15,Matthew 6:34,,,S01 E06 - Anxiety,regex,,,,,,,
3bDT7dWuuaZit4DpCXOvDT,excluded,2020-03-23,Lent Devo Episode 19,Mute Demoniac,,11,Matthew 9:32-34,,,Lent Devo Episode 19: Mute Demoniac,regex,,,,,,lent devo episode 19|2020-03,
0NRiUD2RWjDhd7P5XVVbkY,excluded,2020-03-23,,Love,,17,1 Corinthians 13:13,,,S01 E05 - Love,regex,,,,,,,
4pQMqkPuLjaE9JuZjpUcdd,mapped,2020-03-22,,The Church in Philadelphia,,54,,,,Wk 4: The Church in Philadelphia,ai,book,0.97,revelation 3,"Philadelphia, Rev 3.",1,wk-run 2020-03-01|2020-03,
6iQ5Z7TA20VVoaf928EpLl,excluded,2020-03-21,Lent Devo Episode 18,Two Blind Men,,8,Matthew 9:27-31,,,Lent Devo Episode 18: Two Blind Men,regex,,,,,,lent devo episode 18|2020-03,
3KYCqqFvHbxppxpuj2PB25,excluded,2020-03-20,Lent Devo Episode 17,Calming the Storm,,6,Luke 8:22-25,Mark 4:35-41,,Lent Devo Episode 17: Calming the Storm,regex,,,,,,lent devo episode 17|2020-03,
7IpcrCLnwuqeShlhbUCxLU,excluded,2020-03-19,Lent Devo Episode 16,Widow’s Son,,6,Luke 7:11-18,,,Lent Devo Episode 16: Widow’s Son,regex,,,,,,lent devo episode 16|2020-03,
0ptvo85UfMcvLynSU1bQAT,excluded,2020-03-18,,Friends,,14,1 Corinthians 12:12,,,S01 E04 - Friends,regex,,,,,,,
0GydPeoDNXqfwstivwlKO4,excluded,2020-03-18,Lent Devo Episode 15,Centurion’s Servant,,9,Matthew 8:5-13,Luke 7:1-10,,Lent Devo Episode 15: Centurion’s Servant,regex,,,,,,lent devo episode 15|2020-03,
70bAhbpsKQyQxBxKUowXJh,excluded,2020-03-17,Lent Devo Episode 14,Withered Hand,,8,Luke 6:6-10,Mark 3:1-6,,Lent Devo Episode 14: Withered Hand,regex,,,,,,lent devo episode 14|2020-03,
4HZNgrX16nzr0RRiy63fs2,excluded,2020-03-17,,Opportunity,,18,Matthew 25:21,,,S01 E03 - Opportunity,regex,,,,,,,
3YA8ErlNaROfesTuJbSJ6A,excluded,2020-03-16,Lent Devo Episode 13,Paralytic,,9,Luke 5:18-25,Matthew 9:2-7,,Lent Devo Episode 13: Paralytic,regex,,,,,,lent devo episode 13|2020-03,
7mmvbI2nPScp3s80q7N7mk,excluded,2020-03-16,,Fear,,14,Philippians 4:6-7,,,S01 E02 - Fear,regex,,,,,,,
6d4lYxInjpdPQ5fCeM73Gi,excluded,2020-03-15,,Prayer,,17,Luke 11:9,,,S01 E01 - Prayer,regex,,,,,,,
0nPZEyCpZfuf0AFVxq774n,mapped,2020-03-15,,Pergamum – Conquering Conformity,,53,,,,Wk 3: Pergamum – Conquering Conformity,ai,book,0.97,revelation 2,"Pergamum, Rev 2:12-17.",1,wk-run 2020-03-01|2020-03,
0YYU84E4KqHmU1TPHw41yt,excluded,2020-03-14,Lent Devo Episode 12,Leper Cleansed,,10,Matthew 8:1-4,Luke 5:12-15,,Lent Devo Episode 12: Leper Cleansed,regex,,,,,,lent devo episode 12|2020-03,
4OKizikP7aswJE5AYM7VBj,excluded,2020-03-13,Lent Devo Episode 11,Mass Healing,,10,Luke 4:40-41,Matthew 8:16-17,,Lent Devo Episode 11: Mass Healing,regex,,,,,,lent devo episode 11|2020-03,
69fwYqPAbdwfigTU1yk7Uh,excluded,2020-03-12,Lent Devo Episode 10,Peter’s Mother-in-Law,,10,Luke 4:38-40,Matthew 8:14-17,,Lent Devo Episode 10: Peter’s Mother-in-Law,regex,,,,,,lent devo episode 10|2020-03,
0hHZUQwKPh1bYKH13Tn7SW,excluded,2020-03-11,Lent Devo Episode 9,The Synagogue Demoniac,,8,Luke 4:33-36,Mark 1:23-24,,Lent Devo Episode 9: The Synagogue Demoniac,regex,,,,,,lent devo episode 9|2020-03,
2GjnMRCA8fJUjXa4HZR7hh,excluded,2020-03-10,Lent Devo Episode 8,The First Draught of Fishes,,11,Luke 5:1-11,Mark 1:16-20,,Lent Devo Episode 8: The First Draught of Fishes,regex,,,,,,lent devo episode 8|2020-03,
442jqpJFL7xKz6k9waux74,excluded,2020-03-09,Lent Devo Episode 7,The Invalid Man,,8,John 5:1-9,,,Lent Devo Episode 7: The Invalid Man,regex,,,,,,lent devo episode 7|2020-03,
7vdsA33Ta7ls2PKP7avnS1,mapped,2020-03-08,,Smyrna – Suffer Well,,53,John 16:33,,,Wk 2: Smyrna – Suffer Well,regex,,,,,,wk-run 2020-03-01|2020-03,
5b4no54aqshRMAnH7z3QFd,excluded,2020-03-07,Lent Devo Episode 6,Nobleman’s Son,,5,John 4:46-54,,,Lent Devo Episode 6: Nobleman’s Son,regex,,,,,,lent devo episode 6|2020-03,
4SaZ14uXIuA9D2SPi7qn5i,excluded,2020-03-06,Lent Devo Episode 5,The Wedding at Cana,,8,John 2:1-11,,,Lent Devo Episode 5: The Wedding at Cana,regex,,,,,,lent devo episode 5|2020-03,
54tk7jbFYcFfuqJ4KTgYON,excluded,2020-03-05,Lent Devo Episode 4,In the Wilderness,,6,Matthew 4:1-10,,,Lent Devo Episode 4: In the Wilderness,regex,,,,,,lent devo episode 4|2020-03,
5SVCiTXUk6oXIHVX6s4UzE,excluded,2020-03-04,Lent Devo Episode 3,The Miracle at Jordan,,7,Matthew 3:16,Mark 1:9-12,,Lent Devo Episode 3: The Miracle at Jordan,regex,,,,,,lent devo episode 3|2020-03,
6ANwTooY2YVWOBf9PIe2kX,excluded,2020-03-03,Lent Devo Episode 2,The Miracle of the Logos,,11,John 1:1-14,,,Lent Devo Episode 2: The Miracle of the Logos,regex,,,,,,lent devo episode 2|2020-03,
6kuHUORpbl6rG35i5noBvq,excluded,2020-03-02,Lent Devo Episode 1,The Miracle of Zechariah,,13,Luke 1,,,Lent Devo Episode 1: The Miracle of Zechariah,regex,,,,,,lent devo episode 1|2020-03,
5q9xz11SVCodtnFuU32Mse,mapped,2020-03-01,,Ephesus – You Left Your First Love,,49,,,,Wk 1: Ephesus – You Left Your First Love,ai,book,0.97,revelation 2,"Ephesus, seven churches.",1,wk-run 2020-03-01|2020-03,
1nPuqK9AzCFaau1hV1f9Zm,mapped,2020-02-23,,Do You Do Well to Be Angry?,,56,,,,Wk 4: Do You Do Well to Be Angry?,ai,book,0.97,jonah 4,'Do you do well to be angry' Jonah 4:4.,1,wk-run 2020-02-02|2020-02,
0K8IrPIauTo68dNq32fnd4,mapped,2020-02-16,,New Direction,,52,,,,Wk 3: New Direction,ai,book,0.9,jonah 3,Jonah series; repentance/new direction = Jonah 3.,1,wk-run 2020-02-02|2020-02,
16OWnm8RgwREtSTTpbN4iR,mapped,2020-02-09,,God Help Me!,,55,,,,Wk 2: God Help Me!,ai,book,0.85,jonah 2,"Cry out to God, Jonah 2.",1,wk-run 2020-02-02|2020-02,
6ac2NihklpaGOBN2qAXgQm,mapped,2020-02-02,,Running from God,,53,,,,Wk 1: Running from God,ai,book,0.85,jonah 1,"Running from God, Jonah wk1.",1,wk-run 2020-02-02|2020-02,
5I8ReYDf0qUecXmmDDuk4D,unmapped,2020-01-26,,The End in Mind,,52,,,,Wk 4: The End in Mind,,book,0.35,revelation 7,"Every nation worships, missions",2,wk-run 2020-01-05|2020-01,
5tqZ4pWDTjkErpw5ozuwZv,unmapped,2020-01-19,,Greater Works,,47,,,,Wk 3: Greater Works,,book,0.7,john 14,"Greater works, John 14:12",2,wk-run 2020-01-05|2020-01,
6WUAyFHuytdEVPxHnraJ5O,unmapped,2020-01-12,,You Feed Them,,55,,,,Wk 2: You Feed Them,,book,0.5,mark 6,"Feeding the five thousand, you feed them",2,wk-run 2020-01-05|2020-01,
7bkcbQ0D6yfLVBFX9CPXQU,mapped,2020-01-05,,"Here I Am, Send Me",,56,,,,"Wk 1: Here I Am, Send Me",ai,book,0.9,isaiah 6,"Here I am, send me, Isaiah 6:8.",1,wk-run 2020-01-05|2020-01,
0r67RKIhpqjFkB47zhsBiN,unmapped,2019-12-29,,Blinded By the Light,,49,,,,Wk 5: Blinded By the Light,,book,0.6,acts 9,"Blinded by the light, Saul",2,wk-run 2019-12-01|2019-12,
77wwbbSFTlawZeEJ2bvE3M,unmapped,2019-12-22,,Behold Our King,,53,,,,Wk 4: Behold Our King,,topical,0.5,,"Christmas, prophet priest king",2,wk-run 2019-12-01|2019-12,
4vzht8XEpvAu6s295q5OVt,mapped,2019-12-15,,In the Fire,,53,,,,Wk 3: In the Fire,ai,book,0.85,daniel 3,"Fiery furnace, even if He doesn't",2,wk-run 2019-12-01|2019-12,
0Gc64EZuveKTyemTb2podd,unmapped,2019-12-08,,Whose Side Are You On?,,53,,,,Wk 2: Whose Side Are You On?,,unknown,0.5,,Whose side; no text,2,wk-run 2019-12-01|2019-12,
3PGmeLaopiSoQuA4NhSlcJ,unmapped,2019-12-01,,Tap Out,,43,,,,Wk 1: Tap Out,,unknown,0.6,,Tap Out; no info,2,wk-run 2019-12-01|2019-12,
7lI5GbazvseY0kAvqy7O0w,mapped,2019-11-24,,If You Can,,50,Mark 9,,,Wk 3: If You Can,regex,,,,,,wk-run 2019-11-10|2019-11,
6kPOc6CiuHFBglzn8goaj7,mapped,2019-11-17,,Every Family Has a Story,,49,Romans 8:28,,,Wk 2: Every Family Has a Story,regex,,,,,,wk-run 2019-11-10|2019-11,
3sgKtIsNa9l2DQQD5jA12J,unmapped,2019-11-10,,It Is Well,,58,,,,Wk 1: It Is Well,,unknown,0.5,,It is well; no text evident,2,wk-run 2019-11-10|2019-11,
0AMtLdfcS9gO5K2SA1U3pg,mapped,2019-11-03,,Love Your Neighbor,,55,,,,Wk 5: Love Your Neighbor,ai,book,0.9,luke 10,"Good Samaritan, Luke 10:25-37.",1,wk-run 2019-10-06|2019-10,
3UiTj5YnVhdeoNozH3WBHp,unmapped,2019-10-27,,Strength,,54,,,,Wk 4: Strength,,topical,0.55,,"Stewarding the body, no text",2,wk-run 2019-10-06|2019-10,
6vzCv2cMRXjo5sGmQk1iLx,unmapped,2019-10-20,,Mind,,57,,,,Wk 3: Mind,,book,0.65,matthew 4,"It is written, temptation",2,wk-run 2019-10-06|2019-10,
5OTv660F1jRAQrI5KaLv5t,unmapped,2019-10-13,,Soul,Jim Elliot,55,,,,Wk 2: Soul,,book,0.3,luke 12,"Soul, treasures of the world",2,wk-run 2019-10-06|2019-10,
6R24E7wq8vQWN4R6SyLVr5,unmapped,2019-10-06,,Heart,,57,,,,Wk 1: Heart,,book,0.35,matthew 18,Forgiveness and church unity,2,wk-run 2019-10-06|2019-10,
0VB7GCSbajcERBCnzdAb0n,unmapped,2019-09-29,Stand Alone,A People for a Purpose,,47,,,,Stand Alone: A People for a Purpose,,book,0.8,1-peter 2,People set apart for a purpose is 1 Peter 2:9,2,stand alone|2019-09,
2oa2dkDUvsVCbhpRBUZHgV,unmapped,2019-09-22,,Bridging Culture,,49,,,,Wk 7: Bridging Culture,,unknown,0.5,,Culture; no text evident,2,wk-run 2019-08-11|2019-08,
3IpipSRL9CmRNUsrkRGfei,unmapped,2019-09-15,,Bridging the World,,39,,,,Wk 6: Bridging the World,,book,0.6,acts 1,Ends of the earth mission,2,wk-run 2019-08-11|2019-08,
5YNxGA7hL6YIvTgHD1n4ml,unmapped,2019-09-15,Saturated Sunday 2019,Wk 6: Bridging the World,,39,,,,Wk 6: Bridging the World | Saturated Sunday 2019,,book,0.6,acts 1,Conduit of gospel to the ends of the earth echoes Acts 1:8,2,saturated sunday 2019|2019-09,
43Kbt1oSs3eUV9rNwo08e4,unmapped,2019-09-13,Saturated 2019,Friday: Pastor JR Vassar,,53,,,,Saturated 2019 - Friday: Pastor JR Vassar,,topical,0.55,,Conference main-session talk,2,saturated 2019|2019-09,
38XHOq6i77eiOoGSRyZ5gz,unmapped,2019-09-12,Saturated 2019,Thursday,Dr. Crawford Loritts,42,,,,Saturated 2019 - Thursday: Dr. Crawford Loritts,,topical,0.55,,Conference main-session talk,2,saturated 2019|2019-09,
3rPAa3TSmWnjhRVgRuR8TT,unmapped,2019-09-11,Saturated 2019,Wednesday,Bryan Loritts,42,,,,Saturated 2019 - Wednesday: Pastor Bryan Loritts,,topical,0.55,,Conference main-session talk,2,saturated 2019|2019-09,
1HLODDO8Nuv9qQfvIEH0G1,unmapped,2019-09-08,,Bridging Shame,,56,,,,Wk 5: Bridging Shame,,book,0.75,luke 7,"Your faith has saved you, go in peace",2,wk-run 2019-08-11|2019-08,
5rCe2KR0qtMC00x6rCM27I,unmapped,2019-09-01,,Bridging Division,,46,,,,Wk 4: Bridging Division,,book,0.45,luke 19,"Division, rescue mission to save the lost",2,wk-run 2019-08-11|2019-08,
1D9RTHCisTkRIb0uEO9ZSR,unmapped,2019-08-25,,Bridging Pain and Sorrow,,56,,,,Wk 3: Bridging Pain and Sorrow,,book,0.45,john 11,"Pain and sorrow, Jesus wept",2,wk-run 2019-08-11|2019-08,
7qJ4DTWfs74NM3Q0TQlNJZ,unmapped,2019-08-18,,Bridging Religion,,56,,,,Wk 2: Bridging Religion,,book,0.6,john 3,Whoever believes in the Son has eternal life,2,wk-run 2019-08-11|2019-08,
2VTKIEx0UK41jqbXFED3d9,unmapped,2019-08-11,,Bridging Eternity,,53,,,,Wk 1: Bridging Eternity,,book,0.3,john 14,Bridge to God; John 14:6 plausible,2,wk-run 2019-08-11|2019-08,
7dwIqfkHYEaMOB3DTUUgCH,mapped,2019-08-04,,Self-Control,,55,,,,Wk 3: Self-Control,ai,book,0.85,2-timothy 1,"Self-control, 2 Tim 1:7",2,wk-run 2019-07-21|2019-07,
38COGz6GClabMQgCZXiYZC,mapped,2019-07-28,,Spirit of Love,,45,,,,Wk 2: Spirit of Love,ai,book,0.9,2-timothy 1,"Spirit of love, 2 Tim 1:7",2,wk-run 2019-07-21|2019-07,
2cUlwm7PHQZTy33WTqXUJN,mapped,2019-07-21,,Spirit of Power,,54,,,,Wk 1: Spirit of Power,ai,book,0.9,2-timothy 1,"Spirit of power, 2 Tim 1:7",2,wk-run 2019-07-21|2019-07,
2rv6MfNl6h7IARAeQhrWF5,mapped,2019-07-14,,The Lord Judge,,52,,,,Wk 12: The Lord Judge,series,book,0.8,1-samuel 24,"David spares Saul, trust God as judge; 1 Sam 24/26.",1,wk-run 2019-04-28|2019-04,wk-run 2019-04-28 (wk-run 2019-04-28|2019-04): 1-samuel 9.5/9.5 votes
74VfPmRFp7Az9LurAam9Eq,mapped,2019-07-07,,Toxic Relationships,,48,,,,Wk 11: Toxic Relationships,ai,book,0.85,1-samuel 18,Saul hurls spear at David; 1 Sam 18-19.,1,wk-run 2019-04-28|2019-04,
1GY9c8TDWjH7DALHdy2bOY,mapped,2019-06-30,,Down Goes Goliath,,52,,,,Wk 10: Down Goes Goliath,ai,book,0.97,1-samuel 17,David and Goliath.,1,wk-run 2019-04-28|2019-04,
4c1K60vjpMX0BdmfEPd7Sw,mapped,2019-06-23,,King David,,49,,,,Wk 9: King David,ai,book,0.9,1-samuel 16,"King David anointed, 1 Sam 16:7.",1,wk-run 2019-04-28|2019-04,
4IMsl5GlKs0OrBk4AKC8J4,mapped,2019-06-16,,Me First,,45,,,,Wk 8: Me First,series,book,0.8,1-samuel 15,Saul's disobedience ch 15; series 1 Samuel.,1,wk-run 2019-04-28|2019-04,wk-run 2019-04-28 (wk-run 2019-04-28|2019-04): 1-samuel 9.5/9.5 votes
7f5Ne4mHt98ZLd9A2G30Is,mapped,2019-06-09,,Nothing Can Stop Him,,50,,,,Wk 7: Nothing Can Stop Him,series,book,0.75,1-samuel 14,1 Samuel series; Jonathan 1 Sam 14 'nothing can hinder the Lord'.,1,wk-run 2019-04-28|2019-04,wk-run 2019-04-28 (wk-run 2019-04-28|2019-04): 1-samuel 9.5/9.5 votes
7G2mRdVGDUOedOl0XyxE0K,mapped,2019-06-02,,What Have You Done?,,49,,,,Wk 6: What Have You Done?,ai,book,0.85,1-samuel 13,'What have you done?' Saul 1 Sam 13:11.,1,wk-run 2019-04-28|2019-04,
6ZU2xoiB3a4jDpqW9YO64Y,mapped,2019-05-26,,Farewell Address,,52,,,,Wk 5: Farewell Address,ai,book,0.9,1-samuel 12,"Samuel's farewell address, 1 Sam 12.",1,wk-run 2019-04-28|2019-04,
3fctqs0AM6t3P9AKTtWutw,mapped,2019-05-19,,The Lord is ONE,,52,,,,Wk 4: The Lord is ONE,ai,book,0.9,1-samuel 5,"1 Samuel series; Lord is One, Dagon smashed (ch 5).",1,wk-run 2019-04-28|2019-04,
4wtfaOLCYbIUssogykzSba,mapped,2019-05-12,,"Speak, For Your Servant Hears",,53,,,,"Wk 3: Speak, For Your Servant Hears",ai,book,0.95,1-samuel 3,"'Speak, for your servant hears' 1 Sam 3:10.",1,wk-run 2019-04-28|2019-04,
7jCOd5KzFGzIoq1TZDEIg1,mapped,2019-05-05,,One More Generation,,52,,,,Wk 2: One More Generation,ai,book,0.9,1-samuel 2,1 Samuel series; Eli's sons/raising children.,1,wk-run 2019-04-28|2019-04,
35OaSK9MVwTCzOvtA0h0eQ,mapped,2019-04-28,,In Due Time,,54,,,,Wk 1: In Due Time,ai,book,0.95,1-samuel 1,Wk1 of 1 Samuel series; Hannah's prayer.,1,wk-run 2019-04-28|2019-04,
2PzrCnYJivnwzdAQgGoVCF,unmapped,2019-04-21,,Mount Calvary // Easter,,55,,,,Wk 7: Mount Calvary // Easter,,book,0.6,john 19,"Calvary, it is finished",2,wk-run 2019-03-10|2019-03,
6uZQEcddz7Rxy5zzHbVj15,unmapped,2019-04-14,,Mount of Transfiguration,,52,,,,Wk 6: Mount of Transfiguration,,book,0.4,matthew 17; luke 9,Transfiguration,2,wk-run 2019-03-10|2019-03,
309r0XBe6nkJRT2Lspm3Ic,mapped,2019-04-07,,Temptation of Jesus,,43,John 5:39,,,Wk 5: Temptation of Jesus,regex,,,,,,wk-run 2019-03-10|2019-03,
2SaQLSnrnmcpXFbh7CweA3,mapped,2019-03-31,,Sermon on the Mount - Beatitudes,,51,,,,Wk 4: Sermon on the Mount - Beatitudes,ai,book,0.95,matthew 5,Sermon on the Mount Beatitudes.,1,wk-run 2019-03-10|2019-03,
3CqECtH4dULeIO0gpNK2wd,mapped,2019-03-24,,Mt Carmel,,56,,,,Wk 3: Mt Carmel,ai,book,0.95,1-kings 18,"Mt Carmel, Elijah vs Baal.",1,wk-run 2019-03-10|2019-03,
3RPf2zOMNU9dKgMVG6OKlJ,mapped,2019-03-17,,Mt Sinai,,56,,,,Wk 2: Mt Sinai,ai,book,0.85,exodus 19,Mount Sinai and the law,2,wk-run 2019-03-10|2019-03,
3uqHPzqhjFVu7EKOB8x8ob,mapped,2019-03-10,,Abraham and Isaac,,55,John 3:16,,,Wk 1: Abraham and Isaac,regex,,,,,,wk-run 2019-03-10|2019-03,
31GMoxyLzC85Qqp3WJT2nY,unmapped,2019-03-03,,Poured Out and Worth It,,45,,,,Wk 9: Poured Out and Worth It,,book,0.6,2-timothy 4,"Poured out, 2 Tim 4:6",2,wk-run 2019-01-06|2019-01,
6fOmqQSKGWyRphZrsZIXFz,unmapped,2019-02-24,,Comparison Kills,,50,,,,Wk 8: Comparison Kills,,unknown,0.5,,Comparison; no text,2,wk-run 2019-01-06|2019-01,
2cmAWYAq52DQNeQFW9YtMG,unmapped,2019-02-17,,Gospel Centrality,,57,,,,Wk 7: Gospel Centrality,,unknown,0.5,,Gospel centrality; no text,2,wk-run 2019-01-06|2019-01,
41cvjLsWLQMq89bySJf7y0,unmapped,2019-02-10,,Go Against the Flow,,53,,,,Wk 6: Go Against the Flow,,unknown,0.5,,"Go against the flow, Bible as anchor",2,wk-run 2019-01-06|2019-01,
4mkeivNHKFHbAihgDzE1Rq,mapped,2019-02-03,,Marks of the Growing Believer,,55,Proverbs 22:3,,,Wk 5: Marks of the Growing Believer,regex,,,,,,wk-run 2019-01-06|2019-01,
0bxEDFN9sdwRpFVbGSZY6w,mapped,2019-01-27,,Watch Your Mouth,,54,Luke 6:45,Ephesians 4:29,,Wk 4: Watch Your Mouth,regex,,,,,,wk-run 2019-01-06|2019-01,
7bbKgfyvvMsPRiFxLvNfcU,unmapped,2019-01-20,,Disciple-Making Disciples,,53,,,,Wk 3: Disciple-Making Disciples,,book,0.45,matthew 28,Disciple-making disciples,2,wk-run 2019-01-06|2019-01,
1MnHRFN6EOL9DsbzQ33XHq,unmapped,2019-01-13,,No Fear,,50,,,,Wk 2: No Fear,,unknown,0.5,,No fear; no text,2,wk-run 2019-01-06|2019-01,
3Sf9B18ZLrv2ecRlZ4pMnu,unmapped,2019-01-06,,Pass the Torch,,54,,,,Wk 1: Pass the Torch,,unknown,0.5,,Pass the torch; no text,2,wk-run 2019-01-06|2019-01,
1UZ8alb1nMFTbzLzKAm23D,unmapped,2018-12-30,Stand Alone,The Practice of Praise,Harry Ironside,42,,,,Stand Alone: The Practice of Praise,,topical,0.6,,"Thematic on praise, quotes Harry Ironside",2,stand alone|2018-12,
4OIGSqqcgoMqLnp3QV8Zvq,mapped,2018-12-23,,A Savior // CHRISTMAS EVE,,33,,,,Wk 5: A Savior // CHRISTMAS EVE,ai,book,0.85,luke 2,"A Savior, Christmas Eve",2,wk-run 2018-11-25|2018-11,
0BxX0oQCYgnyBdxq3249gW,unmapped,2018-12-16,,All People,,54,,,,Wk 4: All People,,book,0.65,luke 2,Good news for all people,2,wk-run 2018-11-25|2018-11,
7u4tiN2v2L9HbCTcDmP6Yb,unmapped,2018-12-09,,Great Joy,,53,,,,Wk 3: Great Joy,,book,0.7,luke 2,"Great joy, Luke 2:10",2,wk-run 2018-11-25|2018-11,
298Yx7F0wvlKZdffRGAPP2,mapped,2018-12-02,,Good News,,50,John 1:43-49,1 Corinthians 15:1-3; John 3:16; John 9; John 11:1-44,,Wk 2: Good News,regex,,,,,,wk-run 2018-11-25|2018-11,
0xn1juq6snLs8S6teHq6mh,unmapped,2018-11-25,,Fear Not,,40,,,,Wk 1: Fear Not,,book,0.5,luke 1,"Fear not, Advent",2,wk-run 2018-11-25|2018-11,
1iE8vudZLcmkiNNtAmZBuJ,unmapped,2018-11-11,,One True God,,58,,,,Wk 5: One True God,,topical,0.5,,"First fruits, one true God",2,wk-run 2018-10-14|2018-10,
7xFGdteLamonwhQnEuycyM,unmapped,2018-11-04,,One More Generation,,55,,,,Wk 4: One More Generation,,topical,0.55,,Raising the next generation,2,wk-run 2018-10-14|2018-10,
1KV8lEfzJ5vDa2g0ChSS7d,unmapped,2018-10-28,,One More,,54,,,,Wk 3: One More,,topical,0.6,,Generosity and reaching one more,2,wk-run 2018-10-14|2018-10,
20b5qcuHEt1AxRbddRZBgP,unmapped,2018-10-21,,One Church,,55,,,,Wk 2: One Church,,book,0.55,1-corinthians 12,One body with many members,2,wk-run 2018-10-14|2018-10,
785GCTa6t2j45g4KhV4wuv,unmapped,2018-10-14,,One Name,,51,,,,Wk 1: One Name,,topical,0.5,,One Name vision series,2,wk-run 2018-10-14|2018-10,
3fpbtwykZHSnuGdFCuqAhy,unmapped,2018-10-07,,Parents and Children,,54,,,,Wk 3: Parents and Children,,book,0.7,ephesians 6,"Parents and children, Eph 6:1-4",2,wk-run 2018-09-23|2018-09,
5sp302mpp95yfoA11ACIFQ,mapped,2018-09-30,,The Husband,,55,Ephesians 5:25,1 Corinthians 13:4-11,,Wk 2: The Husband,regex,,,,,,wk-run 2018-09-23|2018-09,
4c42sWslWjnuwZPd0o01yg,mapped,2018-09-23,,The Wife,,53,Proverbs 12:4,,,Wk 1: The Wife,regex,,,,,,wk-run 2018-09-23|2018-09,
2gzDrncLSpzlNHt2usIxCm,unmapped,2018-09-16,Saturated 2018,Sunday,Joby Martin,46,,,,Saturated 2018 - Sunday: Pastor Joby Martin,,book,0.8,john 3,Description paraphrases John 3:16 (God loved so gave),2,saturated 2018|2018-09,
0rMABOPZE5Ymjop8xFp7uI,unmapped,2018-09-14,Saturated 2018,Friday: Pastor J.D. Greear,,51,,,,Saturated 2018 - Friday: Pastor J.D. Greear,,topical,0.55,,Conference main-session talk,2,saturated 2018|2018-09,
0AS3tPo9HFGeLDUKnFWtgl,unmapped,2018-09-13,Saturated 2018,Thursday,Albert Tate,51,,,,Saturated 2018 - Thursday: Pastor Albert Tate,,topical,0.55,,Conference main-session talk,2,saturated 2018|2018-09,
3IVukCTloRynD8bs0ULPLC,unmapped,2018-09-12,Saturated,Saturated 2018: Wednesday,Ryan Kwon,56,,,yes,Saturated 2018 - Wednesday: - Pastor Ryan Kwon,,topical,0.55,,Conference main-session talk,2,saturated|2018-09,
73b0q0SSbfDt8I8boca2Fh,mapped,2018-09-09,,To The Only Wise God,,53,,,,Wk 34: To The Only Wise God,ai,book,0.9,romans 16,To the only wise God: Romans 16:25-27.,1,wk-run 2018-01-14|2018-01,
4Bl0ms1PvWlfvYSxg01zQP,mapped,2018-09-02,,To the Saints,,48,,,,Wk 33: To the Saints,ai,book,0.9,romans 16,"To the Saints, greeting honoring saints: Romans 16.",1,wk-run 2018-01-14|2018-01,
0gS2UwVbLaL7amueLajI67,mapped,2018-08-26,,Life on Mission,,52,,,,Wk 32: Life on Mission,series,book,0.75,romans 15,"Life on mission, Paul's ministry plans: Romans 15.",1,wk-run 2018-01-14|2018-01,wk-run 2018-01-14 (wk-run 2018-01-14|2018-01): romans 23.5/25.5 votes
4Stkf1jz7dsvBZRweWQVKp,mapped,2018-08-19,,Gospel Unity,John Wesley,50,,,,Wk 31: Gospel Unity,series,book,0.8,romans 14,"Gospel unity, non-essentials: Romans 14-15.",1,wk-run 2018-01-14|2018-01,wk-run 2018-01-14 (wk-run 2018-01-14|2018-01): romans 23.5/25.5 votes
6iJbCIoesXjdasNwjyzfx9,mapped,2018-08-12,,Love Rules,,56,,,,Wk 30: Love Rules,series,book,0.8,romans 13,Love is greatest commandment/fulfills the law: Romans 13:8-10.,1,wk-run 2018-01-14|2018-01,wk-run 2018-01-14 (wk-run 2018-01-14|2018-01): romans 23.5/25.5 votes
5ezdGNjekf5nY2NmNKI69s,mapped,2018-08-05,,Submit to Authority,,53,Matthew 22:20-21,,,Wk 29: Submit to Authority,regex,,,,,,wk-run 2018-01-14|2018-01,
3LovfCfxAsLMzfMHqqWibW,mapped,2018-07-29,,Symptoms of a Gospel Infected Life,,54,,,,Wk 28: Symptoms of a Gospel Infected Life,ai,book,0.9,romans 12,"Living sacrifice, love one another: Romans 12.",1,wk-run 2018-01-14|2018-01,
4wUDnrpf5JHiHKPNNkrZVs,mapped,2018-07-22,,The Body,,59,,,,Wk 27: The Body,ai,book,0.9,romans 12,"The body, many members: Romans 12:3-8.",1,wk-run 2018-01-14|2018-01,
3W0o2Bwem72Cy3ky6ZK8CD,mapped,2018-07-15,,Right Theology Leads to Right Doxology,,44,,,,Wk 26: Right Theology Leads to Right Doxology,series,book,0.8,romans 11,Theology to doxology: Romans 11:33-12:2.,1,wk-run 2018-01-14|2018-01,wk-run 2018-01-14 (wk-run 2018-01-14|2018-01): romans 23.5/25.5 votes
04vtfGMaAnrT78eV3qs9dN,mapped,2018-07-08,,It’s Not Too Late,,53,,,,Wk 25: It’s Not Too Late,series,book,0.8,romans 11,"Not too late, Israel/Gentiles grafting: Romans 11.",1,wk-run 2018-01-14|2018-01,wk-run 2018-01-14 (wk-run 2018-01-14|2018-01): romans 23.5/25.5 votes
7kyaPGj95s1atoQq1tmsjq,mapped,2018-07-01,,Amazing Grace,,53,,,,Wk 24: Amazing Grace,series,book,0.65,romans 11,"Grace, Son taking your place; sequence puts this in Romans 11.",1,wk-run 2018-01-14|2018-01,wk-run 2018-01-14 (wk-run 2018-01-14|2018-01): romans 23.5/25.5 votes
4CFMoqfTNUOhXBmnlPAufn,mapped,2018-06-24,,God’s Outstretched Arms,,55,,,,Wk 23: God’s Outstretched Arms,series,book,0.8,romans 10,'Do you hear? Do you understand?' outstretched arms is Romans 10:18-21.,1,wk-run 2018-01-14|2018-01,wk-run 2018-01-14 (wk-run 2018-01-14|2018-01): romans 23.5/25.5 votes
4eF0QXmmmVWIaZtbLjRLnM,mapped,2018-06-17,,Saved and Sent,,56,,,,Wk 22: Saved and Sent,series,book,0.8,romans 10,Saved and sent: Romans 10:9-15.,1,wk-run 2018-01-14|2018-01,wk-run 2018-01-14 (wk-run 2018-01-14|2018-01): romans 23.5/25.5 votes
6J52joBSvjCcQpUaOfFi2W,mapped,2018-06-10,,Sovereign Grace,,44,,,,Wk 21: Sovereign Grace,ai,book,0.9,romans 9,"God sovereignly chooses Israel, mercy: Romans 9.",1,wk-run 2018-01-14|2018-01,
7gb2J6lt8yhlm7NPecuyRJ,mapped,2018-06-03,,More Than Conquerors,,47,,,,Wk 20: More Than Conquerors,ai,book,0.9,romans 8,More than conquerors is Romans 8:37.,1,wk-run 2018-01-14|2018-01,
0IBxbjDB28kQw03ACo5M65,mapped,2018-05-27,,Sovereign Grace,,53,,,,Wk 19: Sovereign Grace,series,book,0.65,romans 8,"God's love despite circumstances, see the cross; Romans 8 (maybe 9).",1,wk-run 2018-01-14|2018-01,wk-run 2018-01-14 (wk-run 2018-01-14|2018-01): romans 23.5/25.5 votes
0JsRMdpiPMzFOmPcY1D01q,mapped,2018-05-20,,Chosen,,50,,,,Wk 18: Chosen,series,book,0.8,romans 8,"Not slaves to fear, children of God = Romans 8:15.",1,wk-run 2018-01-14|2018-01,wk-run 2018-01-14 (wk-run 2018-01-14|2018-01): romans 23.5/25.5 votes
3M2W0NkxUV09jEw39wjfx5,mapped,2018-05-13,,No Condemnation,,50,,,,Wk 17: No Condemnation,ai,book,0.85,romans 8,"Wk 17 of weekly series; 'No Condemnation' is Romans 8:1, sequence runs Romans 8-16 through Sept 2018.",1,wk-run 2018-01-14|2018-01,
0mVY7gMohtQGshQhVU7KjE,mapped,2018-05-06,,What is Wrong With Me?,,56,,,,Wk 16: What is Wrong With Me?,ai,book,0.88,romans 7,"Sinners need a Savior, Romans 7",1,wk-run 2018-01-14|2018-01,
7rOpZ6NxAJglKNTAZ43SIw,mapped,2018-04-29,,Compassion Weekend,,55,,,,Wk 15: Compassion Weekend,series,book,0.6,romans 6,"Compassion weekend, free by grace; Romans series",1,wk-run 2018-01-14|2018-01,wk-run 2018-01-14 (wk-run 2018-01-14|2018-01): romans 23.5/25.5 votes
32UeApNLG5EigX2lBIengP,mapped,2018-04-22,,The New You,,55,,,,Wk 14: The New You,ai,book,0.9,romans 6,"New you, freed from slavery to sin, Romans 6:15-23",1,wk-run 2018-01-14|2018-01,
6Zj9McNaOkfZOzzmlCMVKZ,mapped,2018-04-15,,Baptism,,50,,,,Wk 13: Baptism,ai,book,0.95,romans 6,"Baptism, Romans 6:1-14",1,wk-run 2018-01-14|2018-01,
1A4XK9kfwPmhO7FabgLV5O,mapped,2018-04-08,,"All From One, One For All",,50,,,,"Wk 12: All From One, One For All",ai,book,0.95,romans 5,"All from one, Adam and Christ, Romans 5:12-21",1,wk-run 2018-01-14|2018-01,
5NP42O2JxNHCiyKydopPly,unmapped,2018-04-01,,Easter 2018,,54,,,,Easter 2018,,topical,0.5,,"Easter sermon on fear and faith, no text evident.",2,,
5TIjLzixrkchbr7vkDQUKa,unmapped,2018-03-27,,Good Friday,,39,,,,Good Friday,,topical,0.45,,"Good Friday, no information.",2,,
1O1XUU6uD5eJJmHbrvL8zM,mapped,2018-03-25,,What’s So Amazing About Grace?,,43,,,,Wk 11: What’s So Amazing About Grace?,ai,book,0.88,romans 5,"Amazing grace, Romans 5:1-11",1,wk-run 2018-01-14|2018-01,
1Zsh4P6JWl0y7e0943Mq4Q,mapped,2018-03-18,,Hope Against Hope,,54,,,,Wk 10: Hope Against Hope,ai,book,0.9,romans 4,"Hope against hope, Romans 4:18",1,wk-run 2018-01-14|2018-01,
3pH4mNOtK8qPrJRybGw5sH,mapped,2018-03-11,,Saving Faith,,53,,,,Wk 9: Saving Faith,ai,book,0.9,romans 4,"Saving faith, Abraham Romans 4",1,wk-run 2018-01-14|2018-01,
2g3TpCDc3hm9tP3vkmlKRB,mapped,2018-03-04,,The Law and Faith,,39,,,,Wk 8: The Law and Faith,ai,book,0.85,romans 3,"Law and faith connected, Romans 3:31-4",1,wk-run 2018-01-14|2018-01,
0APBa4ZkNRlvMJ7VNWAjB7,mapped,2018-02-25,,A Right Standing With God,,52,,,,Wk 7: A Right Standing With God,ai,book,0.9,romans 3,"Right standing with God, Romans 3:21-31",1,wk-run 2018-01-14|2018-01,
6RiT9f7hhV0vzAS6rxHV6P,mapped,2018-02-18,,He is Faithful,,51,,,,Wk 6: He is Faithful,ai,book,0.88,romans 3,"God is faithful, Romans 3:1-8",1,wk-run 2018-01-14|2018-01,
3mb9fsM0fHIk8jMLyO3pT8,mapped,2018-02-11,,Religion Fails,,55,,,,Wk 5: Religion Fails,ai,book,0.88,romans 2,"Religion fails, Romans 2:17-3:20",1,wk-run 2018-01-14|2018-01,
69pVqFnFk1br8tB3bMe0I3,mapped,2018-02-04,,God’s Kindness,,50,,,,Wk 4: God’s Kindness,ai,book,0.9,romans 2,"God's kindness, Romans 2:1-4",1,wk-run 2018-01-14|2018-01,
5SAakc4Iz76yqM6KIi8pkO,mapped,2018-01-28,,The Power of Salvation,,53,,,,Wk 3: The Power of Salvation,ai,book,0.9,romans 1,"Power of salvation, Romans 1:16-17",1,wk-run 2018-01-14|2018-01,
4PisPudOV9c1E3UDhlXZay,mapped,2018-01-21,,Prayers of a Pastor,,56,Ephesians 3:14-21,,,Wk 2: Prayers of a Pastor,regex,,,,,,wk-run 2018-01-14|2018-01,
7Lc8IDDvBozq83iQIYhWBq,mapped,2018-01-14,,The Plan and Purpose of the Gospel,,53,,,,Wk 1: The Plan and Purpose of the Gospel,ai,book,0.95,romans 1,"Romans series Wk1, plan and purpose of the gospel",1,wk-run 2018-01-14|2018-01,
5oAbdkoj9gxkI2gRiNjC2q,unmapped,2018-01-07,,Vision 2018,,56,,,,Vision 2018,,topical,0.85,,Vision Sunday.,2,,
14GXOhepKuH1tYVpwGgb45,mapped,2017-12-31,Stand Alone,Of First Importance,,43,,,,Stand Alone: Of First Importance,ai,book,0.85,1-corinthians 15,Of first importance is 1 Cor 15:3,2,stand alone|2017-12,
6EtvzIP1BVWaRp8Hm1NuXl,unmapped,2017-12-24,,Here // Christmas Eve,,28,,,,Wk 5: Here // Christmas Eve,,book,0.45,luke 2,"Christmas Eve, not missing Jesus",2,wk-run 2017-11-26|2017-11,
7lquT6GdY6pgUa3CT6YTPB,unmapped,2017-12-17,,Savior of All,,41,,,,Wk 4: Savior of All,,book,0.5,luke 2,"Savior of all, nativity",2,wk-run 2017-11-26|2017-11,
4Z4hVhunn1uY8rzLyYIP2K,mapped,2017-12-10,,Before All Things,,59,John 1:31,John 3:30; Hebrews 11:35,,Wk 3: Before All Things,regex,,,,,,wk-run 2017-11-26|2017-11,
5r2e6JoG7vFE3GqfAnuAdj,mapped,2017-12-03,,The Promise Fulfilled,,50,,,,Wk 2: The Promise Fulfilled,ai,book,0.93,luke 1,"Mary faith surrender worship, Luke 1:26-56",1,wk-run 2017-11-26|2017-11,
3rgAZWVubNUQEeKCDfWfFs,unmapped,2017-11-26,,Answer to Prayers,,52,,,,Wk 1: Answer to Prayers,,book,0.65,luke 1,"Answer to prayers, Zechariah",2,wk-run 2017-11-26|2017-11,
0O0kR8EklHia9B8Gucku7e,unmapped,2017-11-19,,Pride,,46,,,,Wk 4: Pride,,topical,0.5,,Pride as spiritual cancer; no text,2,wk-run 2017-10-29|2017-10,
4xXTYaOxi6O3HdUiKvv1zO,unmapped,2017-11-12,,Power,,56,,,,Wk 3: Power,,topical,0.4,,Power; no text,2,wk-run 2017-10-29|2017-10,
2lacs0zZkd98BMoGVq8mmH,unmapped,2017-11-05,,Money,,53,,,,Wk 2: Money,,topical,0.5,,"Money as idol, no text",2,wk-run 2017-10-29|2017-10,
2bR1V4D2yxZXtMegCpoMtc,unmapped,2017-10-29,,Sex,,53,,,,Wk 1: Sex,,book,0.6,1-corinthians 6,Flee sexual immorality,2,wk-run 2017-10-29|2017-10,
5LAzGmeYDhpGw8LHHsfTde,mapped,2017-10-22,,Love Sacrifices,,52,,,,Wk 5: Love Sacrifices,ai,book,0.85,john 3,God so loved he gave,2,wk-run 2017-09-24|2017-09,
4yHJlLSE9IOr3H1rVBqrSU,unmapped,2017-10-15,,Love Shares,,58,,,,Wk 4: Love Shares,,book,0.4,luke 19,Love shares good news,2,wk-run 2017-09-24|2017-09,
0VlwrQMipH8cpOvqkpvsvg,mapped,2017-10-08,,Love Serves,,56,1 John 4:7-11,,,Wk 3: Love Serves,regex,,,,,,wk-run 2017-09-24|2017-09,
7a2Ujb9sxXVcgI2eaDMYvu,unmapped,2017-10-01,,Love Accepts,,52,,,,Wk 2: Love Accepts,,book,0.4,romans 15,"Love accepts, as Christ accepted us",2,wk-run 2017-09-24|2017-09,
1vvzCD7PcoIcYWl0VcTzmS,mapped,2017-09-24,,Who is My Neighbor?,,58,,,,Wk 1: Who is My Neighbor?,ai,book,0.85,luke 10,"Who is my neighbor, good Samaritan",2,wk-run 2017-09-24|2017-09,
6Tlxs0OD0mPvcePfqs9rr2,unmapped,2017-09-17,Saturated 2017,Sunday,Joby Martin,44,,,,Saturated 2017 - Sunday: Pastor Joby Martin,,topical,0.55,,Conference main-session talk,2,saturated 2017|2017-09,
2qOXcorm3vIBX5k4wIioeo,unmapped,2017-09-17,,Holy Spirit,,44,,,,Wk 4: Holy Spirit,,book,0.35,john 16,Holy Spirit glorifies Jesus,2,wk-run 2017-08-27|2017-08,
0LwXmKdu1occAuTBlDLkHp,unmapped,2017-09-15,Saturated 2017,Friday,Dr. Eric Mason,58,,,,Saturated 2017 - Friday: Pastor Eric Mason,,topical,0.55,,Conference main-session talk,2,saturated 2017|2017-09,
34nrQRaxnDjwK6IVwVRdtc,unmapped,2017-09-14,Saturated 2017,Thursday: Pastor J.D. Greear,,54,,,,Saturated 2017 - Thursday: Pastor J.D. Greear,,topical,0.55,,Conference main-session talk,2,saturated 2017|2017-09,
2bTjSJBWh2J10Nz0tq2c8K,unmapped,2017-09-13,Saturated 2017,Wednesday,Matt Chandler,58,,,,Saturated 2017 - Wednesday: Pastor Matt Chandler,,topical,0.55,,Conference main-session talk,2,saturated 2017|2017-09,
2x1jbZGW4TxuEaPIDeX9d8,unmapped,2017-09-10,,A Pursuit of Holiness,,57,,,,Wk 3: A Pursuit of Holiness,,book,0.55,romans 6,"Holiness, slaves to God",2,wk-run 2017-08-27|2017-08,
6xJq6DcPCVoTCF0Y6jeXfl,unmapped,2017-09-03,,Humble Prayer,,48,,,,Wk 2: Humble Prayer,,book,0.45,2-chronicles 7,Humble prayer in a revival series,2,wk-run 2017-08-27|2017-08,
3Wp3MxLse1jGjeMOW8sXN5,mapped,2017-08-27,,A Desire for God,,53,Psalm 42,,,Wk 1: A Desire for God,regex,,,,,,wk-run 2017-08-27|2017-08,
5oTKffT7jaArwanZh5N7dx,unmapped,2017-08-20,Act Like Men; Revisited,A Worthy Woman,,56,,,,Act Like Men; Revisited - A Worthy Woman,,topical,0.5,,"Women's event talk, mixes Romans 12 and Eve.",2,act like men revisited|2017-08,
40o9n9vqZkxqRpNEFHA97E,mapped,2017-08-13,,The Sovereignty of God in Our Posterity,,42,,,,Wk 6: The Sovereignty of God in Our Posterity,ai,book,0.88,ruth 4,"Posterity, Obed and genealogy Ruth 4",1,wk-run 2017-07-09|2017-07,
0WVijv27RipFhaTIJBG8CV,mapped,2017-08-06,,The Sovereignty of God in Our Perfect Redeemer,,54,,,,Wk 5: The Sovereignty of God in Our Perfect Redeemer,ai,book,0.9,ruth 3,"Kinsman redeemer, Ruth 3-4",1,wk-run 2017-07-09|2017-07,
0KL6l5kdpGdHjXfODUl2OK,mapped,2017-07-30,,The Sovereignty of God in Our Pursuit of Purity,,60,,,,Wk 4: The Sovereignty of God in Our Pursuit of Purity,series,book,0.82,ruth 3,"Ruth series; purity, Ruth at the threshing floor",1,wk-run 2017-07-09|2017-07,wk-run 2017-07-09 (wk-run 2017-07-09|2017-07): ruth 3.5/3.5 votes
5xn4azxBYabSWEZ2mk3oeA,mapped,2017-07-23,,The Sovereignty of God in Our Provision,,53,,,,Wk 3: The Sovereignty of God in Our Provision,series,book,0.8,ruth 2,"Ruth series; provision, gleaning",1,wk-run 2017-07-09|2017-07,wk-run 2017-07-09 (wk-run 2017-07-09|2017-07): ruth 3.5/3.5 votes
3w7Ltau7fLtZooDNUp2bg9,mapped,2017-07-16,,The Sovereignty of God in Our Perseverance,,50,,,,Wk 2: The Sovereignty of God in Our Perseverance,ai,book,0.85,ruth 2,"Ruth series; work from favor, gleaning in Boaz field",1,wk-run 2017-07-09|2017-07,
3YnF8AbQGVxSEKknuBmUPG,mapped,2017-07-09,,The Sovereignty of God in Pain,,54,,,,Wk 1: The Sovereignty of God in Pain,ai,book,0.88,ruth 1,"Sovereignty of God series maps to Ruth (pain, Naomi); Wk5-6 redeemer/posterity",1,wk-run 2017-07-09|2017-07,
32uytGygLuID73Hl9Ren4z,unmapped,2017-07-02,,Mustard Seed,,55,,,,Wk 11: Mustard Seed,,book,0.5,matthew 13,Mustard seed parable,2,wk-run 2017-04-23|2017-04,
3pFh84hGUrU17TjDJIcLSG,mapped,2017-06-25,,The Parable of the Great Banquet,,54,,,,Wk 10: The Parable of the Great Banquet,ai,book,0.95,luke 14,Parable of the Great Banquet Luke 14:15-24,1,wk-run 2017-04-23|2017-04,
1dimSvhuG4wpCbDpjYKrx7,unmapped,2017-06-18,,Don’t Waste Your Life,,57,,,,Wk 9: Don’t Waste Your Life,,unknown,0.5,,Treasure Christ; no text evident,2,wk-run 2017-04-23|2017-04,
0lBVwEFOOJi2JFx8QVUKQc,unmapped,2017-06-11,,Flirt or Follow?,,55,,,,Wk 8: Flirt or Follow?,,book,0.4,luke 9,Follow Jesus on His terms,2,wk-run 2017-04-23|2017-04,
5LXy0vkIGxdJ6fAqUCmnNq,mapped,2017-06-04,,The Good Samaritan,,57,,,,Wk 7: The Good Samaritan,ai,book,0.95,luke 10,Good Samaritan Luke 10:25-37,1,wk-run 2017-04-23|2017-04,
4O1ND9S6hvn2moDKwlUpmI,mapped,2017-05-28,,Laborers in the Vineyard,,50,,,,Wk 6: Laborers in the Vineyard,ai,book,0.93,matthew 20,Laborers in the vineyard Matt 20:1-16,1,wk-run 2017-04-23|2017-04,
16dzCllS1mFSdr8BilEJUl,unmapped,2017-05-21,,Humble Yourself,,54,,,,Wk 5: Humble Yourself,,book,0.6,luke 18,"Humble, Pharisee and tax collector",2,wk-run 2017-04-23|2017-04,
2Q3zXkeO9ScItFNLShtAyC,unmapped,2017-05-14,,How to Pray,,54,,,,Wk 4: How to Pray,,book,0.55,luke 18,Persistent prayer parable,2,wk-run 2017-04-23|2017-04,
1UgpuCsc3ivFgHJIpBNb7u,mapped,2017-05-07,,Rich Toward God,,56,,,,Wk 3: Rich Toward God,ai,book,0.9,luke 12,"Rich toward God, rich fool Luke 12:16-21",1,wk-run 2017-04-23|2017-04,
2CPipMxPJiPnaoTIMoo7mE,unmapped,2017-04-30,,Forgiveness,,53,,,,Wk 2: Forgiveness,,book,0.7,matthew 18,"Forgiveness, unforgiving servant",2,wk-run 2017-04-23|2017-04,
1OblLzxfZxcPXjRpqqRtaA,unmapped,2017-04-23,,Good Soil,,57,,,,Wk 1: Good Soil,,book,0.45,matthew 13,"Parable of the sower, good soil",2,wk-run 2017-04-23|2017-04,
5knvfTtPKHdpDxbVjgnlwZ,unmapped,2017-04-16,,Easter 2017,Follow Me,56,,,,Easter 2017: Follow Me,,topical,0.5,,"Easter sermon, no evident text beyond Follow Me theme.",2,,
1obO4pYSIPwqhbPdtSPleU,unmapped,2017-04-11,,Good Friday 2017,Follow Me,58,,,,Good Friday 2017: Follow Me,,topical,0.5,,"Good Friday sermon, no evident text.",2,,
7GsDTI3EdfYr7MYbQcdvxY,mapped,2017-04-09,,My Ministry,,53,,,,Wk 14: My Ministry,ai,book,0.9,colossians 4,"Fulfill the ministry, Col 4:17",1,wk-run 2017-01-15|2017-01,
0dopSGgBl8H9ErGKFJhGAX,mapped,2017-04-02,,One More,,57,Luke 19:10,John 3:17,,Wk 13: One More,regex,,,,,,wk-run 2017-01-15|2017-01,
4LuDOwOI2b0JeiWYRiu3eW,mapped,2017-03-26,,A Journey of Prayer,,51,Matthew 7:7-11,,,Wk 12: A Journey of Prayer,regex,,,,,,wk-run 2017-01-15|2017-01,
49ANnKvZYgFffP4Depvuoe,mapped,2017-03-19,,Parenting,,53,Psalm 127,,,Wk 11: Parenting,regex,,,,,,wk-run 2017-01-15|2017-01,
4ISKczMGlxepb06aMhc1L6,mapped,2017-03-12,,Husbands and Wives,,57,,,,Wk 10: Husbands and Wives,ai,book,0.88,colossians 3,"Husbands and wives, Col 3:18-19",2,wk-run 2017-01-15|2017-01,
2HUAgKabRdqdGaICkNkPmA,mapped,2017-03-05,,Work Unto the Lord,,46,Colossians 3:23,,,Wk 9: Work Unto the Lord,regex,,,,,,wk-run 2017-01-15|2017-01,
6DAZrS6RyNnLVHjMHxqnkA,mapped,2017-02-26,,Symptoms of A Gospel Infected Heart,,52,Matthew 22:37-40,John 15:4,,Wk 8: Symptoms of A Gospel Infected Heart,regex,,,,,,wk-run 2017-01-15|2017-01,
7eWCKIljP9wk9n8uMaPbVy,mapped,2017-02-19,,Mortification and Vivification,,56,,,,Wk 7: Mortification and Vivification,ai,book,0.88,colossians 3,"Put to death sin, Col 3",2,wk-run 2017-01-15|2017-01,
5B2HI3XsxDFiGzLD7M5C68,unmapped,2017-02-12,,Religion vs Relationship,,55,,,,Wk 6: Religion vs Relationship,,book,0.75,colossians 2,Religion vs relationship,2,wk-run 2017-01-15|2017-01,
76oon9JU1OH233yVi1odSO,mapped,2017-02-05,,No Condemnation,,51,Romans 8:1,Matthew 11:28-30,,Wk 5: No Condemnation,regex,,,,,,wk-run 2017-01-15|2017-01,
0pvLmY6lwNUSF5wZnTW8id,unmapped,2017-01-22,,Rescue Team,,59,,,,Wk 3: Rescue Team,,book,0.7,colossians 1,"Rescue team, Col 1",2,wk-run 2017-01-15|2017-01,
6J0Y7amMBqAfX4pw082qRf,mapped,2017-01-15,,Preeminent,,54,,,,Wk 2: Preeminent,ai,book,0.85,colossians 1,"Preeminent, Col 1:15-20",2,wk-run 2017-01-15|2017-01,
5DCITXZl7oREAyh3hQ803B,mapped,2017-01-01,,Grace From Start To Finish,,52,,,,Grace From Start To Finish,ai,book,0.92,colossians,Description says Colossians is all about grace,1,,
3jauwOBlCXrUJIIaRQ43gE,mapped,2016-12-24,,Jesus,,29,Isaiah 9:6,Matthew 1:21,,Wk 6: Jesus,regex,,,,,,wk-run 2016-11-20|2016-11,
4R5hKYDD7kP1BTJkx3YI2j,mapped,2016-12-18,,Immanuel,,56,Matthew 1:22-23,Luke 19:10,,Wk 5: Immanuel,regex,,,,,,wk-run 2016-11-20|2016-11,
2ac4OZogfzIUC2x9JweCrX,mapped,2016-12-11,,Prince of Peace,,52,John 16:33,,,Wk 4: Prince of Peace,regex,,,,,,wk-run 2016-11-20|2016-11,
4hdYfnwsiUzSZwlLSd90Xn,mapped,2016-12-04,,Everlasting Father,,59,Romans 8:15,,,Wk 3: Everlasting Father,regex,,,,,,wk-run 2016-11-20|2016-11,
72n5V5JQ7uASIopcrIkzVi,unmapped,2016-11-27,,Mighty God,,44,,,,Wk 2: Mighty God,,book,0.55,isaiah 9,"Mighty God, Isaiah 9:6 names series",2,wk-run 2016-11-20|2016-11,
0UhmGFbgPgiQhXNOjd5h4E,mapped,2016-11-20,,Wonderful Counselor,,60,Isaiah 9:6,,,Wk 1: Wonderful Counselor,regex,,,,,,wk-run 2016-11-20|2016-11,
4ny9J4EFCSP3CS0TS5JkNN,mapped,2016-11-13,,"Outside the Kingdom, Hell",,52,1 Timothy 2:3-4,Revelation 22:17,,"Wk 2: Outside the Kingdom, Hell",regex,,,,,,wk-run 2016-11-06|2016-11,
3vTtvEjiNu8F4Fitp8iCTY,unmapped,2016-11-06,,The Kingdom of God,,52,,,,Wk 1: The Kingdom of God,,book,0.7,matthew 6,"Lord's Prayer, kingdom come",2,wk-run 2016-11-06|2016-11,
1tzjpv41wExKxjgH7ZvR1L,unmapped,2016-10-30,,Love,,57,,,,Wk 5: Love,,book,0.55,1-corinthians 16,"Love, 1 Cor 16:14 Act Like Men series",2,wk-run 2016-09-25|2016-09,
2dmw6T0bkmSBuSICPUNFeT,mapped,2016-10-23,,Be Strong,,57,Luke 11:21,2 Corinthians 12:10; Joshua 1:9,,Wk 4: Be Strong,regex,,,,,,wk-run 2016-09-25|2016-09,
5y0VgLI6LyH7NrZqmOtwTG,mapped,2016-10-16,,Stand Firm,,56,Exodus 15:3,Genesis 1:27; Ephesians 6:12,,Wk 3: Stand Firm,regex,,,,,,wk-run 2016-09-25|2016-09,
02c0HSXb3oeswEKgG3bRxD,unmapped,2016-10-02,,Watch Out!,,56,,,,Wk 2: Watch Out!,,book,0.45,1-peter 5; 1-corinthians 16,"Watch out, devoured, 1 Pet 5:8 / 1 Cor 16:13",2,wk-run 2016-09-25|2016-09,
5osYkIwYu9mLkBA8JYhnRq,mapped,2016-09-25,,Where Have All the Good Men Gone?,Teddy Roosevelt,50,Romans 5:17,,,Wk 1: Where Have All the Good Men Gone?,regex,,,,,,wk-run 2016-09-25|2016-09,
2EtwSii8eWECf3rrhnWdnd,unmapped,2016-09-18,,Deepen a Relationship with Jesus Christ,,55,,,,Wk 8: Deepen a Relationship with Jesus Christ,,topical,0.85,,Church vision: deepen,2,wk-run 2016-07-31|2016-07,
1mlNXTOsKObRfWp3rdgN3d,unmapped,2016-09-17,Saturated 2016,Saturday,Ryan Stone,25,,,,Saturated 2016 - Saturday: Pastor Ryan Stone,,topical,0.55,,Conference main-session talk,2,saturated 2016|2016-09,
3xjBsxchgqhHt5x9IFwDiJ,unmapped,2016-09-15,Saturated 2016,Thursday,Ray Cortese,62,,,,Saturated 2016 - Thursday: Pastor Ray Cortese,,topical,0.55,,Conference main-session talk,2,saturated 2016|2016-09,
4wwfD2Im7p5jFZqUjNhU3D,unmapped,2016-09-14,Saturated 2016,Wednesday,Ryan Kwon,56,,,,Saturated 2016 - Wednesday: Pastor Ryan Kwon,,topical,0.55,,Conference main-session talk,2,saturated 2016|2016-09,
5QBDmJnOzoi38lnH4LbXnW,unmapped,2016-09-11,,Discover,,84,,,,Wk 7: Discover,,topical,0.85,,Church vision: discover,2,wk-run 2016-07-31|2016-07,
6vWJsw3kZu6pVppylNq3c3,mapped,2016-09-04,,All People,,58,Philippians 2:1-5,,,Wk 6: All People,regex,,,,,,wk-run 2016-07-31|2016-07,
5bIi6gGD8G9vmrYDzMicBD,unmapped,2016-08-28,,A Movement,,56,,,,Wk 5: A Movement,,topical,0.85,,Church vision: a movement,2,wk-run 2016-07-31|2016-07,
465sZxGeqKwirF5cKZCyRP,mapped,2016-08-21,,Sacrificial Love,,54,John 15:13,,,Wk 4: Sacrificial Love,regex,,,,,,wk-run 2016-07-31|2016-07,
7M6rP33Aphm2TOc2OtEyuQ,mapped,2016-08-07,,Christ-Like Character,,59,Matthew 5:16,,,Wk 2: Christ-Like Character,regex,,,,,,wk-run 2016-07-31|2016-07,
2pJwYvxmCNCEAX4z5kloL7,unmapped,2016-07-31,,Biblical Integrity,,48,,,,Wk 1: Biblical Integrity,,topical,0.5,,"Biblical integrity, church vision series",2,wk-run 2016-07-31|2016-07,
2MbQLDiK0SCEqio8ma2fy3,unmapped,2016-07-24,,How Did We Get Here?,Martin Luther,62,,,,Wk 8: How Did We Get Here?,,topical,0.5,,How did we get here; national repentance theme,2,wk-run 2016-06-05|2016-06,
6twR6GQ2hn9OHKfGq7j925,unmapped,2016-07-17,,The Master We Serve,,49,,,,Wk 7: The Master We Serve,,unknown,0.6,,No description,2,wk-run 2016-06-05|2016-06,
5mZriyhGfMtG603sX85aM9,unmapped,2016-07-10,,The Dangers Of Religion,,58,,,,Wk 6: The Dangers Of Religion,,unknown,0.5,,Dangers of religion; no text,2,wk-run 2016-06-05|2016-06,
1t4gAhbt5eepyJsoz7WWvx,mapped,2016-07-03,,How The Mighty Fall,,59,1 John 2:16-17,,,Wk 5: How The Mighty Fall,regex,,,,,,wk-run 2016-06-05|2016-06,
6jMAXKLuN4CNiHNFONLwZt,unmapped,2016-06-26,,Scared? Me Too,,56,,,,Wk 4: Scared? Me Too,,unknown,0.5,,God gives courage to the called; no text,2,wk-run 2016-06-05|2016-06,
3Io6KoO0jYnlB0EvaeqpEd,unmapped,2016-06-19,,Obedience,,57,,,,Wk 3: Obedience,,unknown,0.5,,Obedience and call; no text,2,wk-run 2016-06-05|2016-06,
2BNN6mcaKhU1go6XyjPmMi,mapped,2016-06-12,,God’s Will In Our Weakness,,55,2 Corinthians 12:10,,,Wk 2: God’s Will In Our Weakness,regex,,,,,,wk-run 2016-06-05|2016-06,
3FmRNXy6TpZnOgGfFe8GpX,unmapped,2016-06-05,,Breaking the Cycle,Martin Luther,60,,,,Wk 1: Breaking the Cycle,,book,0.35,judges 2,"Breaking the cycle of repentance, possibly Judges",2,wk-run 2016-06-05|2016-06,
4rdI422MLqZ9FhNsqAZMDY,mapped,2016-05-29,,Peace! Be Still,Ryan Kwon,52,John 16:33,,,Wk 10: Peace! Be Still,regex,,,,,,wk-run 2016-03-27|2016-03,
1g8fzarlO7JQDiC2ld1aE9,mapped,2016-05-22,,Unbind Him,,52,2 Corinthians 5:17,,,Wk 9: Unbind Him,regex,,,,,,wk-run 2016-03-27|2016-03,
4KRt7wnkxze2bkkNrkXLA6,mapped,2016-05-15,,Desperate Prayer,,59,Philippians 4:6-7,,,Wk 8: Desperate Prayer,regex,,,,,,wk-run 2016-03-27|2016-03,
2Gy9sJrX3uTpO1o3btpeN2,unmapped,2016-05-08,,Take Up your Mat...,,59,,,,Wk 7: Take Up your Mat...,,book,0.5,john 5,"Take up your mat, healing at Bethesda",2,wk-run 2016-03-27|2016-03,
4wmBE47xVjcBi7msNia3vw,mapped,2016-05-01,,Demons,Robert Morris,48,Mark 9:24,,,Wk 6: Demons,regex,,,,,,wk-run 2016-03-27|2016-03,
1BFk2fTn4qkZdMxhHKGPG4,mapped,2016-04-24,,A Man Born Blind,,57,,,,Wk 5: A Man Born Blind,ai,book,0.92,john 9,"Man born blind, John 9",1,wk-run 2016-03-27|2016-03,
38xhdEjipjtHbxPdti6ieY,unmapped,2016-04-10,,Friends,,56,,,,Wk 3: Friends,,unknown,0.4,,Friends; could be John 1 or Mark 2,2,wk-run 2016-03-27|2016-03,
12MXqPvsl0n5shs32husDo,unmapped,2016-04-03,,Signs,,53,,,,Wk 2: Signs,,book,0.65,john 2,"Signs, miracles pointing to redemption",2,wk-run 2016-03-27|2016-03,
5yweMwjoKG1Vlflj5qS8x3,unmapped,2016-03-27,,The Riches of His Grace,,52,,,,Wk 1: The Riches of His Grace,,unknown,0.5,,Riches of grace; no text evident,2,wk-run 2016-03-27|2016-03,
65GP75CsUU4xf1UMyA5HLD,unmapped,2016-03-20,,Choose This Day,,52,,,,Wk 11: Choose This Day,,book,0.8,joshua 24,"Choose this day, Joshua 24:15",2,wk-run 2016-01-10|2016-01,
7z06LjtVYCGY2fqlROIVOx,mapped,2016-03-13,,Accountability,,55,Proverbs 27:6,,,Wk 10: Accountability,regex,,,,,,wk-run 2016-01-10|2016-01,
3wpRDa44Sv2lF3pS0ASj2z,mapped,2016-03-06,,Promise,,50,Romans 5:8,Romans 8:32,,Wk 9: Promise,regex,,,,,,wk-run 2016-01-10|2016-01,
6hHxDfiC5vq6T4ZEOjxTCS,mapped,2016-02-28,,City of Refuge,,50,Romans 5:8,Hebrews 4:14-16,,Wk 8: City of Refuge,regex,,,,,,wk-run 2016-01-10|2016-01,
5qSK6oTK5fwkNI62dLNUtq,mapped,2016-02-21,,"Big Prayers, Big God",,59,Acts 4:23-31,James 5:13-16,,"Wk 7: Big Prayers, Big God",regex,,,,,,wk-run 2016-01-10|2016-01,
5bG174mQDYnb0UUkPWiCqR,mapped,2016-02-14,,Devoted,,59,Matthew 6:24-25,,,Wk 6: Devoted,regex,,,,,,wk-run 2016-01-10|2016-01,
5KRFi4Hby3oUDujsAVtuDs,mapped,2016-02-07,,Glory Days,,52,1 Corinthians 1:25,,,Wk 5: Glory Days,regex,,,,,,wk-run 2016-01-10|2016-01,
1ZKqu9yvvXSyhLhABZsLi9,unmapped,2016-01-31,,The Glory of God,,51,,,,Wk 4: The Glory of God,,book,0.45,1-corinthians 1,"Glory of God, ties to 1 Cor 1 next week",2,wk-run 2016-01-10|2016-01,
0v4TfjW088ahoPotZllFfo,mapped,2016-01-24,,Vision Realized,,54,Joshua 3:5,,,Wk 3: Vision Realized,regex,,,,,,wk-run 2016-01-10|2016-01,
5LpuaMAoOw7GYIcCK4JfDc,mapped,2016-01-17,,Scarlet Thread,,40,,,,Wk 2: Scarlet Thread,ai,book,0.88,joshua 2,Rahab and the scarlet thread,2,wk-run 2016-01-10|2016-01,
3f8bCtMfZAdIflopPLhjwx,mapped,2016-01-10,,Strength and Courage,,53,John 15:4-10,,,Wk 1: Strength and Courage,regex,,,,,,wk-run 2016-01-10|2016-01,
6yGWyjRh5g9261rfR1I2hc,unmapped,2016-01-03,Stand Alone,The Lord’s Supper,,32,,,,Stand Alone: The Lord’s Supper,,book,0.6,1-corinthians 11,"Lords Supper teaching, most likely 1 Cor 11 (new covenant)",2,stand alone|2015-09,
2ezjF0EQHs6PQ0JsZ95FFv,mapped,2015-12-27,,Road Blocks To Hope,,55,Acts 15:19,,,Wk 5: Road Blocks To Hope,regex,,,,,,wk-run 2015-11-29|2015-11,
0OZ4EDnz5h6ji3k1jz6x2x,unmapped,2015-12-24,Unexpected Hope,Christmas Eve,,25,,,,Unexpected Hope - Christmas Eve,,book,0.55,luke 2,"Christmas Eve rescue-mission message, likely Luke 2",2,unexpected hope|2015-12,
4R1EsIXqnXooP17e1I5Jw2,unmapped,2015-12-20,,Seek and Save,,55,,,,Wk 4: Seek and Save,,book,0.8,luke 19,"Seek and save the lost, Luke 19:10",2,wk-run 2015-11-29|2015-11,
4nv4AC7uitU7Gmn8rEXNiU,mapped,2015-12-13,,How to Have a Great Christmas,Tim Keller,49,Philippians 2:5-8,,,Wk 3: How to Have a Great Christmas,regex,,,,,,wk-run 2015-11-29|2015-11,
031jqUMPOxcCKIycWMHbw9,mapped,2015-12-06,,Where is Your Hope?,,51,Matthew 7:24-27,,,Wk 2: Where is Your Hope?,regex,,,,,,wk-run 2015-11-29|2015-11,
5bUCCyAvxOEqQQ6oQ7tKhm,unmapped,2015-11-29,,"Fully God, Fully Man",,51,,,,"Wk 1: Fully God, Fully Man",,topical,0.5,,"Advent: fully God, fully man, no single text",2,wk-run 2015-11-29|2015-11,
2Q77NX6ziZNPAN5QhrHDkJ,unmapped,2015-11-22,,Step of Faith,,58,,,,Wk 5: Step of Faith,,book,0.75,john 14,"Greater works, step of faith",2,wk-run 2015-10-25|2015-10,
5eSZmeAIk52V1bsUHpEffQ,mapped,2015-11-15,,Life That Is Truly Life,Jim Elliot,53,,,,Wk 4: Life That Is Truly Life,ai,book,0.85,1-timothy 6,"Life that is truly life, 1 Tim 6:17-19",2,wk-run 2015-10-25|2015-10,
5Z3Q39XIgCFwGfm1lmAO9o,unmapped,2015-11-08,,The Secret To Contentment,John Piper,49,,,,Wk 3: The Secret To Contentment,,book,0.5,philippians 4; 1-timothy 6,Secret of contentment,2,wk-run 2015-10-25|2015-10,
5WQfIPxiK7stWoQaiSFc6H,unmapped,2015-11-01,,Middle Management,Francis Chan,62,,,,Wk 2: Middle Management,,book,0.5,matthew 25,"Time, talent, treasure; parable of talents",2,wk-run 2015-10-25|2015-10,
5VCFYLy2e9HwQI3L73zZps,mapped,2015-10-25,,First Fruits,,48,Colossians 1:21-23,,,Wk 1: First Fruits,regex,,,,,,wk-run 2015-10-25|2015-10,
3x95m5Z9ax91LcdE9REO5T,mapped,2015-10-18,,Never Forget,,53,Deuteronomy 6:20,Deuteronomy 6-20,,Wk 6: Never Forget,regex,,,,,,wk-run 2015-09-13|2015-09,
3yCizFKfMudm132d2RbeEi,mapped,2015-10-11,,Legacy,,54,Deuteronomy 6:4-9,,,Wk 5: Legacy,regex,,,,,,wk-run 2015-09-13|2015-09,
2zLp3dNxNaxKSC1DfZuQIl,mapped,2015-09-20,,Love God With All Your Heart,,58,Galatians 4:6-7,,,Wk 2: Love God With All Your Heart,regex,,,,,,wk-run 2015-09-13|2015-09,
0tX1arFdmrHYNqQTLOVbnV,unmapped,2015-09-19,Saturated,Saturated 2015: Saturday,Ben Williams,36,,,yes,Saturated 2015 -Saturday: Pastor Ben Williams,,topical,0.55,,Conference main-session talk,2,saturated|2015-09,
2ZEioZPv0v8SZtDC6iv8N1,unmapped,2015-09-18,Saturated 2015,Friday,Dr. Eric Mason,55,,,,Saturated 2015 - Friday: Pastor Eric Mason,,topical,0.55,,Conference main-session talk,2,saturated 2015|2015-09,
72WOMV6QnX6iQB3i6dc2td,unmapped,2015-09-17,Saturated 2015 -Thursday,Pastor Leonce Crump,,47,,,,Saturated 2015 -Thursday: Pastor Leonce Crump,,topical,0.55,,Conference main-session talk,2,saturated 2015 thursday|2015-09,
3qQLGN1bm8JtjvxIZU8yEL,unmapped,2015-09-16,Saturated 2015,Wednesday,Josh Turner,54,,,,Saturated 2015 - Wednesday: Pastor Josh Turner,,topical,0.55,,Conference main-session talk,2,saturated 2015|2015-09,
79esHyfA8ZeujVsaa30bAv,mapped,2015-09-13,,The Lord,Matt Chandler,55,Revelation 3:20,,,Wk 1: The Lord,regex,,,,,,wk-run 2015-09-13|2015-09,
5hxdZZ799pdJbaGLsHhxaN,mapped,2015-09-06,Stand Alone,Lord Teach Us to Pray,,56,,,,Stand Alone: Lord Teach Us to Pray,ai,book,0.85,luke 11,"Lord, teach us to pray is Luke 11:1",2,stand alone|2015-09,
7AsJzYCe03UW1q64cP4iPR,unmapped,2015-08-30,,My Limitations,,56,,,,Wk 6: My Limitations,,unknown,0.5,,Platt quote on limitations; no text evident,2,wk-run 2015-07-26|2015-07,
3FkPtPN1JMwBxJIsClcGBk,mapped,2015-08-23,,My Despair,,56,John 3:14-18,,,Wk 5: My Despair,regex,,,,,,wk-run 2015-07-26|2015-07,
2CxEVnVo08y0PlphvZhWK6,mapped,2015-08-16,,My Anger,,51,Ephesians 4:26-27,James 1:19-20,,Wk 4: My Anger,regex,,,,,,wk-run 2015-07-26|2015-07,
0ZGPXqZE7rFyICFWasCZxI,mapped,2015-08-09,,My Fear,,57,Matthew 28:17-20,,,Wk 3: My Fear,regex,,,,,,wk-run 2015-07-26|2015-07,
4eYYR7MnlMG1xvGrghTf3A,unmapped,2015-08-02,,My Discontentment,,47,,,,Wk 2: My Discontentment,,unknown,0.5,,My Discontentment; no text evident,2,wk-run 2015-07-26|2015-07,
55Ltz7aLR3C34fQAGC72tV,unmapped,2015-07-26,,My Guilt,,53,,,,Wk 1: My Guilt,,unknown,0.5,,My Guilt; no text evident,2,wk-run 2015-07-26|2015-07,
7mZKxVC2T6viPAut3RCefY,unmapped,2015-07-19,,Love Surrenders,,56,,,,Wk 15: Love Surrenders,,book,0.5,romans 5,Where sin runs deep grace runs deeper,2,wk-run 2015-04-12|2015-04,
7lIZAVtX1abmIjCFF1Cse7,unmapped,2015-07-12,,Love Lives,,54,,,,Wk 14: Love Lives,,book,0.3,john 10,Living the life Jesus has for you,2,wk-run 2015-04-12|2015-04,
4ckGaVIEUW4SOOK0KR0NfX,unmapped,2015-07-05,,Love Overcomes,,51,,,,Wk 13: Love Overcomes,,book,0.65,1-john 5,Overcoming the world by faith,2,wk-run 2015-04-12|2015-04,
5YjZAVCMJ6iJ9jBkaF6ins,mapped,2015-06-28,,Love Perfects,Daniel Akin,51,Matthew 8:23-26,,,Wk 12: Love Perfects,regex,,,,,,wk-run 2015-04-12|2015-04,
54vTYJhhlYy938nfuJX1Dj,unmapped,2015-06-21,,Love Sacrifices,John Stott,48,,,,Wk 11: Love Sacrifices,,book,0.8,1-john 4,"God is love, if God lives in us we love",2,wk-run 2015-04-12|2015-04,
3dcuK7xgoOGuEtF66sQPrZ,mapped,2015-06-14,,Love Knows,,52,John 14:6,,,Wk 10: Love Knows,regex,,,,,,wk-run 2015-04-12|2015-04,
0fbFOJr7WTjZxH9ZssBbXt,unmapped,2015-06-07,,Love Believes,,45,,,,Wk 9: Love Believes,,unknown,0.5,,"New heart message, no text evident",2,wk-run 2015-04-12|2015-04,
0s0RNkDZKHwQ2rfUcEpd4M,unmapped,2015-05-31,,Love Does,,53,,,,Wk 8: Love Does,,book,0.5,1-john 3,"Love in deed and truth, compassion",2,wk-run 2015-04-12|2015-04,
03rv8468tsZFmJqcErN1Wo,unmapped,2015-05-24,,Love Lavishes,,53,,,,Wk 7: Love Lavishes,,topical,0.4,,Righteous deeds from right standing; text unclear,2,wk-run 2015-04-12|2015-04,
6Mlt3OcVDz3Af9glclhkC5,unmapped,2015-05-17,,Love Belongs,,53,,,,Wk 6: Love Belongs,,book,0.45,john 15,"Abiding in Christ, belonging",2,wk-run 2015-04-12|2015-04,
4pwRjc4N4VHniPgPtJHMUS,mapped,2015-05-10,,Love Abides,,52,John 8:31-32,John 15:4-5,,Wk 5: Love Abides,regex,,,,,,wk-run 2015-04-12|2015-04,
74XK7pPuPJND76bVI1Hajo,mapped,2015-05-03,,Love Reconciles,,50,Galatians 5:6,Matthew 5:23-24,,Wk 4: Love Reconciles,regex,,,,,,wk-run 2015-04-12|2015-04,
4VIK8yW2TUG3d38zmL1wkd,unmapped,2015-04-26,,Love Obeys,Johnny Cash,56,,,,Wk 3: Love Obeys,,book,0.35,john 14,Love obeys; likely John 14-15 or 1 John 5,2,wk-run 2015-04-12|2015-04,
2Hia9B49swCOmYsY4xalsY,mapped,2015-04-19,,Love Saves,,49,Luke 23:32-33,,,Wk 2: Love Saves,regex,,,,,,wk-run 2015-04-12|2015-04,
3Wa14WlxBnXSY6YPVmB6hk,mapped,2015-04-12,,Love Shares,,55,Luke 19:10,,,Wk 1: Love Shares,regex,,,,,,wk-run 2015-04-12|2015-04,
5djhmmpvj4OZF8qmetSps0,mapped,2015-04-05,Easter 2015,"Risen: Opened Eyes, Opened Minds, Burning Hearts",,57,Romans 10:9-10,,,"Easter 2015 - Risen: Opened Eyes, Opened Minds, Burning Hearts",regex,,,,,,easter 2015|2015-04,
11Wt3cxy4avvZ759TnFrpG,mapped,2015-03-29,,Show Me Your Glory,,51,,,,Wk 3: Show Me Your Glory,ai,book,0.85,exodus 33,"Show me your glory, Moses and tabernacle series",2,wk-run 2015-03-15|2015-03,
1RrHY4a8JgcxOHt1Rw3VET,mapped,2015-03-15,,Tabernacle,His People,51,Luke 9:30-31,John 1:14,,Wk 1: Tabernacle,regex,,,,,,wk-run 2015-03-15|2015-03,
17fPPqDRGj7hvAfsPdDZgG,unmapped,2015-03-08,,"You Shall Not Steal, Lie or Covet",,55,,,,"Wk 6: You Shall Not Steal, Lie or Covet",,book,0.8,exodus 20,"Ten Commandments, steal/lie/covet",2,wk-run 2015-02-01|2015-02,
6bUkzgLahFszXZkLqQKtzV,unmapped,2015-03-01,,You Shall Not Commit Adultery,,57,,,,Wk 5: You Shall Not Commit Adultery,,book,0.8,exodus 20,"Ten Commandments, adultery",2,wk-run 2015-02-01|2015-02,
7rGsGUh2oEBVfCh2THVhNF,unmapped,2015-02-22,,Do Not Murder,,59,,,,Wk 4: Do Not Murder,,book,0.8,exodus 20,"Ten Commandments, murder",2,wk-run 2015-02-01|2015-02,
2g5ZhLtfga5U3mPfM5g1jT,unmapped,2015-02-15,,Honor Your Father and Mother,,58,,,,Wk 3: Honor Your Father and Mother,,book,0.8,exodus 20,"Ten Commandments, honor parents",2,wk-run 2015-02-01|2015-02,
3GCRDRQAZCESpcpZ0C9saN,unmapped,2015-02-08,,Remember the Sabbath,,59,,,,Wk 2: Remember the Sabbath,,book,0.8,exodus 20,"Ten Commandments, Sabbath",2,wk-run 2015-02-01|2015-02,
2mEWYLKRZ8s6FVpa1CcDcc,mapped,2015-02-01,,I Am the Lord Your God,,53,2 Corinthians 5:21,,,Wk 1: I Am the Lord Your God,regex,,,,,,wk-run 2015-02-01|2015-02,
288Em7s4l5pLZqFwunl9LW,mapped,2015-01-25,,The Red Sea,,57,Romans 8:31-37,,,Wk 4: The Red Sea,regex,,,,,,wk-run 2015-01-04|2015-01,
3kHpqR7j6KAdq33HjSrxTR,mapped,2015-01-18,,Passover,,54,John 1:29,Exodus 8:8-10,,Wk 3: Passover,regex,,,,,,wk-run 2015-01-04|2015-01,
0NH2NG1ZYrhE7jT193Dwnu,mapped,2015-01-11,,Calling,,55,,,,Wk 2: Calling,ai,book,0.85,exodus 3,Calling of Moses with excuses,2,wk-run 2015-01-04|2015-01,
0jKGyS4mJSAXIS3fH55SUB,mapped,2015-01-04,,Providence,,60,Matthew 10:29-32,,,Wk 1: Providence,regex,,,,,,wk-run 2015-01-04|2015-01,
78TvQgNOB8qBvI3wMUwfK2,unmapped,2014-12-28,Standalone,Quit,,54,,,,Standalone: Quit,,unknown,0.3,,Rest in Jesus alone; text not revealed (perhaps Matthew 11),2,standalone|2014-12,
1QaNqQRbiOF3aqLxdWPVdV,unmapped,2014-12-21,,Savior For All People,,52,,,,Wk 4: Savior For All People,,book,0.6,luke 2,"Savior for all people, Christmas Eve text",2,wk-run 2014-11-30|2014-11,
0CXF9tRvMouXgZYabSoxy3,mapped,2014-12-14,,Not So Silent Night,,56,Luke 19:10,,,Wk 3: Not So Silent Night,regex,,,,,,wk-run 2014-11-30|2014-11,
4oeyVG6Knw0atYkDGc3j0j,mapped,2014-12-07,,What To Get A King For Christmas,,62,Matthew 25:40,,,Wk 2: What To Get A King For Christmas,regex,,,,,,wk-run 2014-11-30|2014-11,
7ta8Q3ePOQYsytoWm68yXI,unmapped,2014-11-30,,Extraordinary Obedience,,54,,,,Wk 1: Extraordinary Obedience,,book,0.5,luke 1,"Advent obedience, Luke 1 characters",2,wk-run 2014-11-30|2014-11,
04Eg1rjJzeWNkS4HGbTeik,mapped,2014-11-23,,Legacy of Forgiveness,,57,Matthew 18:33-35,,,Wk 7: Legacy of Forgiveness,regex,,,,,,wk-run 2014-10-05|2014-10,
0FlpkEtrHhoyI8XOOwqrlw,unmapped,2014-11-16,,Integrity,,62,,,,Wk 6: Integrity,,unknown,0.5,,Integrity; no text evident,2,wk-run 2014-10-05|2014-10,
0mp4amuCVXB5HdeCuU6eCl,unmapped,2014-11-09,,Revival,,62,,,,Wk 5: Revival,,book,0.4,luke 15,"Come home, prodigal-style revival message",2,wk-run 2014-10-05|2014-10,
0NU1jhPRBWaCJS5d6SF1v5,mapped,2014-11-02,,What’s your Stew?,,60,Matthew 11,,,Wk 4: What’s your Stew?,regex,,,,,,wk-run 2014-10-05|2014-10,
3TmIxxtSy1TyTLlxfy8vJ5,unmapped,2014-10-26,Stand Alone,The Plan is a Man,,56,,,,Stand Alone: The Plan is a Man,,unknown,0.3,,Title/description suggest Christ-centered message but no text revealed,2,stand alone|2014-08,
37bCuSXvnuVU02YBaAXaCs,mapped,2014-10-19,,Daddy Issues,,57,John 3:16-17,,,Wk 3: Daddy Issues,regex,,,,,,wk-run 2014-10-05|2014-10,
1Fg0xYAGO8J3EymIakWTKJ,unmapped,2014-10-12,,Timing is Everything,,54,,,,Wk 2: Timing is Everything,,book,0.45,genesis,"Timing of God and faith, Abraham theme after James 2:23",2,wk-run 2014-10-05|2014-10,
36VxpJG1Ccb79y6aHWrKt5,mapped,2014-10-05,,How To Get Right with the Lord,,55,James 2:23,,,Wk 1: How To Get Right with the Lord,regex,,,,,,wk-run 2014-10-05|2014-10,
0lqCyJxwPM2TIpne2Fm26U,unmapped,2014-09-28,,How Can You Save the World?,,61,,,,Wk 4: How Can You Save the World?,,book,0.8,genesis 6,"Jesus as the greater ark, Noah",2,wk-run 2014-09-07|2014-09,
0oT6diKVxkKBGSpFvnPQ8z,unmapped,2014-09-21,,What Is Most Important?,,64,,,,Wk 3: What Is Most Important?,,book,0.45,genesis 4,"First and best offering, Cain and Abel",2,wk-run 2014-09-07|2014-09,
5DKTz2Uz2MQJrGrCiNgkl8,unmapped,2014-09-14,Saturated 2014,Sunday,Joby Martin,40,,,,Saturated 2014 - Sunday: Joby Martin,,topical,0.4,,"Sunday gospel-rescue message, no text evident",2,saturated 2014|2014-09,
6GYRj5VgtQ8dhmhOHcvezH,unmapped,2014-09-14,,What’s My Problem?,,40,,,,Wk 2: What’s My Problem?,,book,0.5,genesis 3,Problem/rescue mission after the fall,2,wk-run 2014-09-07|2014-09,
1p6YtDd9wardoOArGSaKqc,unmapped,2014-09-12,Saturated 2014,Friday,Ryan Kwon,77,,,,Saturated 2014 - Friday: Ryan Kwon,,topical,0.55,,"Conference main-session talk, no text evident",2,saturated 2014|2014-09,
3EVygKEl78BmInisG7Kqed,unmapped,2014-09-11,Saturated 2014,Thursday,Dr. Eric Mason,61,,,,Saturated 2014 - Thursday: Dr. Eric Mason,,topical,0.55,,"Conference main-session talk, no text evident",2,saturated 2014|2014-09,
2pYJ8DyIEz0KchJnwTI1wi,unmapped,2014-09-10,Saturated 2014,Wednesday,Stovall Weems,63,,,,Saturated 2014 - Wednesday: Stovall Weems,,topical,0.55,,"Conference main-session talk, no text evident",2,saturated 2014|2014-09,
55kmhjMQPYEr9hJvoo8bYL,unmapped,2014-09-07,,Why on Earth are We Here?,,60,,,,Wk 1: Why on Earth are We Here?,,book,0.55,genesis 1,Creation purpose; opens a Genesis 1-9 series,2,wk-run 2014-09-07|2014-09,
1MO0GvMllsqDr9uskakjk1,unmapped,2014-08-31,Stand Alone,Giving Is A Gospel Issue,,61,,,,Stand Alone: Giving Is A Gospel Issue,,topical,0.6,,"Generosity grounded in the cross, thematic",2,stand alone|2014-08,
1pJe37RwlKMAXIpWgVBn34,mapped,2014-08-24,,War,,61,,,,Wk 8: War,ai,book,0.85,ephesians 6,"War, armor of God Eph 6",2,wk-run 2014-07-27|2014-07,
4vhR4f5ylC4Ips7UWFKYd5,unmapped,2014-08-17,,Authority,,57,,,,Wk 7: Authority,,book,0.8,ephesians 6,"Authority, Eph 6:1-9",2,wk-run 2014-07-27|2014-07,
6edWC0DiohUCNBAypeTYRS,mapped,2014-08-10,,Marriage,,59,,,,Wk 6: Marriage,ai,book,0.85,ephesians 5,"Marriage, Eph 5:22-33",2,wk-run 2014-07-27|2014-07,
4bMLYEksCOCpVWgDuOHFp4,mapped,2014-08-03,,Walk,,58,,,,Wk 5: Walk,ai,book,0.85,ephesians 4,Walk in Eph 4-5,2,wk-run 2014-07-27|2014-07,
2rePhuBhuUh9dw036pwMOD,unmapped,2014-07-27,,Unity (Sunday),,60,,,,Wk 4: Unity (Sunday),,book,0.7,ephesians 4,"Unity, Eph 4",2,wk-run 2014-07-27|2014-07,
1GLn4eHNAAFmmP8ygIdaGV,unmapped,2014-07-24,,Unity (Thursday),,57,,,,Wk 4: Unity (Thursday),,book,0.7,ephesians 4,"Unity, Eph 4:1-16",2,wk-run 2014-07-06|2014-07,
0SEwxt0S0RdOgFKE7kfPZg,mapped,2014-07-20,,Peace,,54,,,,Wk 3: Peace,ai,book,0.85,ephesians 2,"Peace, Jew and Gentile, Eph 2:11-22",2,wk-run 2014-07-06|2014-07,
0FscIfXgw63jAMXytDPCbB,mapped,2014-07-13,,Grace,,61,,,,Wk 2: Grace,ai,book,0.85,ephesians 2,"Grace, Eph 2:1-10",2,wk-run 2014-07-06|2014-07,
0OoRQbFJhsJ3n2wliI0sOH,mapped,2014-07-06,,Chosen,,55,,,,Wk 1: Chosen,ai,book,0.85,ephesians 1,"Chosen, adopted, inheritance is Eph 1",2,wk-run 2014-07-06|2014-07,
0C0SxQyFE1pRdLC1oyLYWO,unmapped,2014-06-29,,How to Raise a Daughter,,60,,,,Wk 10: How to Raise a Daughter,,topical,0.65,,"Raising a daughter, thematic",2,wk-run 2014-04-27|2014-04,
4fOPGiapgopCi8EkHhyHPg,unmapped,2014-06-22,,’Til Death Do Us Part,,60,,,,Wk 9: ’Til Death Do Us Part,,topical,0.65,,"Faithfulness in marriage, thematic",2,wk-run 2014-04-27|2014-04,
5ddkbuiZ3CwO9AnpP3XErE,unmapped,2014-06-15,,A Maturing Love,,56,,,,Wk 8: A Maturing Love,,topical,0.65,,"Maturing love, thematic",2,wk-run 2014-04-27|2014-04,
6ZA1GLM3MIwTegk9PBTI7W,unmapped,2014-06-08,,How To Win a Fight,,54,,,,Wk 7: How To Win a Fight,,topical,0.65,,"Conflict in marriage, thematic",2,wk-run 2014-04-27|2014-04,
7rJG47C2ntOfvEDDeBhzJC,unmapped,2014-06-01,,The Honeymoon,,58,,,,Wk 6: The Honeymoon,,topical,0.5,,"Sex in marriage; text unrevealed, maybe Song of Songs or 1 Cor 7",2,wk-run 2014-04-27|2014-04,
7wVYK2QEny8bkGd9zv28ab,unmapped,2014-05-25,,The Vow,,57,,,,Wk 5: The Vow,,topical,0.65,,"Marriage covenant, thematic",2,wk-run 2014-04-27|2014-04,
3N3Bqf4RvFdj3vSSSg3iAM,unmapped,2014-05-18,,Sex - When’s the Time?,,62,,,,Wk 4: Sex - When’s the Time?,,book,0.6,1-corinthians 6,"Flee sexual immorality, bought with a price, 1 Cor 6:18-20",2,wk-run 2014-04-27|2014-04,
3R8DoUUrTP52EXrhJRPbY4,unmapped,2014-05-11,,Dating,,59,,,,Wk 3: Dating,,topical,0.7,,"Dating, thematic marriage series",2,wk-run 2014-04-27|2014-04,
3zunNOZrTOQo6NO6Blgk8e,mapped,2014-05-04,,The Woman,,55,Proverbs 31:30,,,Wk 2: The Woman,regex,,,,,,wk-run 2014-04-27|2014-04,
6YJJVylekfEog61c8TseSB,mapped,2014-04-27,,The Man,,63,1 Corinthians 16:13-14,,,Wk 1: The Man,regex,,,,,,wk-run 2014-04-27|2014-04,
6U73NQBbR5HCEtBKFqKQDg,unmapped,2014-04-20,,Pride,,55,,,,Wk 7: Pride,,topical,0.5,,Pride in sins series,2,wk-run 2014-03-09|2014-03,
3CKtgPCdBUg9lQZDbr6CfE,unmapped,2014-04-13,,Envy,,52,,,,Wk 6: Envy,,topical,0.5,,Envy in sins series,2,wk-run 2014-03-09|2014-03,
6fltSSpa6Wy5bEKfVUkxsP,unmapped,2014-04-06,,Lust,,60,,,,Wk 5: Lust,,book,0.75,1-corinthians 6,"Flee sexual immorality, 1 Cor 6:18",2,wk-run 2014-03-09|2014-03,
324UfYV2cSE8agekQFpp8k,unmapped,2014-03-30,,Gluttony,,50,,,,Wk 4: Gluttony,,book,0.5,1-corinthians 6,"Honor God with your body, 1 Cor 6:19-20",2,wk-run 2014-03-09|2014-03,
6546hmtuNMyrM2Vkf8j1fe,unmapped,2014-03-23,,Sloth,,59,,,,Wk 3: Sloth,,topical,0.5,,Sloth in sins series,2,wk-run 2014-03-09|2014-03,
2t9I5kH8xCcDkNJpg5T4En,mapped,2014-03-16,,Greed,,60,Philippians 4:12-13,,,Wk 2: Greed,regex,,,,,,wk-run 2014-03-09|2014-03,
1X4NUxJJ3hqmSbkjPN8Lyn,unmapped,2014-03-09,,Wrath,,58,,,,Wk 1: Wrath,,book,0.5,matthew 18,"Anger rooted in unforgiveness, canceling debt, Matthew 18",2,wk-run 2014-03-09|2014-03,
0vwywg9jk6zdPYhhnYyrsT,mapped,2014-03-02,,The Rest Of The Story,,63,,,,Wk 2: The Rest Of The Story,ai,book,0.93,acts 28,"Rest of the Story, Acts 28:31 boldness without hindrance",1,wk-run 2014-02-23|2014-02,
5sZJgVPuxG3vVowgF5tDDa,mapped,2014-02-23,,Snake Bitten,,55,,,,Wk 1: Snake Bitten,ai,book,0.9,acts 28,"Snake bitten, Paul on Malta Acts 28:1-6",1,wk-run 2014-02-23|2014-02,
11XO0yFVvPJQ8YjTRk6g7P,unmapped,2014-02-16,,To The Cross,,51,,,,Wk 3: To The Cross,,book,0.3,acts,Cling to the cross; Acts guess weak,2,wk-run 2014-02-02|2014-02,
1PurNYlfbA1G0AJCIm08WC,unmapped,2014-02-09,,To Hope,,50,,,,Wk 2: To Hope,,book,0.5,acts 27,"Hold onto Jesus in hopeless situation, shipwreck Acts 27",2,wk-run 2014-02-02|2014-02,
6GgNCrwJ9AsqRNtQNjeysT,unmapped,2014-02-02,,To Influence,,61,,,,Wk 1: To Influence,,book,0.4,acts,Influence; Acts-run guess,2,wk-run 2014-02-02|2014-02,
70R3xgnTfgPN327DmS04Z5,mapped,2014-01-26,,Reconciliation,,48,,,,Wk 3: Reconciliation,ai,book,0.85,2-corinthians 5,"Ambassadors and ministry of reconciliation, 2 Cor 5:18-20",2,wk-run 2014-01-12|2014-01,
2jTat0yZbrDt9xCwALYwrP,unmapped,2014-01-19,,Redemption,,46,,,,Wk 2: Redemption,,unknown,0.25,,Redemption; no text revealed,2,wk-run 2014-01-12|2014-01,
3BBYH9ZwE15pVoAbi6YP4X,unmapped,2014-01-12,,Rebellion,,42,,,,Wk 1: Rebellion,,unknown,0.25,,Rebellion; no text revealed,2,wk-run 2014-01-12|2014-01,
1TGuQskDURB0db28Sq2Sdy,unmapped,2014-01-05,,For Fairness Sake,,52,,,,Wk 2: For Fairness Sake,,book,0.4,acts,"Fairness vs mercy, Acts guess",2,wk-run 2013-12-29|2013-12,
2IA7zp9mYO7eCMM3u1ueZU,unmapped,2013-12-29,,Take Responsibility,,52,,,,Wk 1: Take Responsibility,,book,0.45,acts,"Responsibility vs rights, Pauls citizenship, Acts guess",2,wk-run 2013-12-29|2013-12,
6PS6C9Iou9CAVDAdslf8YY,unmapped,2013-12-22,,So Close,,44,,,,Wk 4: So Close,,book,0.8,acts 24,"Faith of Felix, Acts 24",2,wk-run 2013-12-01|2013-12,
78Xk7ukdFa4m2XuCHnF4Hh,unmapped,2013-12-15,,The Way,,54,,,,Wk 3: The Way,,book,0.45,acts 24,The Way is Acts 24:14; Acts run continues,2,wk-run 2013-12-01|2013-12,
6QTQRo3wCCmoj5JCsPIUXR,unmapped,2013-12-08,,Providence,,57,,,,Wk 2: Providence,,book,0.35,acts,"Providence, Acts run guess",2,wk-run 2013-12-01|2013-12,
50esKm5Sf3QIo3GgrtNmPp,mapped,2013-12-01,,Love Requires Action,,46,John 1:14,,,Wk 1: Love Requires Action,regex,,,,,,wk-run 2013-12-01|2013-12,
3idJO60xArkFeRKldkrkHc,unmapped,2013-11-24,,Your Best Life...Later,,52,,,,Wk 4: Your Best Life...Later,,book,0.35,luke 9,"Following Jesus because He is better than life, Luke 9 cost of discipleship guess",2,wk-run 2013-11-03|2013-11,
4W2ECiOJuaQpK7lRjaBxDF,unmapped,2013-11-17,,Your Story,,49,,,,Wk 3: Your Story,,topical,0.55,,"Your story evangelism, thematic",2,wk-run 2013-11-03|2013-11,
6hxbkXMEyobrOhkz3pSFxc,unmapped,2013-11-10,,Aiming to Please,,50,,,,Wk 2: Aiming to Please,,unknown,0.25,,Aiming to please; no text revealed,2,wk-run 2013-11-03|2013-11,
3TV1zAmE5ScU6PMjoIzlYT,unmapped,2013-11-03,,Where Are You Going?,,54,,,,Wk 1: Where Are You Going?,,unknown,0.25,,Where are you going; no text revealed,2,wk-run 2013-11-03|2013-11,
3pmsMToX718ANzN8ekKpjW,unmapped,2013-10-27,,Compassion Sunday,,49,,,,Wk 4: Compassion Sunday,,topical,0.8,,Compassion Sunday giving message,2,wk-run 2013-10-06|2013-10,
2B2xGB22zrMKjlQn9ltCCP,unmapped,2013-10-13,,Are You Tracking?,,51,,,,Wk 2: Are You Tracking?,,unknown,0.25,,Are you tracking; no text revealed,2,wk-run 2013-10-06|2013-10,
1NyWiD5HDOzW8UZQ8fGWxU,unmapped,2013-10-06,,Alive,,93,,,,Wk 1: Alive,,unknown,0.25,,Alive; no text revealed,2,wk-run 2013-10-06|2013-10,
7fKToaM8POfWooRU2Ygi92,unmapped,2013-09-29,,First Love,,52,,,,Wk 4: First Love,,book,0.6,revelation 2,"First love is Rev 2:4, Ephesus",2,wk-run 2013-09-08|2013-09,
1yqazCq6Bfkx3KDEua1go1,unmapped,2013-09-22,Saturated 2013,Wk 3,,57,,,,Wk 3: Saturated 2013,,unknown,0.5,,"Sunday sermon of conference, no text.",2,saturated 2013|2013-09,
4rlyligAHbK8NLmNunSOFn,excluded,2013-09-21,Saturated 2013,Saturday,Jerry Sweat,19,,,,Saturated 2013 - Saturday: Pastor Jerry Sweat,,,,,,,saturated 2013|2013-09,
3Xye3Z6N9kiSb2JWckgJ8j,unmapped,2013-09-20,Saturated 2013,Friday 2013,Stovall Weems,47,,,,Saturated 2013 - Friday 2013: Pastor Stovall Weems,,topical,0.5,,"Conference session, no text.",2,saturated 2013|2013-09,
3RglhAqegH8Bgby4a3Lyt9,unmapped,2013-09-19,Saturated 2013,Thursday,Dr. Van Gayton,67,,,,Saturated 2013 - Thursday: Dr. Van Gayton,,topical,0.5,,"Conference session, no text.",2,saturated 2013|2013-09,
4Ap3DHCxWXxUhA3TJhfIbU,unmapped,2013-09-18,Saturated,Saturated 2013: Wednesday,George Davis,48,,,yes,Saturated 2013 - Wednesday: - Pastor George Davis,,topical,0.55,,Conference main-session talk,2,saturated|2013-09,
16AIcLz1PvZCii7zevhZD3,unmapped,2013-09-15,,Hype or Hope,,49,,,,Wk 2: Hype or Hope,,book,0.5,acts 19,"Gospel transforming community, Ephesus Acts 19",2,wk-run 2013-09-08|2013-09,
07jMsbcz6wHBbxCqLPgby3,mapped,2013-09-08,,Naked & Wounded,,54,,,,Wk 1: Naked & Wounded,ai,book,0.85,acts 19,"Name of Jesus without saving knowledge is the sons of Sceva, Acts 19",2,wk-run 2013-09-08|2013-09,
5MbfTabvHKRdnYGFF0J0Xs,unmapped,2013-09-01,,On Mission IN the Church,,54,,,,Wk 4: On Mission IN the Church,,book,0.5,acts 20,"Spiritually dead man come to life fits Eutychus, Acts 20",2,wk-run 2013-08-11|2013-08,
3hmq1zbbWJa5DqC0JmNZpl,unmapped,2013-08-25,,On Mission as a Church,,55,,,,Wk 3: On Mission as a Church,,book,0.4,acts 19,"Word of the Lord spreading, Acts 19:20 guess",2,wk-run 2013-08-11|2013-08,
5dKr6cqQNbrL3FgStxEx02,unmapped,2013-08-18,,Who? Not when.,,56,,,,Wk 2: Who? Not when.,,book,0.45,acts 19,"Mission as a church, Acts guess",2,wk-run 2013-08-11|2013-08,
3qgvEd7adDcINldR6aTilo,unmapped,2013-08-11,,In This City,,58,,,,Wk 1: In This City,,book,0.45,acts 18,In this City echoes Acts 18:10,2,wk-run 2013-08-11|2013-08,
2gvYjXc7OI02r10CoCODDD,unmapped,2013-08-04,,Surrender,,52,,,,Wk 3: Surrender,,book,0.4,acts 19,Surrender; Acts guess,2,wk-run 2013-07-21|2013-07,
6OR4C3SGxjQuVLEIQY6RPF,unmapped,2013-07-28,,Disciple-Making Disciples,,49,,,,Wk 2: Disciple-Making Disciples,,book,0.45,acts 18,Disciple-making; Priscilla/Apollos/Ephesus area,2,wk-run 2013-07-21|2013-07,
5MxprBxL8AwOLHvTCfk2ji,mapped,2013-07-21,,Community Transformation,,50,,,,Wk 1: Community Transformation,ai,book,0.9,acts 17,"Turn the world upside down, Acts 17:6",1,wk-run 2013-07-21|2013-07,
46NYUZEAfZHqocfRxWcrab,unmapped,2013-07-14,,It’s not about you.,,52,,,,Wk 4: It’s not about you.,,book,0.45,acts 17,"Jesus is King, likely Thessalonica Acts 17:7",2,wk-run 2013-06-23|2013-06,
0B5RwG2FoMIO2nxvTV7p5A,unmapped,2013-07-07,,Fearless,,49,,,,Wk 3: Fearless,,book,0.45,acts 18,"Fearless; presence promised, likely Acts 18:9-10",2,wk-run 2013-06-23|2013-06,
5HF9ZlovkyvSrxcVgeoRkF,mapped,2013-06-30,,God Saves,,51,,,,Wk 2: God Saves,ai,book,0.85,acts 16,"God saves, Philippian jailer, Acts 16",2,wk-run 2013-06-23|2013-06,
7i840HtYY1XypjPEXZ86ng,mapped,2013-06-23,,When God Says No,,49,,,,Wk 1: When God Says No,ai,book,0.85,acts 16,"God says no then saves the jailer, Acts 16",2,wk-run 2013-06-23|2013-06,
3oEB8whkapFNgKvtz4FFS1,mapped,2013-06-16,,"Unity, not Uniformity",,59,,,,"Wk 3: Unity, not Uniformity",ai,book,0.9,acts 15,"Unity not uniformity, Acts 15 debate / Paul-Barnabas split",1,wk-run 2013-06-02|2013-06,
0suS4oYnK2bNl0bvXKmHuH,mapped,2013-06-09,,Restoring Honor and Unity,,53,,,,Wk 2: Restoring Honor and Unity,series,book,0.8,acts 15,Acts 15 council unity; John 17 quote only supporting,1,wk-run 2013-06-02|2013-06,wk-run 2013-06-02 (wk-run 2013-06-02|2013-06): acts 2.5/2.5 votes
7KUwUL9ToN5uPzxR45TIp3,mapped,2013-06-02,,Rebuild and Restore,,55,,,,Wk 1: Rebuild and Restore,ai,book,0.9,acts 15,"Not make trouble for Gentile believers, Acts 15:19",1,wk-run 2013-06-02|2013-06,
72yvPFcREJ1rmsu5okKatL,unmapped,2013-05-26,Stand Alone,Disciple Making Disciples: What do we do with what God’s doing?,,54,,,,Stand Alone - Disciple Making Disciples: What do we do with what God’s doing?,,topical,0.55,,"Disciple-making community teaching, no single text evident",2,stand alone|2013-05,
5vjv7U15gIn25vSXpaWZnk,unmapped,2013-05-19,,Road Rage,,54,,,,Wk 4: Road Rage,,book,0.55,acts 9,Road Rage; path through suffering to resurrection suggests Saul on the road,2,wk-run 2013-04-28|2013-04,
1SwNEVEPOqRJEilBksX8kH,unmapped,2013-05-12,,Rock Stars,,53,,,,Wk 3: Rock Stars,,book,0.5,acts,"Rock Stars; John the Baptist quoted, Acts guess",2,wk-run 2013-04-28|2013-04,
6V2nK1yOYpjnJuXgibvff1,unmapped,2013-05-05,,Detour,,52,,,,Wk 2: Detour,,book,0.55,acts,Detour; Acts series run,2,wk-run 2013-04-28|2013-04,
49xk3O4SFkHga6ZB5XFdEt,unmapped,2013-04-28,,Destination,,56,,,,Wk 1: Destination,,book,0.5,acts 8,"Destination; Acts series, possibly the Ethiopian eunuch",2,wk-run 2013-04-28|2013-04,
0MsqeA4XPX2elAstNzLqiK,unmapped,2013-04-21,,Love,,54,,,,Wk 3: Love,,book,0.35,acts,Community theme; Acts guess uncertain,2,wk-run 2013-04-07|2013-04,
1Gai1sC40EmfVqxrNvnioD,unmapped,2013-04-14,,Hope,,47,,,,Wk 2: Hope,,book,0.5,acts,Same Acts run; chapter unclear,2,wk-run 2013-04-07|2013-04,
0AM72f6f9zBGpqdtIPyPWa,unmapped,2013-04-07,,Faith,,54,,,,Wk1: Faith,,book,0.5,acts,Series run is Acts-flavored; chapter unclear,2,wk-run 2013-04-07|2013-04,
2NJywUPy5uy12Gr7Xzqyps,mapped,2013-03-31,Easter 2013,More Than Words,,56,Psalm 22,,,Easter 2013: More Than Words,regex,,,,,,easter 2013|2013-03,
3BSVhMHjCqfHSLPNWo5eaD,mapped,2013-03-24,,Wake Up!,,54,,,,Wk 3: Wake Up!,ai,book,0.9,acts 12,"Peter woken, chains fall off, Acts 12",1,wk-run 2013-03-10|2013-03,
4Z7lljqPG9Y8EoiqiA6uAG,mapped,2013-03-17,,Unlikely Messengers,,55,,,,Wk 2: Unlikely Messengers,series,book,0.75,acts 11,"Barnabas, good man full of Spirit and faith, Acts 11:24",1,wk-run 2013-03-10|2013-03,wk-run 2013-03-10 (wk-run 2013-03-10|2013-03): acts 2.0/2.0 votes
15HTniQWOR8ZGlgTVdhOOI,mapped,2013-03-10,,In the Way,,50,,,,Wk 1: In the Way,series,book,0.75,acts 11,"""Who am I to stand in God's way"" Acts 11:17",1,wk-run 2013-03-10|2013-03,wk-run 2013-03-10 (wk-run 2013-03-10|2013-03): acts 2.0/2.0 votes
3yLCoqOfBVzurL3cQmI1rJ,mapped,2013-03-03,,First Step,,42,,,,Wk 4: First Step,series,book,0.75,acts 10,Acts series; baptism after Cornelius,1,wk-run 2013-02-10|2013-02,wk-run 2013-02-10 (wk-run 2013-02-10|2013-02): acts 3.0/3.0 votes
0gw9SQkXMMDWVqOKu9fQKV,mapped,2013-02-24,,The Explicit Gospel,,46,,,,Wk 3: The Explicit Gospel,series,book,0.8,acts 10,Acts series; gospel explicit after Acts 10:28 sermon,1,wk-run 2013-02-10|2013-02,wk-run 2013-02-10 (wk-run 2013-02-10|2013-02): acts 3.0/3.0 votes
1gbFIUTBXQWOBvwLDBCFcN,mapped,2013-02-17,,Who Do You Think You Are?,,64,Acts 10:28,,,Wk 2: Who Do You Think You Are?,regex,,,,,,wk-run 2013-02-10|2013-02,
6j01VpQIWeNOJTYMBkexMs,mapped,2013-02-10,,The Fundamentals,,46,Acts 10:1-8,,,Wk 1: The Fundamentals,regex,,,,,,wk-run 2013-02-10|2013-02,
3MKzs0XO9s2JSLx7CQTy6q,mapped,2013-02-03,,Impact - Missional Living,,47,Acts 9:32-43,,,Wk 4: Impact - Missional Living,regex,,,,,,wk-run 2013-01-13|2013-01,
2DOzbOdzwul1HA1Ahz6FGD,mapped,2013-01-27,,Fear & Comfort,,55,,,,Wk 3: Fear & Comfort,series,book,0.7,acts 9,Falls between Acts 8 and Acts 9:32 in Acts series; Saul past/cross,1,wk-run 2013-01-13|2013-01,wk-run 2013-01-13 (wk-run 2013-01-13|2013-01): acts 3.5/3.5 votes
5mS7kIzS3EwF2H9rvW5JTh,mapped,2013-01-20,,Placed On Purpose,,50,Acts 8:26-40,,,Wk 2: Placed On Purpose,regex,,,,,,wk-run 2013-01-13|2013-01,
0h8TOia6lB9cuHWOupNuni,mapped,2013-01-13,,Simon the Magician,,40,Acts 8:9-25,,,Wk 1: Simon the Magician,regex,,,,,,wk-run 2013-01-13|2013-01,
1h3WPMm024NKaW0tKzz4p3,mapped,2013-01-06,Stand Alone,Megaphone,,45,Acts 1:8,Acts 7:54-8:8,,Stand Alone: Megaphone,regex,,,,,,stand alone|2013-01,
4dgrf474icTZcMJXKB8p11,mapped,2012-12-30,,Sovereign Mess,,53,Acts 7:1-51,,,Wk 3: Sovereign Mess,regex,,,,,,wk-run 2012-12-16|2012-12,
6fEhK2MfvBzKkru2qbafwm,mapped,2012-12-23,,Not Your Way,,39,Acts 6:8-15,,,Wk 2: Not Your Way,regex,,,,,,wk-run 2012-12-16|2012-12,
5Q3lKWakdvIOdDNfUmhJ6J,mapped,2012-12-16,,Serve,,51,Acts 6:1-7,,,Wk 1: Serve,regex,,,,,,wk-run 2012-12-16|2012-12,
68Fm08KuSdN4YJxAuH3BNA,mapped,2012-12-09,,Dream Job,,50,Acts 5:12-42,,,Wk 3: Dream Job,regex,,,,,,wk-run 2012-11-25|2012-11,
0evofeasqBUknxosftxTXr,mapped,2012-12-02,,Cooking the Books,,59,Acts 5:1-11,,,Wk 2: Cooking the Books,regex,,,,,,wk-run 2012-11-25|2012-11,
2o5QS58hmJKkVxHVuCvrqT,mapped,2012-11-25,,The Bottom Line,,50,Acts 4:32-27,,,Wk 1: The Bottom Line,regex,,,,,,wk-run 2012-11-25|2012-11,
1UMEINjbKiLzxoZrYufQBE,mapped,2012-11-18,,Bold Prayer,,49,Acts 4:23-31,,,Wk 4: Bold Prayer,regex,,,,,,wk-run 2012-10-28|2012-10,
4LCmjPoChcRnUhP434aKaL,mapped,2012-11-11,,Bold Truth,,63,Acts 4:1-22,,,Wk 3: Bold Truth,regex,,,,,,wk-run 2012-10-28|2012-10,
0J057aqz1BTAEgc6iJwA6q,mapped,2012-11-04,,Bold Words,,58,Acts 3:11-6,,,Wk 2: Bold Words,regex,,,,,,wk-run 2012-10-28|2012-10,
4nto7d8Ri4fC8XPOUvKT7a,mapped,2012-10-28,,Bold Faith,,49,Acts 3:1,,,Wk 1: Bold Faith,regex,,,,,,wk-run 2012-10-28|2012-10,
24k1lMIopXg6unZywFowd6,mapped,2012-10-21,,Belong,,54,Acts 2:42-47,,,Wk 4: Belong,regex,,,,,,wk-run 2012-09-30|2012-09,
7jdPbn7HXVJRz85xz3teqB,mapped,2012-10-14,,Wonder,,58,Acts 2:1-14,,,Wk 3: Wonder,regex,,,,,,wk-run 2012-09-30|2012-09,
7bOvcswyuHx2yETX7zf6Qu,mapped,2012-10-07,,Will,,53,Acts 1:12-26,,,Wk 2: Will,regex,,,,,,wk-run 2012-09-30|2012-09,
1asEKidgj3ijQs7Zj4YJCp,mapped,2012-09-30,,Witness,,51,Acts 1:8,,,Wk 1: Witness,regex,,,,,,wk-run 2012-09-30|2012-09,
5XxEhhPeibAOp6aILC3Qxr,mapped,2012-09-23,Our Turn,Opening Day,,54,Luke 4,,,Our Turn: Opening Day,regex,,,,,,our turn|2012-09,
