wp_id,status,reason,speaker,year,title,series,scripture,refs,url
2122,mapped,,Tim Keller,1990,Peace – Overcoming Anxiety,Fruit of the Spirit,Philippians 4:4-9,philippians 4-4,https://gospelinlife.com/sermon/peace/
1664,mapped,,Tim Keller,2002,Blessed Self-Forgetfulness,Practical Grace; How the Gospel Transforms Character,1 Corinthians 3:21-4:7,1-corinthians 3-4,https://gospelinlife.com/sermon/blessed-self-forgetfulness/
1799,mapped,,Tim Keller,2004,True Wisdom,Proverbs: True Wisdom for Living,Proverbs 8:10-16; 22-31,proverbs 8-8; proverbs 22-31,https://gospelinlife.com/sermon/true-wisdom/
1817,mapped,,Tim Keller,2004,Your Plans: God’s Plans,Proverbs: True Wisdom for Living,"Proverbs 11:3; 12:5,15; 15:22; 16:1-4,9,25,33; 21:5; 27:1",proverbs 11-11; proverbs 12-12; proverbs 15-15; proverbs 16-16; proverbs 21-21; proverbs 27-27,https://gospelinlife.com/sermon/your-plans-gods-plans/
2075,mapped,,Tim Keller,2009,Why Does God Do Nothing?,Living by Faith in Troubled Times,Habakkuk 1:1-17,habakkuk 1-1,https://gospelinlife.com/sermon/why-does-god-do-nothing/
2499,mapped,,Tim Keller,2017,Confident in Hope,"Jesus, Mission, and Glory: New Confidence",John 14:1-3,john 14-14,https://gospelinlife.com/sermon/confident-in-hope/
2248,mapped,,Tim Keller,2013,The Gospel in a Pluralist Society,Acts: The Gospel in the City,Acts 4:1-13,acts 4-4,https://gospelinlife.com/sermon/the-gospel-in-a-pluralist-society/
789,mapped,,Tim Keller,1991,Marriage as Ministry Power,Marriage,Ephesians 5:22-33,ephesians 5-5,https://gospelinlife.com/sermon/marriage-as-ministry-power/
1672,mapped,,Tim Keller,2002,Meditation,Psalms; Disciplines of Grace,Psalm 1:1-6,psalms 1-1,https://gospelinlife.com/sermon/meditation/
1806,mapped,,Tim Keller,2004,The Healing of Anger,Proverbs: True Wisdom for Living,"Proverbs 14:29-30; 15:1,18; 16:32; 19:11,19; 24:28-29; 25:21-22",proverbs 14-14; proverbs 15-15; proverbs 16-16; proverbs 19-19; proverbs 24-24; proverbs 25-25,https://gospelinlife.com/sermon/the-healing-of-anger/
2077,mapped,,Tim Keller,2009,Waiting and Living by Faith,Living by Faith in Troubled Times,Habakkuk 2:1-4,habakkuk 2-2,https://gospelinlife.com/sermon/waiting-and-living-by-faith/
2186,mapped,,Tim Keller,2011,Bathed in Blessing,A Study of Ephesians: Who is the Church?,Ephesians 1:1-8,ephesians 1-1,https://gospelinlife.com/sermon/bathed-in-blessing/
1468,mapped,,Tim Keller,1998,The Girl Nobody Wanted,,Genesis 29:15-35,genesis 29-29,https://gospelinlife.com/sermon/the-girl-nobody-wanted/
1368,mapped,,Tim Keller,1997,The War Between Your Selves (Part 1),The War Between Your Selves,Romans 7:1-25,romans 7-7,https://gospelinlife.com/sermon/war-between-your-selves-part-1/
2078,mapped,,Tim Keller,2009,The Culture of Pride,Living by Faith in Troubled Times,Habakkuk 2:5-20,habakkuk 2-2,https://gospelinlife.com/sermon/the-culture-of-pride/
1638,mapped,,Tim Keller,2001,"Truth, Tears, Anger and Grace",The Church in the City,John 11:20-53,john 11-11,https://gospelinlife.com/sermon/truth-tears-anger-and-grace/
1822,mapped,,Tim Keller,2005,Christ: The Final Word,Christ: Our Treasury (The Book of Hebrews),Hebrews 1:1-4; 2:1-4,hebrews 1-1; hebrews 2-2,https://gospelinlife.com/sermon/christ-the-final-word/
2201,mapped,,Tim Keller,2012,Spiritual Warfare,A Study of Ephesians: Who is the Church?,Ephesians 6:10-13,ephesians 6-6,https://gospelinlife.com/sermon/spiritual-warfare-4/
1977,mapped,,Tim Keller,2007,A New Heart,The New Heart God Gives,Deuteronomy 30:1-10,deuteronomy 30-30,https://gospelinlife.com/sermon/a-new-heart/
1556,mapped,,Tim Keller,2000,Praying Our Fears,Psalms - The Songs of Jesus,"Psalm 3:1-8; Genesis 15:1,8",psalms 3-3; genesis 15-15,https://gospelinlife.com/sermon/praying-our-fears/
None,excluded,speaker: none,,,Sermons,,,,
2414,mapped,,Tim Keller,2015,Incarnation,What We Believe: Foundations,Philippians 2:1-11,philippians 2-2,https://gospelinlife.com/sermon/incarnation/
1996,mapped,,Tim Keller,2008,Questions of Suffering,Job - A Path Through Suffering,Job 1:8-22,job 1-1,https://gospelinlife.com/sermon/questions-of-suffering/
794,mapped,,Tim Keller,1991,Marriage as Commitment and Priority,Marriage,Ephesians 5:22-33,ephesians 5-5,https://gospelinlife.com/sermon/marriage-as-commitment-priority/
1930,mapped,,Tim Keller,2006,Perfect Freedom,In Christ Jesus: How the Spirit Transforms Us,Romans 6:1-7;11-18,romans 6-6; romans 11-11,https://gospelinlife.com/sermon/perfect-freedom/
1724,mapped,,Tim Keller,2003,"Doubt, Joy and Power (Easter)",The Meaning of Jesus Part 3; Seeing Him,Luke 24:36-49,luke 24-24,https://gospelinlife.com/sermon/doubt-joy-and-power-easter/
1369,mapped,,Tim Keller,1997,The War Between Your Selves (Part 2),The War Between Your Selves,Romans 7:14-25,romans 7-7,https://gospelinlife.com/sermon/war-between-your-selves-part-2/
792,mapped,,Tim Keller,1991,Overview: Marriage as Commitment,Marriage,Ephesians 5:22-33,ephesians 5-5,https://gospelinlife.com/sermon/overview-marriage-as-commitment/
1801,mapped,,Tim Keller,2004,Training in Wisdom,Proverbs: True Wisdom for Living,Proverbs 3:1-12; 30:1-4,proverbs 3-3; proverbs 30-30,https://gospelinlife.com/sermon/training-in-wisdom/
2402,mapped,,Tim Keller,2015,The Bible and History,What We Believe: Foundations,Luke 1:1-4,luke 1-1,https://gospelinlife.com/sermon/the-bible-and-history/
1481,mapped,,Tim Keller,1998,I Am the Vine,John - On Knowing the Christ,John 15:1-17,john 15-15,https://gospelinlife.com/sermon/i-am-the-vine/
613,mapped,,Tim Keller,1989,Removing Idols of the Heart,"Growth in Christ, Part 1",Colossians 3:5-11,colossians 3-3,https://gospelinlife.com/sermon/removing-idols-of-the-heart/
630,mapped,,Tim Keller,1990,Walking in the Spirit,Fruit of the Spirit,Galatians 5:16-25,galatians 5-5,https://gospelinlife.com/sermon/walking-in-the-spirit/
1815,mapped,,Tim Keller,2004,The Wounded Spirit,Proverbs: True Wisdom for Living,"Proverbs 12:25; 13:12; 14:10,13,30; 15:4,13-14; 16:2; 18:14; 28:1",proverbs 12-12; proverbs 13-13; proverbs 14-14; proverbs 15-15; proverbs 16-16; proverbs 18-18; proverbs 28-28,https://gospelinlife.com/sermon/the-wounded-spirit/
2501,mapped,,Tim Keller,2017,Confident in Love,"Jesus, Mission, and Glory: New Confidence",John 14:7-11,john 14-14,https://gospelinlife.com/sermon/confident-in-love/
2467,mapped,,Tim Keller,2016,Love and Power,What We Are Becoming: Transforming Love,"Romans 14:1-3, 14:14-15:7",romans 14-14,https://gospelinlife.com/sermon/love-and-power/
1802,mapped,,Tim Keller,2004,The Wellspring of Wisdom,Proverbs: True Wisdom for Living,Proverbs 4:11-27,proverbs 4-4,https://gospelinlife.com/sermon/the-wellspring-of-wisdom/
1828,mapped,,Tim Keller,2005,The Rest-Giver,Christ: Our Treasury (The Book of Hebrews),Hebrews 4:1-13,hebrews 4-4,https://gospelinlife.com/sermon/the-rest-giver/
2146,mapped,,Tim Keller,2010,The God Who Is,To Know the Living God; The God Who Can Be Known,Romans 1:16-25,romans 1-1,https://gospelinlife.com/sermon/the-god-who-is/
1957,mapped,,Tim Keller,2007,The Silent Sovereignty of God,Esther and the Hiddenness of God,Esther 2:5-10;16-23,esther 2-2,https://gospelinlife.com/sermon/the-silent-sovereignty-of-god/
2080,mapped,,Tim Keller,2009,Rejoicing in Tribulation,Living by Faith in Troubled Times,Habakkuk 3:1-19,habakkuk 3-3,https://gospelinlife.com/sermon/rejoicing-in-tribulation/
1375,mapped,,Tim Keller,1997,The Rescue,"Galatians: New Freedom, New Family",Galatians 1:1-5,galatians 1-1,https://gospelinlife.com/sermon/the-rescue/
697,mapped,,Tim Keller,1990,Reason for Life,"Gospel of John, Part 1",John 1:1-5,john 1-1,https://gospelinlife.com/sermon/reason-for-life/
1426,mapped,,Tim Keller,1998,The Freedom of Hope,"Galatians: New Freedom, New Family",Galatians 5:1-12,galatians 5-5,https://gospelinlife.com/sermon/the-freedom-of-hope/
2133,mapped,,Tim Keller,2010,Who Is the Spirit?,The Holy Spirit,John 14:16-26,john 14-14,https://gospelinlife.com/sermon/who-is-the-spirit/
1805,mapped,,Tim Keller,2004,Knowing God,Proverbs: True Wisdom for Living,Proverbs 3:5-6; 9:10; 16:6; 19:23; 20:9; 23:17-18; 28:14,proverbs 3-3; proverbs 9-9; proverbs 16-16; proverbs 19-19; proverbs 20-20; proverbs 23-23; proverbs 28-28,https://gospelinlife.com/sermon/knowing-god-4/
2538,unmapped,,Tim Keller,2019,Sharing the Joy We Have in Christ,,,,https://gospelinlife.com/sermon/sharing-the-joy-we-have-in-christ-2/
1194,mapped,,Tim Keller,1995,Benefits of Facing Trouble,James: A Faith that Comes Down to Earth,James 1:1-4,james 1-1,https://gospelinlife.com/sermon/benefits-of-facing-trouble/
1174,mapped,,Tim Keller,1995,Joy in God’s Plan,Philippians,Philippians 1:12-26,philippians 1-1,https://gospelinlife.com/sermon/joy-in-gods-plan/
2120,mapped,,Tim Keller,1990,Joy – Overcoming Boredom,Fruit of the Spirit,John 16:16-22,john 16-16,https://gospelinlife.com/sermon/joy/
2458,mapped,,Tim Keller,2016,"Love, the Most Excellent Way",What We Are Becoming: Transforming Love,1 Corinthians 13:1-13,1-corinthians 13-13,https://gospelinlife.com/sermon/love-the-most-excellent-way/
2226,mapped,,Tim Keller,2012,Three Ways To Live,Savior and Teacher - A Study of Matthew,Matthew 7:13-27,matthew 7-7,https://gospelinlife.com/sermon/three-ways-to-live-2/
1939,mapped,,Tim Keller,2007,Does God Control Everything?,In Christ Jesus: How the Spirit Transforms Us,"Romans 8:28,38-39",romans 8-8,https://gospelinlife.com/sermon/does-god-control-everything/
797,mapped,,Tim Keller,1991,Marriage as Priority and Friendship,Marriage,Ephesians 5:22-33,ephesians 5-5,https://gospelinlife.com/sermon/marriage-as-priority-friendship/
2190,mapped,,Tim Keller,2011,Alive With Christ,A Study of Ephesians: Who is the Church?,Ephesians 2:1-10,ephesians 2-2,https://gospelinlife.com/sermon/alive-with-christ-2011/
1880,mapped,,Tim Keller,2006,"Father, Son and Holy Spirit","King's Cross: The Gospel of Mark, Part 1: The Coming of the King",Mark 1:9-13,mark 1-1,https://gospelinlife.com/sermon/father-son-and-holy-spirit/
1157,mapped,,Tim Keller,1995,Basis of Prayer: “Our Father”,The Lord's Prayer 1995,Matthew 6:6-15,matthew 6-6,https://gospelinlife.com/sermon/basis-of-prayer-our-father/
1803,mapped,,Tim Keller,2004,Strangeness and the Order of God,Proverbs: True Wisdom for Living,Proverbs 5:16-23; Revelation 21:1-5,proverbs 5-5; revelation 21-21,https://gospelinlife.com/sermon/strangeness-and-the-order-of-god/
1846,mapped,,Tim Keller,2005,Friendship,Proverbs: True Wisdom for Living,"Proverbs 17:17; 18:24; 25:17,20; 26:18,19; 27:5,6,9,14,17; 28:23; 29:5",proverbs 17-17; proverbs 18-18; proverbs 25-25; proverbs 26-26; proverbs 27-27; proverbs 28-28; proverbs 29-29,https://gospelinlife.com/sermon/friendship-2/
677,mapped,,Tim Keller,1990,Runaway Believer,Jonah,Jonah 1:1-10,jonah 1-1,https://gospelinlife.com/sermon/runaway-believer/
1826,mapped,,Tim Keller,2005,"Brother, Captain, King",Christ: Our Treasury (The Book of Hebrews),Hebrews 2:5-18,hebrews 2-2,https://gospelinlife.com/sermon/brother-captain-king/
832,mapped,,Tim Keller,1992,The Whole Armor of God,Spiritual Warfare - The Armor of God,Ephesians 6:10-18,ephesians 6-6,https://gospelinlife.com/sermon/the-whole-armor-of-god/
2183,mapped,,Tim Keller,2011,Everyone with a Gift,Every Member Ministry,Romans 12:1-8,romans 12-12,https://gospelinlife.com/sermon/everyone-with-a-gift/
2079,mapped,,Tim Keller,2009,Generosity in Scarcity,Living by Faith in Troubled Times,Habakkuk 3,habakkuk 3-3,https://gospelinlife.com/sermon/generosity-in-scarcity/
670,mapped,,Tim Keller,1990,Accuser and the Advocate,"Growth in Christ, Part 2",Zechariah 3:1-7,zechariah 3-3,https://gospelinlife.com/sermon/accuser-and-the-advocate/
1877,mapped,,Tim Keller,2006,Man in the Wilderness,"King's Cross: The Gospel of Mark, Part 1: The Coming of the King",Mark 1:1-8,mark 1-1,https://gospelinlife.com/sermon/man-in-the-wilderness/
1840,mapped,,Tim Keller,2005,The Runner,Christ: Our Treasury (The Book of Hebrews),Hebrews 12:1-13,hebrews 12-12,https://gospelinlife.com/sermon/the-runner/
1658,mapped,,Tim Keller,2002,Love and the Practical Graces,Practical Grace; How the Gospel Transforms Character,1 Corinthians 13:1-8,1-corinthians 13-13,https://gospelinlife.com/sermon/love-and-the-practical-graces/
2188,mapped,,Tim Keller,2011,Safe in the Plan,A Study of Ephesians: Who is the Church?,Ephesians 1:8-11,ephesians 1-1,https://gospelinlife.com/sermon/safe-in-the-plan/
2943,mapped,,Tim Keller,1990,Love – Overcoming Fear,Fruit of the Spirit,1 Corinthians 13,1-corinthians 13-13,https://gospelinlife.com/sermon/love/
1650,mapped,,Tim Keller,2001,The Struggle for Love,The Gospel According to Jacob,Genesis 29:15-35,genesis 29-29,https://gospelinlife.com/sermon/the-struggle-for-love/
874,mapped,,Tim Keller,1992,Problem of Meaning: Is There Any Reason for Existence?,Ecclesiastes,Ecclesiastes 1:1-18,ecclesiastes 1-1,https://gospelinlife.com/sermon/problem-of-meaning-is-there-any-reason-for-existence/
1645,mapped,,Tim Keller,2001,The Problem of Blessing,The Gospel According to Jacob,Genesis 27:18-34,genesis 27-27,https://gospelinlife.com/sermon/the-problem-of-blessing/
1542,mapped,,Tim Keller,1999,The Purpose of Christmas,The Apostles' Creed; Getting a Vocabulary for Faith,1 John 1:1-4,1-john 1-1,https://gospelinlife.com/sermon/the-purpose-of-christmas/
1567,mapped,,Tim Keller,2000,The Dream of the Kingdom,Daniel: Living by Faith in a Secular World,"Daniel 2:24-35, 44-46",daniel 2-2,https://gospelinlife.com/sermon/the-dream-of-the-kingdom/
1954,mapped,,Tim Keller,2007,"Women, Pagans and Pharisees","King's Cross: The Gospel of Mark, Part 2: The Journey to the Cross",Mark 15:39-47,mark 15-15,https://gospelinlife.com/sermon/women-pagans-and-pharisees/
2195,mapped,,Tim Keller,2011,Building up the Body,A Study of Ephesians: Who is the Church?,Ephesians 4:1-16,ephesians 4-4,https://gospelinlife.com/sermon/building-up-the-body/
798,mapped,,Tim Keller,1991,Marriage as Friendship,Marriage,Ephesians 5:22-33,ephesians 5-5,https://gospelinlife.com/sermon/marriage-as-friendship/
1849,mapped,,Tim Keller,2005,The Prodigal Sons,The Vision of Redeemer,"Luke 15:1-2, 11-32",luke 15-15,https://gospelinlife.com/sermon/the-prodigal-sons/
1829,mapped,,Tim Keller,2005,Wonderful Counselor,Christ: Our Treasury (The Book of Hebrews),Hebrews 3:12-13; 4:14-5:7,hebrews 3-3; hebrews 4-5,https://gospelinlife.com/sermon/wonderful-counselor/
2301,mapped,,Tim Keller,2014,The Man Born Blind,Seeing Jesus,"John 9:1-7, 35-38",john 9-9,https://gospelinlife.com/sermon/the-man-born-blind/
1586,mapped,,Tim Keller,2000,The Song of Creation,Genesis - The Gospel According to God,"Genesis 1:1-8, 31",genesis 1-1,https://gospelinlife.com/sermon/the-song-of-creation/
1434,mapped,,Tim Keller,1998,How to Change,"Galatians: New Freedom, New Family","Galatians 5:16-18,22-25",galatians 5-5,https://gospelinlife.com/sermon/how-to-change-1998/
2220,mapped,,Tim Keller,2012,Love and Lust,Savior and Teacher - A Study of Matthew,Matthew 5:27-30,matthew 5-5,https://gospelinlife.com/sermon/love-and-lust/
1660,mapped,,Tim Keller,2002,Forgiving Grace,Practical Grace; How the Gospel Transforms Character,"Matthew 18:21-35; 1 Corinthians 13:4,6",matthew 18-18; 1-corinthians 13-13,https://gospelinlife.com/sermon/forgiving-grace/
2374,mapped,,Tim Keller,2015,Prayer of Thirst,Pilgrim Prayer: Psalms for the Journey,Psalm 42:1 - 43:5,psalms 42-43,https://gospelinlife.com/sermon/prayer-of-thirst/
1263,mapped,,Tim Keller,1996,How the Gospel Makes Christians,Thessalonians; The Gospel and the End of Time,1 Thessalonians 1:1-10,1-thessalonians 1-1,https://gospelinlife.com/sermon/how-the-gospel-makes-christians/
1202,mapped,,Tim Keller,1995,Sin and Temptation,James: A Faith that Comes Down to Earth,James 1:9-15,james 1-1,https://gospelinlife.com/sermon/sin-and-temptation/
2065,mapped,,Tim Keller,2009,Justified by Faith,Bible: The Whole Story - Redemption and Restoration,Romans 3:21-28,romans 3-3,https://gospelinlife.com/sermon/justified-by-faith/
2404,mapped,,Tim Keller,2015,The Bible and Experience,What We Believe: Foundations,2 Peter 1:12-21,2-peter 1-1,https://gospelinlife.com/sermon/the-bible-and-experience/
800,mapped,,Tim Keller,1991,Marriage as Completion: One Flesh,Marriage,Ephesians 5:22-33,ephesians 5-5,https://gospelinlife.com/sermon/marriage-as-completion-one-flesh/
804,mapped,,Tim Keller,1991,Marriage as Completion: Gender Roles (Part 1),Marriage,Ephesians 5:22-33,ephesians 5-5,https://gospelinlife.com/sermon/marriage-as-completion-gender-roles-part-1/
1377,mapped,,Tim Keller,1997,No Other Gospel,"Galatians: New Freedom, New Family",Galatians 1:3-12,galatians 1-1,https://gospelinlife.com/sermon/no-other-gospel/
1821,mapped,,Tim Keller,2005,The Two Great Tests,Proverbs: True Wisdom for Living,"Proverbs 3:9-14; 10:16, 25; 24:10-12",proverbs 3-3; proverbs 10-10; proverbs 24-24,https://gospelinlife.com/sermon/the-two-great-tests/
2242,mapped,,Tim Keller,2012,The Descent of the Spirit,Acts: The Gospel in the City,Acts 2:1-13,acts 2-2,https://gospelinlife.com/sermon/the-descent-of-the-spirit/
1960,mapped,,Tim Keller,2007,The Man the King Delights to Honor,Esther and the Hiddenness of God,Esther 3:1-6; 6:1-10,esther 3-3; esther 6-6,https://gospelinlife.com/sermon/the-man-the-king-delights-to-honor/
2194,mapped,,Tim Keller,2011,The Power of the Spirit,A Study of Ephesians: Who is the Church?,Ephesians 3:14-21,ephesians 3-3,https://gospelinlife.com/sermon/the-power-of-the-spirit-2/
2240,mapped,,Tim Keller,2012,The Ascension of Jesus,Acts: The Gospel in the City,Acts 1:1-11,acts 1-1,https://gospelinlife.com/sermon/the-ascension-of-jesus/
1312,mapped,,Tim Keller,1996,Christmas Peace,The Real Jesus Part 2: His Life,Luke 2:10-14,luke 2-2,https://gospelinlife.com/sermon/christmas-peace/
2060,mapped,,Tim Keller,2009,The Power of the Gospel,Bible: The Whole Story - Redemption and Restoration,"Romans 1:1-7, 14-17",romans 1-1,https://gospelinlife.com/sermon/the-power-of-the-gospel/
1627,mapped,,Tim Keller,2001,Real Faith and the Only Son,The Gospel According to Abraham,Genesis 22:1-14,genesis 22-22,https://gospelinlife.com/sermon/real-faith-and-the-only-son/
1890,mapped,,Tim Keller,2006,Lord of the Storm,"King's Cross: The Gospel of Mark, Part 1: The Coming of the King",Mark 4:35-41,mark 4-4,https://gospelinlife.com/sermon/lord-of-the-storm-3/
1527,mapped,,Tim Keller,1999,The Still Small Voice,Discerning the Spirits (with Elijah),1 Kings 19:1-18,1-kings 19-19,https://gospelinlife.com/sermon/the-still-small-voice/
1910,mapped,,Tim Keller,2006,Exclusivity: How Can There Be Just One True Religion?,The Trouble With Christianity: Why It's So Hard to Believe It,1 John 4:1-10,1-john 4-4,https://gospelinlife.com/sermon/exclusivity-how-can-there-be-just-one-true-religion/
1892,mapped,,Tim Keller,2006,The Timing of Jesus,"King's Cross: The Gospel of Mark, Part 1: The Coming of the King",Mark 5:21-43,mark 5-5,https://gospelinlife.com/sermon/the-timing-of-jesus/
1807,mapped,,Tim Keller,2004,The Temptation of Beauty,Proverbs: True Wisdom for Living,"Proverbs 5:15-19; 11:16, 22; 30:18-20",proverbs 5-5; proverbs 11-11; proverbs 30-30,https://gospelinlife.com/sermon/the-temptation-of-beauty/
951,mapped,,Tim Keller,1993,Mission and Meaning,Lent - Nature of Sin,Genesis 3:1-15,genesis 3-3,https://gospelinlife.com/sermon/mission-meaning/
2289,mapped,,Tim Keller,2014,In the Beginning,Seeing Jesus,John 1:1-14,john 1-1,https://gospelinlife.com/sermon/in-the-beginning/
637,mapped,,Tim Keller,1990,Coming to Christ (Part 1),The Beatitudes,Matthew 5:1-5,matthew 5-5,https://gospelinlife.com/sermon/coming-to-christ/
1662,mapped,,Tim Keller,2002,Resting Grace,Practical Grace; How the Gospel Transforms Character,Colossians 3:1-15,colossians 3-3,https://gospelinlife.com/sermon/resting-grace/
1985,mapped,,Tim Keller,2007,Hannah’s Prayer for Family,Real Spirituality - Prayer and Beyond,1 Samuel 1:4-11; 2:1-10,1-samuel 1-1; 1-samuel 2-2,https://gospelinlife.com/sermon/hannahs-prayer-for-family/
1810,mapped,,Tim Keller,2004,The Evil of Envy,Proverbs: True Wisdom for Living,"Proverbs 23:17-18; Psalm 73:1-3, 20-26",proverbs 23-23; psalms 73-73,https://gospelinlife.com/sermon/the-evil-of-envy/
1161,mapped,,Tim Keller,1995,Adoration: “Hallowed Be Thy Name”,The Lord's Prayer 1995,Matthew 6:6-15,matthew 6-6,https://gospelinlife.com/sermon/adoration-hallowed-be-thy-name/
1196,mapped,,Tim Keller,1995,Power for Facing Trouble,James: A Faith that Comes Down to Earth,James 1:5-8,james 1-1,https://gospelinlife.com/sermon/power-for-facing-trouble/
2197,mapped,,Tim Keller,2011,The Meaning of Christmas,Christmas 2011,1 John 1:1-4,1-john 1-1,https://gospelinlife.com/sermon/the-meaning-of-christmas/
2295,mapped,,Tim Keller,2014,The Pool,Seeing Jesus,John 5:1-18,john 5-5,https://gospelinlife.com/sermon/the-pool/
646,mapped,,Tim Keller,1990,War and Peace,Sermon on the Mount,Matthew 5:9-12,matthew 5-5,https://gospelinlife.com/sermon/war-and-peace/
1184,mapped,,Tim Keller,1995,Pressing Forward,Philippians,Philippians 3:7-14,philippians 3-3,https://gospelinlife.com/sermon/pressing-forward/
3341,mapped,,Tim Keller,2010,Peace,The Real Signs of the Spirit,Philippians 4:4-12,philippians 4-4,https://gospelinlife.com/sermon/peace-4/
1553,mapped,,Tim Keller,2000,Praying Our Tears,Psalms - The Songs of Jesus,Psalm 39:12-13; 126:1-6,psalms 39-39; psalms 126-126,https://gospelinlife.com/sermon/praying-our-tears/
2202,mapped,,Tim Keller,2012,How To Be Strong,A Study of Ephesians: Who is the Church?,Ephesians 6:14-24,ephesians 6-6,https://gospelinlife.com/sermon/how-to-be-strong/
2310,mapped,,Tim Keller,2014,Clothed with Power (Easter),Knowing Jesus,Luke 24:36-49,luke 24-24,https://gospelinlife.com/sermon/clothed-with-power-easter/
1912,mapped,,Tim Keller,2006,"Suffering: If God Is Good, Why Is There So Much Evil in the World?",The Trouble With Christianity: Why It's So Hard to Believe It,1 Peter 1:3-12,1-peter 1-1,https://gospelinlife.com/sermon/suffering-if-god-is-good-why-is-there-so-much-evil-in-the-world/
1080,mapped,,Tim Keller,1994,Knowing God,"Knowing that We Know God; 1 John, Part 1",1 John 1:1-4,1-john 1-1,https://gospelinlife.com/sermon/knowing-god-1/
1733,mapped,,Tim Keller,2003,The Hiddenness of God,The Gospel According to Joseph,Genesis 37:2b-13; 23-34,genesis 37-37; genesis 23-34,https://gospelinlife.com/sermon/the-hiddenness-of-god/
788,mapped,,Tim Keller,1991,The Good Shepherd,"Gospel of John, Part 1",John 10:1-15,john 10-10,https://gospelinlife.com/sermon/the-good-shepherd/
2460,mapped,,Tim Keller,2016,Love and Forgiveness,What We Are Becoming: Transforming Love,Romans 12:9-21,romans 12-12,https://gospelinlife.com/sermon/love-and-forgiveness/
838,mapped,,Tim Keller,1992,The Breastplate of Righteousness (Part 1),Spiritual Warfare - The Armor of God,Ephesians 6:10-20,ephesians 6-6,https://gospelinlife.com/sermon/the-breastplate-of-righteousness/
1831,mapped,,Tim Keller,2005,The Advocate,Christ: Our Treasury (The Book of Hebrews),Hebrews 7:18-27,hebrews 7-7,https://gospelinlife.com/sermon/the-advocate-2/
1833,mapped,,Tim Keller,2005,The Lord We Can Know,Christ: Our Treasury (The Book of Hebrews),Hebrews 8:1-2; 7-13,hebrews 8-8; hebrews 7-13,https://gospelinlife.com/sermon/the-lord-we-can-know/
1933,mapped,,Tim Keller,2006,Mortification Through Joy,In Christ Jesus: How the Spirit Transforms Us,Romans 8:1-13,romans 8-8,https://gospelinlife.com/sermon/mortification-through-joy/
1674,mapped,,Tim Keller,2002,Finding God,Psalms; Disciplines of Grace,Psalm 42:1-43:5,psalms 42-43,https://gospelinlife.com/sermon/finding-god/
1383,mapped,,Tim Keller,1997,Why They Glorified God,"Galatians: New Freedom, New Family",Galatians 1:10-24,galatians 1-1,https://gospelinlife.com/sermon/why-they-glorified-god/
2193,mapped,,Tim Keller,2011,A Foretaste of the Future,A Study of Ephesians: Who is the Church?,Ephesians 3:1-13,ephesians 3-3,https://gospelinlife.com/sermon/a-foretaste-of-the-future/
1945,excluded,not a sermon: Leader Talks,Tim Keller,2007,Spiritual Gifts and the Steward-Leader,Steward Leadership (Leader Talks),1 Corinthians 12:4-7,1-corinthians 12-12,https://gospelinlife.com/sermon/spiritual-gifts-and-the-steward-leader/
2189,mapped,,Tim Keller,2011,Marked as Possession,A Study of Ephesians: Who is the Church?,Ephesians 1:11-16,ephesians 1-1,https://gospelinlife.com/sermon/marked-as-possession/
2286,mapped,,Tim Keller,2013,Light in the Darkness,"Jesus, Our Hope (Advent)",Isaiah 9:1-7,isaiah 9-9,https://gospelinlife.com/sermon/light-in-the-darkness/
1617,mapped,,Tim Keller,2001,Real Security and the Call of God,The Gospel According to Abraham,Genesis 11:27-12:9,genesis 11-12,https://gospelinlife.com/sermon/real-security-and-the-call-of-god/
1847,mapped,,Tim Keller,2005,Repairing Relationships,Proverbs: True Wisdom for Living,"Proverbs 10:18; 11:12-13;17:9;24:17-18, 28-29; 25:7b-10,21-22;27:5-6",proverbs 10-10; proverbs 11-11; proverbs 17-17; proverbs 24-24; proverbs 25-25; proverbs 27-27,https://gospelinlife.com/sermon/repairing-relationships/
2105,mapped,,Tim Keller,2010,A Counter-Culture of Grace,The Gospel in Community: The Book of James,James 4:1-12,james 4-4,https://gospelinlife.com/sermon/a-counter-culture-of-grace/
2023,mapped,,Tim Keller,2008,Forgiveness and Reconciliation,Practicing The Christian Life,"Matthew 18:15-17, 23-35",matthew 18-18,https://gospelinlife.com/sermon/forgiveness-and-reconciliation/
1040,mapped,,Tim Keller,1994,Cross: The Way to Endurance,The Cross and Your Life,Romans 5:1-10,romans 5-5,https://gospelinlife.com/sermon/cross-the-way-to-endurance/
2196,mapped,,Tim Keller,2011,The New Self,A Study of Ephesians: Who is the Church?,Ephesians 4:17-24,ephesians 4-4,https://gospelinlife.com/sermon/the-new-self-2/
1959,mapped,,Tim Keller,2007,"If I Perish, I Perish",Esther and the Hiddenness of God,Esther 4:5-17,esther 4-4,https://gospelinlife.com/sermon/if-i-perish-i-perish/
1225,mapped,,Tim Keller,1996,Life of Faith,James: A Faith that Comes Down to Earth,James 2:14-26,james 2-2,https://gospelinlife.com/sermon/life-of-faith/
2462,mapped,,Tim Keller,2016,"Love, Patience and Suffering",What We Are Becoming: Transforming Love,Romans 8:16-28,romans 8-8,https://gospelinlife.com/sermon/love-patience-and-suffering/
1992,mapped,,Tim Keller,2007,The True Bridegroom,Jesus of the Prophets,Hosea 3:1-5; 11:4-11,hosea 3-3; hosea 11-11,https://gospelinlife.com/sermon/the-true-bridegroom/
1999,mapped,,Tim Keller,2008,Miserable Comforters,Job - A Path Through Suffering,Job 5:1-7; 6:1-10,job 5-5; job 6-6,https://gospelinlife.com/sermon/miserable-comforters/
644,mapped,,Tim Keller,1990,Patience (Part 1),Fruit of the Spirit,James 5:7-16,james 5-5,https://gospelinlife.com/sermon/patience/
1397,mapped,,Tim Keller,1997,The Principle of Spiritual Power,"Galatians: New Freedom, New Family",Galatians 3:1-5,galatians 3-3,https://gospelinlife.com/sermon/the-principle-of-spiritual-power/
1226,mapped,,Tim Keller,1996,Sin as Predator,The Faces of Sin,Genesis 4:3-15,genesis 4-4,https://gospelinlife.com/sermon/sin-as-predator/
1834,mapped,,Tim Keller,2005,The Sacrifice,Christ: Our Treasury (The Book of Hebrews),Hebrews 9:11-14; 10:11-18,hebrews 9-9; hebrews 10-10,https://gospelinlife.com/sermon/the-sacrifice/
1904,mapped,,Tim Keller,2006,Jesus on the Mount; Jesus off the Mount,"King's Cross: The Gospel of Mark, Part 2: The Journey to the Cross",Mark 9:2-29,mark 9-9,https://gospelinlife.com/sermon/jesus-on-the-mount-jesus-off-the-mount/
972,mapped,,Tim Keller,1993,The Cosmic King,Revelation: The Final Word,Revelation 1:9-18,revelation 1-1,https://gospelinlife.com/sermon/the-cosmic-king/
2297,mapped,,Tim Keller,2014,The Feeding,Seeing Jesus,"John 6:1-14,27-35",john 6-6,https://gospelinlife.com/sermon/the-feeding/
1242,mapped,,Tim Keller,1996,Worry,James: A Faith that Comes Down to Earth,James 4:13-17,james 4-4,https://gospelinlife.com/sermon/worry/
2406,mapped,,Tim Keller,2015,The Bible and Finality,What We Believe: Foundations,Hebrews 1:1-4,hebrews 1-1,https://gospelinlife.com/sermon/the-bible-and-finality/
1346,mapped,,Tim Keller,1997,Predestination,Hot Potatoes From Corinthians,1 Corinthians 1:18-31,1-corinthians 1-1,https://gospelinlife.com/sermon/predestination/
1381,mapped,,Tim Keller,1997,Controversy,"Galatians: New Freedom, New Family",Galatians 1:6-12,galatians 1-1,https://gospelinlife.com/sermon/controversy/
1813,mapped,,Tim Keller,2004,Sluggardliness,Proverbs: True Wisdom for Living,Proverbs 8:1-4; 10:4-5; 12:10-11; 15:19; 22:29; 27:18,proverbs 8-8; proverbs 10-10; proverbs 12-12; proverbs 15-15; proverbs 22-22; proverbs 27-27,https://gospelinlife.com/sermon/sluggardliness/
647,mapped,,Tim Keller,1990,Kindness – Overcoming Self-Pity,Fruit of the Spirit,1 John 3:16-20,1-john 3-3,https://gospelinlife.com/sermon/kindness-overcoming-self-pity/
1385,mapped,,Tim Keller,1997,The Fellowship of the Gospel,"Galatians: New Freedom, New Family",Galatians 2:1-10,galatians 2-2,https://gospelinlife.com/sermon/the-fellowship-of-the-gospel/
1845,mapped,,Tim Keller,2005,Words,Proverbs: True Wisdom for Living,Proverbs 10:18-19,proverbs 10-10,https://gospelinlife.com/sermon/words/
1480,mapped,,Tim Keller,1998,I Am the Shepherd,John - On Knowing the Christ,John 10:1-18,john 10-10,https://gospelinlife.com/sermon/i-am-the-shepherd/
2034,mapped,,Tim Keller,2008,He Welcomes Sinners,The Fellowship of Grace,Luke 15:1-10,luke 15-15,https://gospelinlife.com/sermon/he-welcomes-sinners/
2215,mapped,,Tim Keller,2012,The Crucifixion,Savior and Teacher - A Study of Matthew,Matthew 27:45-56,matthew 27-27,https://gospelinlife.com/sermon/the-crucifixion/
1415,mapped,,Tim Keller,1998,Enslaved to Non-gods,"Galatians: New Freedom, New Family",Galatians 4:8-20,galatians 4-4,https://gospelinlife.com/sermon/enslaved-to-non-gods/
1128,mapped,,Tim Keller,1995,Pride: The Case of Nebuchadnezzar,The Seven Deadly Sins,Daniel 4:24-37,daniel 4-4,https://gospelinlife.com/sermon/pride-the-case-of-nebuchadnezzar/
1811,mapped,,Tim Keller,2004,Haughty Eyes,Proverbs: True Wisdom for Living,"Proverbs 11:2,12; 13:10; 15:25,33; 16:18-19; 21:4; 28:26",proverbs 11-11; proverbs 13-13; proverbs 15-15; proverbs 16-16; proverbs 21-21; proverbs 28-28,https://gospelinlife.com/sermon/haughty-eyes/
1499,mapped,,Tim Keller,1999,The Upside Down Kingdom,The Mount; Life in the Kingdom,Luke 6:17-26,luke 6-6,https://gospelinlife.com/sermon/the-upside-down-kingdom/
680,mapped,,Tim Keller,1990,Love Beneath the Waves,Jonah,Jonah 1:1-17,jonah 1-1,https://gospelinlife.com/sermon/love-beneath-the-waves/
997,mapped,,Tim Keller,1993,The Search for Happiness,Modern Problems; Ancient Solutions,Psalm 1,psalms 1-1,https://gospelinlife.com/sermon/the-search-for-happiness/
2097,mapped,,Tim Keller,2009,A Society of Suffering,The Gospel in Community: The Book of James,James 1:1-18,james 1-1,https://gospelinlife.com/sermon/a-society-of-suffering/
645,mapped,,Tim Keller,1990,Patience – Overcoming Anger (Part 2),Fruit of the Spirit,"1 John 3:11-20, Ephesians 4:26-32",1-john 3-3; ephesians 4-4,https://gospelinlife.com/sermon/patience-overcoming-anger/
2083,mapped,,Tim Keller,2009,David and Bathsheba,The Life of David 2009,"2 Samuel 11:1-5, 14-17; 12:1-7",2-samuel 11-11; 2-samuel 12-12,https://gospelinlife.com/sermon/david-and-bathsheba/
2180,mapped,,Tim Keller,2011,The King and the Furnace,Theophany: Anticipations of Jesus in the Old Testament,Daniel 3:14-29,daniel 3-3,https://gospelinlife.com/sermon/the-king-and-the-furnace/
1919,mapped,,Tim Keller,2006,Hell: Isn’t the God of Christianity an Angry Judge?,The Trouble With Christianity: Why It's So Hard to Believe It,Luke 16:19-31,luke 16-16,https://gospelinlife.com/sermon/hell-isn-t-the-god-of-christianity-an-angry-judge/
1903,mapped,,Tim Keller,2006,The King on a Cross,"King's Cross: The Gospel of Mark, Part 1: The Coming of the King",Mark 8:27-9:1,mark 8-9,https://gospelinlife.com/sermon/the-king-on-a-cross/
995,mapped,,Tim Keller,1993,Election,"Splendor in the Furnace; 1 Peter, Part 1",1 Peter 1:1-2,1-peter 1-1,https://gospelinlife.com/sermon/election/
1687,mapped,,Tim Keller,2002,The Story of the Lamb,The Gospel According to Moses: Discovering the Lost Language of Salvation,Exodus 12:1-13,exodus 12-12,https://gospelinlife.com/sermon/the-story-of-the-lamb/
1808,mapped,,Tim Keller,2004,Scattering Gathers; Gathering Scatters,Proverbs: True Wisdom for Living,"Proverbs 10:15-16; 11:1,4,24,26; 13:21,23; 30:8b-9",proverbs 10-10; proverbs 11-11; proverbs 13-13; proverbs 30-30,https://gospelinlife.com/sermon/scattering-gathers-gathering-scatters/
2410,mapped,,Tim Keller,2015,God,What We Believe: Foundations,Exodus 3:1-14,exodus 3-3,https://gospelinlife.com/sermon/god/
1852,mapped,,Tim Keller,2005,"Christ, Our Life",The Vision of Redeemer,Colossians 3:1-14,colossians 3-3,https://gospelinlife.com/sermon/christ-our-life-2005/
834,mapped,,Tim Keller,1992,The Belt of Truth (Part 1),Spiritual Warfare - The Armor of God,Ephesians 6:10-18,ephesians 6-6,https://gospelinlife.com/sermon/the-belt-of-truth/
1932,mapped,,Tim Keller,2006,Splitness,In Christ Jesus: How the Spirit Transforms Us,Romans 7:1-9;18-25,romans 7-7,https://gospelinlife.com/sermon/splitness/
1427,mapped,,Tim Keller,1998,A World of Idols,The Church - How to Believe Despite Christians,Acts 17:16-34,acts 17-17,https://gospelinlife.com/sermon/a-world-of-idols/
2108,mapped,,Tim Keller,2010,Can a Mother Forget?,The Songs of the Servant (from Isaiah),Isaiah 49:1-16,isaiah 49-49,https://gospelinlife.com/sermon/can-a-mother-forget/
2062,mapped,,Tim Keller,2009,The Heart of Darkness,Bible: The Whole Story - Redemption and Restoration,Romans 1:18-32,romans 1-1,https://gospelinlife.com/sermon/the-heart-of-darkness/
1737,mapped,,Tim Keller,2003,Reconciliation,The Gospel According to Joseph,Genesis 50:12-21,genesis 50-50,https://gospelinlife.com/sermon/reconciliation/
1395,mapped,,Tim Keller,1997,Justified Sinners,"Galatians: New Freedom, New Family",Galatians 2:17-21,galatians 2-2,https://gospelinlife.com/sermon/justified-sinners/
2408,mapped,,Tim Keller,2015,I Believe,What We Believe: Foundations,Acts 17:16-34,acts 17-17,https://gospelinlife.com/sermon/i-believe/
1655,mapped,,Tim Keller,2001,Ruth,The Mothers of Jesus,Ruth 1:8-17; 4:13-17,ruth 1-1; ruth 4-4,https://gospelinlife.com/sermon/ruth/
2051,mapped,,Tim Keller,2008,The First Christian,Christmas 2008 - The Beginning of the Gospel,Luke 1:26-38,luke 1-1,https://gospelinlife.com/sermon/the-first-christian-2/
805,mapped,,Tim Keller,1991,Marriage as Completion: Gender Roles (Part 2),Marriage,Ephesians 5:22-33,ephesians 5-5,https://gospelinlife.com/sermon/marriage-as-completion-gender-roles-part-2/
1881,mapped,,Tim Keller,2006,Called to Be Disciples,"King's Cross: The Gospel of Mark, Part 1: The Coming of the King",Mark 1:14-20,mark 1-1,https://gospelinlife.com/sermon/called-to-be-disciples/
659,mapped,,Tim Keller,1990,"Marriage, Divorce, and Singleness",Sermon on the Mount,Matthew 19:1-12,matthew 19-19,https://gospelinlife.com/sermon/marriage-divorce-singleness/
660,mapped,,Tim Keller,1990,Self-Control (Part 1),Fruit of the Spirit,Galatians 5:19-26,galatians 5-5,https://gospelinlife.com/sermon/self-control/
1975,mapped,,Tim Keller,2007,A Covenant Relationship,The New Heart God Gives,"Deuteronomy 29:2-4, 9-18",deuteronomy 29-29,https://gospelinlife.com/sermon/a-covenant-relationship/
1838,mapped,,Tim Keller,2005,The Unseen Foundation,Christ: Our Treasury (The Book of Hebrews),"Hebrews 11:1-10,13",hebrews 11-11,https://gospelinlife.com/sermon/the-unseen-foundation/
648,mapped,,Tim Keller,1990,Salt and Light,Sermon on the Mount,Matthew 5:13-16,matthew 5-5,https://gospelinlife.com/sermon/salt-and-light/
1392,mapped,,Tim Keller,1997,How Money Makes Us Fools,Stewardship,Luke 12:13-21,luke 12-12,https://gospelinlife.com/sermon/how-money-makes-us-fools/
3343,mapped,,Tim Keller,2010,Humility,The Real Signs of the Spirit,Philippians 2:1-11,philippians 2-2,https://gospelinlife.com/sermon/humility-6/
1814,mapped,,Tim Keller,2004,A Broken Wall,Proverbs: True Wisdom for Living,Proverbs 18:10; 23:19-21; 25:28; Titus 2:11-14,proverbs 18-18; proverbs 23-23; proverbs 25-25; titus 2-2,https://gospelinlife.com/sermon/a-broken-wall/
1652,mapped,,Tim Keller,2001,The Fight of Your Life,The Gospel According to Jacob,Genesis 32:22-32,genesis 32-32,https://gospelinlife.com/sermon/the-fight-of-your-life/
1923,mapped,,Tim Keller,2006,Literalism: Isn’t the Bible Historically Unreliable and Regressive?,The Trouble With Christianity: Why It's So Hard to Believe It,Luke 1:1-4; 24:13-32,luke 1-1; luke 24-24,https://gospelinlife.com/sermon/literalism-isn-t-the-bible-historically-unreliable-and-regressive-am/
1848,mapped,,Tim Keller,2005,Family,Proverbs: True Wisdom for Living,Proverbs 2:16-17,proverbs 2-2,https://gospelinlife.com/sermon/family/
2191,mapped,,Tim Keller,2011,A New Humanity,A Study of Ephesians: Who is the Church?,Ephesians 2:11-18,ephesians 2-2,https://gospelinlife.com/sermon/a-new-humanity/
1363,mapped,,Tim Keller,1997,A Christian’s Happiness,Happiness and Weeping,Romans 8:28-30,romans 8-8,https://gospelinlife.com/sermon/a-christians-happiness/
1988,mapped,,Tim Keller,2007,Heman’s Cry of Darkness,Real Spirituality - Prayer and Beyond,"Psalm 88:1-2, 6-18",psalms 88-88,https://gospelinlife.com/sermon/hemans-cry-of-darkness/
2165,mapped,,Tim Keller,2011,The Jealousy of God,To Know the Living God; The God Who Makes Alive,Exodus 20:1-6,exodus 20-20,https://gospelinlife.com/sermon/the-jealousy-of-god/
682,mapped,,Tim Keller,1990,The Church Before the Watching World,Jonah,Jonah 1:4-16,jonah 1-1,https://gospelinlife.com/sermon/the-church-before-the-watching-world/
2154,mapped,,Tim Keller,2011,Maker of Heaven and Earth,To Know the Living God; The Majesty of God,Psalm 8:1-9,psalms 8-8,https://gospelinlife.com/sermon/maker-of-heaven-and-earth/
1205,mapped,,Tim Keller,1995,Growth Through Hearing Truth (Part 1),James: A Faith that Comes Down to Earth,James 1:19-21,james 1-1,https://gospelinlife.com/sermon/growth-through-hearing-truth-part-1/
811,mapped,,Tim Keller,1991,Parents and Children,,Ephesians 6:1-4,ephesians 6-6,https://gospelinlife.com/sermon/parents-and-children/
1251,mapped,,Tim Keller,1996,Healing and Prayer,James: A Faith that Comes Down to Earth,James 5:13-18,james 5-5,https://gospelinlife.com/sermon/healing-and-prayer/
1683,mapped,,Tim Keller,2002,Preparing for Salvation,The Gospel According to Moses: Discovering the Lost Language of Salvation,Exodus 1:17-2:14,exodus 1-2,https://gospelinlife.com/sermon/preparing-for-salvation/
1587,mapped,,Tim Keller,2000,Made for Stewardship,Genesis - The Gospel According to God,"Genesis 1:26-2:2; 2:7-9, 15",genesis 1-2; genesis 2-2,https://gospelinlife.com/sermon/made-for-stewardship/
1414,mapped,,Tim Keller,1998,The Experience of Adoption,"Galatians: New Freedom, New Family",Galatians 3:26-4:7,galatians 3-4,https://gospelinlife.com/sermon/the-experience-of-adoption/
2252,mapped,,Tim Keller,2013,Suffering and Glory,Acts: The Gospel in the City,"Acts 7:1, 35-39, 51-8:1",acts 7-7,https://gospelinlife.com/sermon/suffering-and-glory/
1509,mapped,,Tim Keller,1999,"Love, Lust and Liberation",The Mount; Life in the Kingdom,Matthew 5:27-30,matthew 5-5,https://gospelinlife.com/sermon/love-lust-and-liberation/
2418,mapped,,Tim Keller,2015,The Holy Spirit,What We Believe: Foundations,John 14:15-26,john 14-14,https://gospelinlife.com/sermon/the-holy-spirit-2/
639,mapped,,Tim Keller,1990,Coming to Christ (Part 2),The Beatitudes,Matthew 5:1-6,matthew 5-5,https://gospelinlife.com/sermon/coming-to-christ-2/
824,mapped,,Tim Keller,1991,The First Christian,Advent: God with Us,Luke 1:26-38,luke 1-1,https://gospelinlife.com/sermon/the-first-christian/
2199,mapped,,Tim Keller,2012,Marriage in Christ,A Study of Ephesians: Who is the Church?,Ephesians 5:21-33,ephesians 5-5,https://gospelinlife.com/sermon/marriage-in-christ/
1819,mapped,,Tim Keller,2004,What Kind of Fool Are You?,Proverbs: True Wisdom for Living,"Proverbs 1:22, 32-33; 8:27-32; 14:15; 15:5; 16:25; 19:25; 21:24",proverbs 1-1; proverbs 8-8; proverbs 14-14; proverbs 15-15; proverbs 16-16; proverbs 19-19; proverbs 21-21,https://gospelinlife.com/sermon/what-kind-of-fool-are-you/
1165,mapped,,Tim Keller,1995,Submission; “Thy Kingdom; Thy Will”,The Lord's Prayer 1995,Matthew 6:9-15,matthew 6-6,https://gospelinlife.com/sermon/submission-thy-kingdom-thy-will/
1884,mapped,,Tim Keller,2006,The Healing of Forgiveness,"King's Cross: The Gospel of Mark, Part 1: The Coming of the King",Mark 2:1-12,mark 2-2,https://gospelinlife.com/sermon/the-healing-of-forgiveness/
614,mapped,,Tim Keller,1989,Finding our Identity in Christ (Part 1),"Growth in Christ, Part 1",Colossians 3:1-4,colossians 3-3,https://gospelinlife.com/sermon/finding-our-identity-in-christ-part-1/
1393,mapped,,Tim Keller,1997,I No Longer Live the Life I Live,"Galatians: New Freedom, New Family",Galatians 2:14-21,galatians 2-2,https://gospelinlife.com/sermon/i-no-longer-live-the-life-i-live/
1736,mapped,,Tim Keller,2003,Discipline,The Gospel According to Joseph,Genesis 42:1-9; 45:1-9,genesis 42-42; genesis 45-45,https://gospelinlife.com/sermon/discipline/
1213,mapped,,Tim Keller,1995,The Lifestyle of Justice,James: A Faith that Comes Down to Earth,James 1:27-2:1-7,james 1-2,https://gospelinlife.com/sermon/the-lifestyle-of-justice/
1483,mapped,,Tim Keller,1998,I Am the Bread,John - On Knowing the Christ,John 6:5-13; 32-35,john 6-6,https://gospelinlife.com/sermon/i-am-the-bread/
1841,mapped,,Tim Keller,2005,Shaker of the Earth,Christ: Our Treasury (The Book of Hebrews),Hebrews 12:18-29,hebrews 12-12,https://gospelinlife.com/sermon/shaker-of-the-earth/
1935,mapped,,Tim Keller,2006,Groaning in the Spirit,In Christ Jesus: How the Spirit Transforms Us,Romans 8:13-27,romans 8-8,https://gospelinlife.com/sermon/groaning-in-the-spirit/
1571,mapped,,Tim Keller,2000,The Lions of God,Daniel: Living by Faith in a Secular World,"Daniel 6:1-10, 16-23",daniel 6-6,https://gospelinlife.com/sermon/the-lions-of-god/
1199,mapped,,Tim Keller,1995,Two Basic Kinds of Trouble,James: A Faith that Comes Down to Earth,James 1:9-12,james 1-1,https://gospelinlife.com/sermon/two-basic-kinds-of-trouble/
935,mapped,,Tim Keller,1993,Shameless Prayer,Hard Sayings of Jesus 1993,Luke 11:5-13,luke 11-11,https://gospelinlife.com/sermon/shameless-prayer/
1654,mapped,,Tim Keller,2001,Tamar,The Mothers of Jesus,"Genesis 38:11-19, 24-30",genesis 38-38,https://gospelinlife.com/sermon/tamar/
1275,mapped,,Tim Keller,1996,Jacob and the Wrestler,Daring to Draw Near,Genesis 32:22-32,genesis 32-32,https://gospelinlife.com/sermon/jacob-and-the-wrestler/
1888,mapped,,Tim Keller,2006,The Seed of the Kingdom,"King's Cross: The Gospel of Mark, Part 1: The Coming of the King",Mark 4:1-20,mark 4-4,https://gospelinlife.com/sermon/the-seed-of-the-kingdom/
1510,mapped,,Tim Keller,1999,Treasure vs. Money,The Mount; Life in the Kingdom,Matthew 6:19-34,matthew 6-6,https://gospelinlife.com/sermon/treasure-vs-money/
1717,mapped,,Tim Keller,2003,Work and Rest,The Meaning of Jesus Part 2; Following Him,Luke 6:1-11,luke 6-6,https://gospelinlife.com/sermon/work-and-rest/
1835,mapped,,Tim Keller,2005,A Better Resurrection (Easter),Christ: Our Treasury (The Book of Hebrews),Hebrews 11:32-40,hebrews 11-11,https://gospelinlife.com/sermon/a-better-resurrection-easter/
1507,mapped,,Tim Keller,1999,Love in the Neighborhood,The Mount; Life in the Kingdom,Luke 6:27-38,luke 6-6,https://gospelinlife.com/sermon/love-in-the-neighborhood/
892,mapped,,Tim Keller,1992,The Sower: On Hearing,The Parables of Jesus 1992,Matthew 13:1-9; 18-23,matthew 13-13; matthew 18-23,https://gospelinlife.com/sermon/the-sower-on-hearing/
2003,mapped,,Tim Keller,2008,My Servant Job,Job - A Path Through Suffering,Job 38:1-3; 40:8-12; 42:1-10,job 38-38; job 40-40; job 42-42,https://gospelinlife.com/sermon/my-servant-job/
700,mapped,,Tim Keller,1990,Ancient Glory of Jesus Christ,"Gospel of John, Part 1",John 1:1-5,john 1-1,https://gospelinlife.com/sermon/ancient-glory-of-jesus-christ/
2198,mapped,,Tim Keller,2012,Children of the Light,A Study of Ephesians: Who is the Church?,Ephesians 5:5-21,ephesians 5-5,https://gospelinlife.com/sermon/children-of-the-light/
1551,mapped,,Tim Keller,2000,Praying Our Doubts,Psalms - The Songs of Jesus,Psalm 73:1-3; 12-26,psalms 73-73; psalms 12-26,https://gospelinlife.com/sermon/praying-our-doubts/
2422,mapped,,Tim Keller,2015,The End of History,What We Believe: Foundations,Revelation 21:1-6; 22:1-5,revelation 21-21; revelation 22-22,https://gospelinlife.com/sermon/the-end-of-history/
1836,unmapped,,Tim Keller,2005,Cultivating a Healthy Marriage,Cultivating a Healthy Marriage,,,https://gospelinlife.com/sermon/cultivating-a-healthy-marriage-part-1-lecture/
1167,mapped,,Tim Keller,1995,Petition; “Our Daily Bread”,The Lord's Prayer 1995,Matthew 6:9-15,matthew 6-6,https://gospelinlife.com/sermon/petition-our-daily-bread/
1515,mapped,,Tim Keller,1999,Praying in the Spirit,The Lord's Prayer 1999,Romans 8:15-27,romans 8-8,https://gospelinlife.com/sermon/praying-in-the-spirit/
671,mapped,,Tim Keller,1990,Seeking the Kingdom,The Lord's Prayer 1990,Matthew 6:25-34,matthew 6-6,https://gospelinlife.com/sermon/seeking-the-kingdom/
2001,mapped,,Tim Keller,2008,"If a Man Dies, Shall He Live Again?",Job - A Path Through Suffering,Job 13:20-24; 14:7-17,job 13-13; job 14-14,https://gospelinlife.com/sermon/if-a-man-dies-shall-he-live-again/
1758,mapped,,Tim Keller,2003,Converted by the Spirit,The Necessity of Belief,Acts 10:27-47,acts 10-10,https://gospelinlife.com/sermon/converted-by-the-spirit/
1891,mapped,,Tim Keller,2006,The Defeat of Evil,"King's Cross: The Gospel of Mark, Part 1: The Coming of the King",Mark 5:1-20,mark 5-5,https://gospelinlife.com/sermon/the-defeat-of-evil/
1646,mapped,,Tim Keller,2001,The Openness of Heaven,The Gospel According to Jacob,Genesis 28:10-22,genesis 28-28,https://gospelinlife.com/sermon/the-openness-of-heaven/
650,mapped,,Tim Keller,1990,"Goodness, Faithfulness",Fruit of the Spirit,1 John 1:5-2:8,1-john 1-2,https://gospelinlife.com/sermon/goodness-faithfulness/
3329,mapped,,Tim Keller,2002,Worship,Psalms; Disciplines of Grace,Psalm 95:1-11,psalms 95-95,https://gospelinlife.com/sermon/worship-2002/
1663,mapped,,Tim Keller,2002,Receptive Grace,Practical Grace; How the Gospel Transforms Character,1 Corinthians 8:4-11; Romans 15:1-7,1-corinthians 8-8; romans 15-15,https://gospelinlife.com/sermon/receptive-grace/
809,mapped,,Tim Keller,1991,Knowing the Father,"Gospel of John, Part 1",John 14:5-15,john 14-14,https://gospelinlife.com/sermon/knowing-the-father/
1661,mapped,,Tim Keller,2002,Befriending Grace,Practical Grace; How the Gospel Transforms Character,Ephesians 4:29-5:2; John 15:12-15,ephesians 4-5; john 15-15,https://gospelinlife.com/sermon/befriending-grace/
2360,mapped,,Tim Keller,2014,The Magi and Jesus,Matthew's Messiah,Matthew 2:1-12,matthew 2-2,https://gospelinlife.com/sermon/the-magi-and-jesus/
1178,mapped,,Tim Keller,1995,Imitating the Incarnation,Philippians,Philippians 2:3-11,philippians 2-2,https://gospelinlife.com/sermon/imitating-the-incarnation/
2448,mapped,,Tim Keller,2016,Encountering the Risen King (Easter),Where We Are Going: The City and the Mission,John 20:1-18,john 20-20,https://gospelinlife.com/sermon/encountering-the-risen-king/
2303,mapped,,Tim Keller,2014,Out From the Grave,Seeing Jesus,John 11:18-44,john 11-11,https://gospelinlife.com/sermon/out-from-the-grave/
1885,mapped,,Tim Keller,2006,The Lord of the Sabbath,"King's Cross: The Gospel of Mark, Part 1: The Coming of the King",Mark 2:23-3:6,mark 2-3,https://gospelinlife.com/sermon/the-lord-of-the-sabbath/
2292,mapped,,Tim Keller,2014,The Healing,Seeing Jesus,John 4:46-54,john 4-4,https://gospelinlife.com/sermon/the-healing/
684,mapped,,Tim Keller,1990,Faith Rising,Jonah,Jonah 2:1-10,jonah 2-2,https://gospelinlife.com/sermon/faith-rising/
1233,mapped,,Tim Keller,1996,Wise Relationships,James: A Faith that Comes Down to Earth,James 3:9-18,james 3-3,https://gospelinlife.com/sermon/wise-relationships/
656,mapped,,Tim Keller,1990,Gifts of the Risen Lord (Easter),,John 20:10-29,john 20-20,https://gospelinlife.com/sermon/gifts-of-the-risen-lord-easter-sunday/
1477,mapped,,Tim Keller,1998,Come and See,John - On Knowing the Christ,John 1:35-51,john 1-1,https://gospelinlife.com/sermon/come-and-see-2/
2440,mapped,,Tim Keller,2016,The Centrality of the Gospel,Where We Are Going: The City and the Mission,Galatians 2:11-21,galatians 2-2,https://gospelinlife.com/sermon/the-centrality-of-the-gospel-2/
2089,mapped,,Tim Keller,2009,Hope for Your Life,"The Gospel, Hope, and the World",1 Peter 1:3-13,1-peter 1-1,https://gospelinlife.com/sermon/hope-for-your-life/
2412,mapped,,Tim Keller,2015,Sin,What We Believe: Foundations,Genesis 2:16-17; 3:1-9,genesis 2-2; genesis 3-3,https://gospelinlife.com/sermon/sin/
2540,excluded,not a sermon: Questioning Christianity,Tim Keller,2019,Faith and Proof,Questioning Christianity (2019),,,https://gospelinlife.com/sermon/faith-and-proof-2/
1210,mapped,,Tim Keller,1995,Growth Through Hearing Truth (Part 2),James: A Faith that Comes Down to Earth,James 1:19-27,james 1-1,https://gospelinlife.com/sermon/growth-through-hearing-truth-part-2/
808,mapped,,Tim Keller,1991,The Marriage Supper of the Lamb,Marriage,Ephesians 5:22-33,ephesians 5-5,https://gospelinlife.com/sermon/marriage-supper-of-the-lamb/
2143,mapped,,Tim Keller,2010,Our Work and Our Character,The Gospel and the World,"Ephesians 5:21, 6:5-9",ephesians 5-5,https://gospelinlife.com/sermon/our-work-and-our-character/
1391,mapped,,Tim Keller,1997,The Heart of the Gospel,"Galatians: New Freedom, New Family",Galatians 2:11-16,galatians 2-2,https://gospelinlife.com/sermon/the-heart-of-the-gospel/
1011,mapped,,Tim Keller,1993,The Problem of Anxiety,Modern Problems; Ancient Solutions,Psalm 27,psalms 27-27,https://gospelinlife.com/sermon/the-problem-of-anxiety/
2420,mapped,,Tim Keller,2015,The Church,What We Believe: Foundations,Ephesians 2:11-22,ephesians 2-2,https://gospelinlife.com/sermon/the-church/
1872,excluded,not a sermon: Leader Talks,Tim Keller,2005,Personal Prayer,Prayer (Leader Talks),,,https://gospelinlife.com/sermon/personal-prayer/
952,mapped,,Tim Keller,1993,Nakedness and the Holiness of God,Lent - Nature of Sin,Genesis 3:7-24,genesis 3-3,https://gospelinlife.com/sermon/nakedness-the-holiness-of-god/
1228,mapped,,Tim Keller,1996,Lifestyle of Self-Mastery (Part 1),James: A Faith that Comes Down to Earth,James 3:1-6,james 3-3,https://gospelinlife.com/sermon/lifestyle-of-self-mastery-part-1/
2063,mapped,,Tim Keller,2009,The Failure of Religion,Bible: The Whole Story - Redemption and Restoration,Romans 2:1-6; 12-26,romans 2-2; romans 12-12,https://gospelinlife.com/sermon/the-failure-of-religion/
880,mapped,,Tim Keller,1992,Problem of History: Does the Harshness of Life Make Sense?,Ecclesiastes,Ecclesiastes 3:9-4:3,ecclesiastes 3-4,https://gospelinlife.com/sermon/problem-of-history-does-the-harshness-of-life-make-sense/
2027,mapped,,Tim Keller,1990,Self-Control (Part 2),Fruit of the Spirit,Ephesians 2:1-3; Luke 11:14-26; 1 Cor. 9:23-27; Gen 3:1-6;39:7-2,ephesians 2-2; luke 11-11; 1-corinthians 9-9; genesis 3-3; genesis 39-39,https://gospelinlife.com/sermon/self-control-part-2/
1317,mapped,,Tim Keller,1997,Discipline of Desire (Part 1),Lessons in Drawing Near,Psalm 63,psalms 63-63,https://gospelinlife.com/sermon/discipline-of-desire/
2531,mapped,,Tim Keller,2017,Beholding the Glory of Christ,"Jesus, Mission and Glory: The Lord's Prayer for His Glory and Ours",John 17:20-26,john 17-17,https://gospelinlife.com/sermon/beholding-the-glory-of-christ/
2247,mapped,,Tim Keller,2013,The First Miracle,Acts: The Gospel in the City,Acts 3:2-8; 13-23,acts 3-3; acts 13-23,https://gospelinlife.com/sermon/the-first-miracle/
2416,mapped,,Tim Keller,2015,Salvation,What We Believe: Foundations,Ephesians 1:3-10,ephesians 1-1,https://gospelinlife.com/sermon/salvation/
1181,mapped,,Tim Keller,1995,Found in Him,Philippians,Philippians 3:3-9,philippians 3-3,https://gospelinlife.com/sermon/found-in-him/
2243,mapped,,Tim Keller,2012,The First Sermon,Acts: The Gospel in the City,Acts 2:12-39,acts 2-2,https://gospelinlife.com/sermon/the-first-sermon/
3334,mapped,,Tim Keller,2006,The Final Temple,"King's Cross: The Gospel of Mark, Part 2: The Journey to the Cross",Mark 11:1-18,mark 11-11,https://gospelinlife.com/sermon/the-final-temple-3/
833,mapped,,Tim Keller,1992,You Are My Friends,"Gospel of John, Part 2",John 15:9-17,john 15-15,https://gospelinlife.com/sermon/you-are-my-friends/
2107,mapped,,Tim Keller,2010,A Bruised Reed He Will Not Break,The Songs of the Servant (from Isaiah),Isaiah 42:1-9,isaiah 42-42,https://gospelinlife.com/sermon/a-bruised-reed-he-will-not-break/
1443,mapped,,Tim Keller,1998,Sowing and Reaping,"Galatians: New Freedom, New Family",Galatians 6:1-10,galatians 6-6,https://gospelinlife.com/sermon/sowing-and-reaping/
610,mapped,,Tim Keller,1989,How Can We Grow?,"Growth in Christ, Part 1",2 Peter 1:1-11,2-peter 1-1,https://gospelinlife.com/sermon/how-can-we-grow/
2101,mapped,,Tim Keller,2009,The Word Made Flesh,Christmas 2009,John 1:1-14,john 1-1,https://gospelinlife.com/sermon/the-word-made-flesh/
2156,mapped,,Tim Keller,2011,The God Who Is Everywhere,To Know the Living God; The Majesty of God,Psalm 139:1-24,psalms 139-139,https://gospelinlife.com/sermon/the-god-who-is-everywhere/
1438,mapped,,Tim Keller,1998,The Love of Jesus,The Fruit of the Spirit - The Character of Christ,John 13:1-21,john 13-13,https://gospelinlife.com/sermon/the-love-of-jesus/
2337,mapped,,Tim Keller,2014,The Great Promise – Rest for Your Soul,Matthew 11 - The One Who Gives You Rest,Matthew 11:25-30,matthew 11-11,https://gospelinlife.com/sermon/the-great-promise-rest-for-your-soul/
2192,mapped,,Tim Keller,2011,United to One Another,A Study of Ephesians: Who is the Church?,Ephesians 2:19-22,ephesians 2-2,https://gospelinlife.com/sermon/united-to-one-another/
1794,mapped,,Tim Keller,2004,Christian Hope and Suffering,Living in Hope,2 Corinthians 4:7-18; 12:7-10,2-corinthians 4-4; 2-corinthians 12-12,https://gospelinlife.com/sermon/christian-hope-and-suffering/
2004,mapped,,Tim Keller,2008,I Am He,St. John's Passion,John 18:1-11,john 18-18,https://gospelinlife.com/sermon/i-am-he/
3346,mapped,,Tim Keller,2012,The Birth of Jesus,Christmas 2012,Luke 2:1-7,luke 2-2,https://gospelinlife.com/sermon/the-birth-of-jesus-4/
1871,mapped,,Tim Keller,2005,Jesus’ Meal With Zaccheus,Meals with Jesus,Luke 19:1-10,luke 19-19,https://gospelinlife.com/sermon/jesus-meal-with-zaccheus/
1470,mapped,,Tim Keller,1998,How To Find the Way,Jesus - On Finding God,Matthew 7:7-14,matthew 7-7,https://gospelinlife.com/sermon/how-to-find-the-way/
669,mapped,,Tim Keller,1990,Thy Will Be Done,The Lord's Prayer 1990,Matthew 6:9-15,matthew 6-6,https://gospelinlife.com/sermon/thy-will-be-done/
2206,mapped,,Tim Keller,2012,The Transfiguration,Savior and Teacher - A Study of Matthew,Matthew 17:1-13,matthew 17-17,https://gospelinlife.com/sermon/the-transfiguration/
1962,mapped,,Tim Keller,2007,Rest From Our Enemies,Esther and the Hiddenness of God,Esther 7:1-10; 9:20-23,esther 7-7; esther 9-9,https://gospelinlife.com/sermon/rest-from-our-enemies/
733,mapped,,Tim Keller,1991,Forgiving and Forgiven,Christian Lifestyle,Ephesians 4:25-32,ephesians 4-4,https://gospelinlife.com/sermon/forgiving-and-forgiven/
1478,mapped,,Tim Keller,1998,I Am the Light,John - On Knowing the Christ,John 8:12-18; 25-30,john 8-8,https://gospelinlife.com/sermon/i-am-the-light/
2094,mapped,,Tim Keller,2009,Hope for the Church,"The Gospel, Hope, and the World",Hebrews 10:19-25,hebrews 10-10,https://gospelinlife.com/sermon/hope-for-the-church/
2002,mapped,,Tim Keller,2008,Where Can Wisdom Be Found?,Job - A Path Through Suffering,"Job 28:9-15, 20-28",job 28-28,https://gospelinlife.com/sermon/where-can-wisdom-be-found/
1219,mapped,,Tim Keller,1995,"Jesus, Our God",Advent: God and Sinners Reconciled,Colossians 1:15-20,colossians 1-1,https://gospelinlife.com/sermon/jesus-our-god/
2095,mapped,,Tim Keller,2009,Hope and Money,"The Gospel, Hope, and the World",1 Timothy 6:6-19,1-timothy 6-6,https://gospelinlife.com/sermon/hope-and-money/
710,mapped,,Tim Keller,1990,What It Means To Be a Disciple,"Gospel of John, Part 1",John 1:35-51,john 1-1,https://gospelinlife.com/sermon/what-it-means-to-be-a-disciple/
1303,mapped,,Tim Keller,1996,Lord of the Wine,The Real Jesus Part 2: His Life,John 2:1-11,john 2-2,https://gospelinlife.com/sermon/lord-of-the-wine/
2110,mapped,,Tim Keller,2010,Pierced for Our Transgressions,The Songs of the Servant (from Isaiah),Isaiah 52:13-53:12,isaiah 52-53,https://gospelinlife.com/sermon/pierced-for-our-transgressions/
756,mapped,,Tim Keller,1991,The Bread of Heaven,"Gospel of John, Part 1",John 6:25-35; 48-59,john 6-6,https://gospelinlife.com/sermon/the-bread-of-heaven/
2173,mapped,,Tim Keller,2011,The Justice of God,To Know the Living God; The Adequacy of God,Psalm 146:1-10,psalms 146-146,https://gospelinlife.com/sermon/the-justice-of-god/
729,mapped,,Tim Keller,1991,Never Thirst,"Gospel of John, Part 1",John 4:1-18,john 4-4,https://gospelinlife.com/sermon/never-thirst/
1936,mapped,,Tim Keller,2006,Love Beyond Degree,In Christ Jesus: How the Spirit Transforms Us,Romans 8:28-39,romans 8-8,https://gospelinlife.com/sermon/love-beyond-degree/
1786,mapped,,Tim Keller,2004,Sexuality and Christian Hope,Living in Hope,1 Corinthians 6:13-20; 7:27-31,1-corinthians 6-6; 1-corinthians 7-7,https://gospelinlife.com/sermon/sexuality-and-christian-hope/
1297,mapped,,Tim Keller,1996,Abraham and the Torch,Daring to Draw Near,Genesis 15:1-21,genesis 15-15,https://gospelinlife.com/sermon/abraham-and-the-torch/
2099,mapped,,Tim Keller,2009,A People Under the Word,The Gospel in Community: The Book of James,James 1:18-27,james 1-1,https://gospelinlife.com/sermon/a-people-under-the-word/
1170,mapped,,Tim Keller,1995,Aspiration; “Lead Us”,The Lord's Prayer 1995,Matthew 6:9-15,matthew 6-6,https://gospelinlife.com/sermon/aspiration-lead-us/
1502,mapped,,Tim Keller,1999,The Inside Out Kingdom,The Mount; Life in the Kingdom,Matthew 5:11-20,matthew 5-5,https://gospelinlife.com/sermon/the-inside-out-kingdom/
1270,mapped,,Tim Keller,1996,Work,Thessalonians; The Gospel and the End of Time,1 Thessalonians 4:9-12,1-thessalonians 4-4,https://gospelinlife.com/sermon/work/
1389,mapped,,Tim Keller,1997,The Centrality of the Gospel,"Galatians: New Freedom, New Family",Galatians 2:6-14,galatians 2-2,https://gospelinlife.com/sermon/the-centrality-of-the-gospel/
1055,mapped,,Tim Keller,1994,Baptism and the Resurrection,"Splendor in the Furnace; 1 Peter, Part 2",1 Peter 3:18-22,1-peter 3-3,https://gospelinlife.com/sermon/baptism-and-the-resurrection/
2254,mapped,,Tim Keller,2013,The Gospel to the Ethiopian,Acts: The Gospel in the City,Acts 8:26-40,acts 8-8,https://gospelinlife.com/sermon/the-gospel-to-the-ethiopian/
1230,mapped,,Tim Keller,1996,Lifestyle of Self-Mastery (Part 2),James: A Faith that Comes Down to Earth,James 3:1-12,james 3-3,https://gospelinlife.com/sermon/lifestyle-of-self-mastery-part-2/
1753,mapped,,Tim Keller,2003,"A Woman, a Slave and a Gentile",The Necessity of Belief,Acts 16:13-34,acts 16-16,https://gospelinlife.com/sermon/a-woman-a-slave-and-a-gentile/
1742,excluded,not a sermon: Conference,Tim Keller,2003,What Is the Gospel,The Gospel and the Heart Conference,,,https://gospelinlife.com/sermon/what-is-the-gospel/
1065,mapped,,Tim Keller,1994,The Flesh and the Devil,"Splendor in the Furnace; 1 Peter, Part 2",1 Peter 5:5-11,1-peter 5-5,https://gospelinlife.com/sermon/the-flesh-and-the-devil/
1898,mapped,,Tim Keller,2006,The Good Shepherd,"King's Cross: The Gospel of Mark, Part 1: The Coming of the King",Mark 6:30-44,mark 6-6,https://gospelinlife.com/sermon/the-good-shepherd-2/
2050,mapped,,Tim Keller,2008,The History of Grace,Christmas 2008 - The Beginning of the Gospel,Matthew 1:1-17,matthew 1-1,https://gospelinlife.com/sermon/the-history-of-grace/
750,mapped,,Tim Keller,1991,I Am the Resurrection and the Life (Easter),"Gospel of John, Part 1",John 11:16-27,john 11-11,https://gospelinlife.com/sermon/i-am-the-resurrection-and-the-life-easter/
703,mapped,,Tim Keller,1990,New Life,"Gospel of John, Part 1",John 1:4-13,john 1-1,https://gospelinlife.com/sermon/new-life/
2255,mapped,,Tim Keller,2013,The Gospel to the Pharisee,Acts: The Gospel in the City,"Acts 9:1-11, 17-19",acts 9-9,https://gospelinlife.com/sermon/the-gospel-to-the-pharisee/
615,mapped,,Tim Keller,1989,Entering His Rest (4th),Ten Commandments 1989,Hebrews 4:1-12,hebrews 4-4,https://gospelinlife.com/sermon/entering-his-rest-4th/
777,mapped,,Tim Keller,1991,The Gentleness of Jesus,"Gospel of John, Part 1",John 8:2-11,john 8-8,https://gospelinlife.com/sermon/the-gentleness-of-jesus/
1140,mapped,,Tim Keller,1995,Greed: The Case of the Rich Young Ruler,The Seven Deadly Sins,Matthew 19:16-25,matthew 19-19,https://gospelinlife.com/sermon/greed-the-case-of-the-rich-young-ruler/
725,mapped,,Tim Keller,1991,The God of Love and Fury,"Gospel of John, Part 1",John 3:16-36,john 3-3,https://gospelinlife.com/sermon/the-god-of-love-fury/
1351,mapped,,Tim Keller,1997,Tongues and Worship,Hot Potatoes From Corinthians,1 Corinthians 14:22-40,1-corinthians 14-14,https://gospelinlife.com/sermon/tongues-and-worship/
1902,mapped,,Tim Keller,2006,Do You See Anything?,"King's Cross: The Gospel of Mark, Part 1: The Coming of the King",Mark 8:22-31,mark 8-8,https://gospelinlife.com/sermon/do-you-see-anything/
1177,mapped,,Tim Keller,1995,Be Humble and Make Peace,Philippians,Philippians 2:1-5,philippians 2-2,https://gospelinlife.com/sermon/be-humble-and-make-peace/
1420,mapped,,Tim Keller,1998,Grace to the Barren (Part 1),"Galatians: New Freedom, New Family",Galatians 4:21-31,galatians 4-4,https://gospelinlife.com/sermon/grace-to-the-barren-i/
2274,mapped,,Tim Keller,2013,Wisdom: What is it?,Wisdom in Life,"Proverbs 1:1-9, 22, 32-33",proverbs 1-1,https://gospelinlife.com/sermon/wisdom-what-is-it/
1411,mapped,,Tim Keller,1998,The Law and the Christian,"Galatians: New Freedom, New Family",Galatians 3:19-29,galatians 3-3,https://gospelinlife.com/sermon/the-law-and-the-christian/
1085,mapped,,Tim Keller,1994,Noah and The Reasons of Faith: Faith as Understanding,The Nature of Faith,Hebrews 11:1-7,hebrews 11-11,https://gospelinlife.com/sermon/noah-and-the-reasons-of-faith-faith-as-understanding/
1575,mapped,,Tim Keller,2000,The Sin Against the Holy Spirit,The Hard Sayings of Jesus 2000,Matthew 12:30-32,matthew 12-12,https://gospelinlife.com/sermon/the-sin-against-the-holy-spirit/
1492,mapped,,Tim Keller,1999,How Sin Makes Us Addicts,What's Really Wrong with the World,Jeremiah 2:1-8; 23-32,jeremiah 2-2; jeremiah 23-32,https://gospelinlife.com/sermon/how-sin-makes-us-addicts/
1729,mapped,,Tim Keller,2003,Inside-Out Living,The Meaning of Jesus Part 4; The Kingdom of God,Luke 18:9-14,luke 18-18,https://gospelinlife.com/sermon/inside-out-living/
1240,mapped,,Tim Keller,1996,Sin as Slavery,The Faces of Sin,"Numbers 11:4-6,10-20",numbers 11-11,https://gospelinlife.com/sermon/sin-as-slavery/
2131,mapped,,Tim Keller,2010,Money and the Logic of Grace,Money and Possessions - In the Teaching of St. Luke,Luke 14:7-24,luke 14-14,https://gospelinlife.com/sermon/money-and-the-logic-of-grace/
1882,mapped,,Tim Keller,2006,"Prayer, Word and Deed","King's Cross: The Gospel of Mark, Part 1: The Coming of the King",Mark 1:35-45,mark 1-1,https://gospelinlife.com/sermon/prayer-word-and-deed/
1185,mapped,,Tim Keller,1995,Peace in Church and Heart,Philippians,Philippians 4:1-9,philippians 4-4,https://gospelinlife.com/sermon/peace-in-church-and-heart/
1691,mapped,,Tim Keller,2002,Food in the Desert,The Gospel According to Moses: Discovering the Lost Language of Salvation,"Exodus 16:2-5, 27-35",exodus 16-16,https://gospelinlife.com/sermon/food-in-the-desert/
1250,mapped,,Tim Keller,1996,Better Than Miracles,Love: The Way to Grow Up,1 Corinthians 13:1-3,1-corinthians 13-13,https://gospelinlife.com/sermon/better-than-miracles/
1864,mapped,,Tim Keller,2005,The Gospel and Your Wealth,The Vision of Redeemer,"Malachi 3:1-4, 8-10;4:1-6",malachi 3-3; malachi 4-4,https://gospelinlife.com/sermon/the-gospel-and-your-wealth/
2222,mapped,,Tim Keller,1999,Integrity,The Mount; Life in the Kingdom,Luke 6:39-49,luke 6-6,https://gospelinlife.com/sermon/integrity-2/
2091,mapped,,Tim Keller,2009,Hope for Your Work,"The Gospel, Hope, and the World",Titus 2:11-3:9,titus 2-3,https://gospelinlife.com/sermon/hope-for-your-work/
1589,mapped,,Tim Keller,2000,Made for Relationship,Genesis - The Gospel According to God,Genesis 1:26-27; 2:18-25,genesis 1-1; genesis 2-2,https://gospelinlife.com/sermon/made-for-relationship/
688,mapped,,Tim Keller,1990,The Secret Siege of Nineveh,Jonah,Jonah 3,jonah 3-3,https://gospelinlife.com/sermon/the-secret-siege-of-nineveh/
641,mapped,,Tim Keller,1990,New Life in Christ,The Beatitudes,Matthew 5:1-9,matthew 5-5,https://gospelinlife.com/sermon/new-life-in-christ/
821,mapped,,Tim Keller,1991,The Strategies of Darkness,Spiritual Warfare - The War,Ephesians 6:10-13,ephesians 6-6,https://gospelinlife.com/sermon/the-strategies-of-darkness/
2291,mapped,,Tim Keller,2014,The Feast,Seeing Jesus,John 2:1-11,john 2-2,https://gospelinlife.com/sermon/the-feast/
1401,mapped,,Tim Keller,1997,Relying on the Law,"Galatians: New Freedom, New Family",Galatians 3:1-14,galatians 3-3,https://gospelinlife.com/sermon/relying-on-the-law/
1712,mapped,,Tim Keller,2003,Neighbors,The Meaning of Jesus Part 2; Following Him,Luke 10:25-37,luke 10-10,https://gospelinlife.com/sermon/neighbors/
1433,mapped,,Tim Keller,1998,Spiritual Resurrection,"Galatians: New Freedom, New Family",Galatians 5:13-25,galatians 5-5,https://gospelinlife.com/sermon/spiritual-resurrection/
1118,mapped,,Tim Keller,1995,Put Out Into Deep Water,The Miracles of Jesus,Luke 5:1-11,luke 5-5,https://gospelinlife.com/sermon/put-out-into-deep-water/
2147,mapped,,Tim Keller,2010,The God With a Name,To Know the Living God; The God Who Can Be Known,Exodus 3:1-14,exodus 3-3,https://gospelinlife.com/sermon/the-god-with-a-name/
740,mapped,,Tim Keller,1991,Honor the Son,"Gospel of John, Part 1",John 5:16-23,john 5-5,https://gospelinlife.com/sermon/honor-the-son/
831,mapped,,Tim Keller,1992,The Vinedresser,"Gospel of John, Part 2",John 15:1-5,john 15-15,https://gospelinlife.com/sermon/the-vinedresser/
2324,mapped,,Tim Keller,2014,Our Power: Spirit-Filled Living,Following Jesus,2 Peter 1:3-11,2-peter 1-1,https://gospelinlife.com/sermon/our-power-spirit-filled-living/
978,mapped,,Tim Keller,1993,Heavenly Worship,Revelation: The Final Word,Revelation 4:8 - 5:10,revelation 4-5,https://gospelinlife.com/sermon/heavenly-worship/
1236,mapped,,Tim Keller,1996,Courage,James: A Faith that Comes Down to Earth,James 4:4-10,james 4-4,https://gospelinlife.com/sermon/courage/
1002,mapped,,Tim Keller,1993,How to Handle Trouble,"Splendor in the Furnace; 1 Peter, Part 1",1 Peter 1:6-9,1-peter 1-1,https://gospelinlife.com/sermon/how-to-handle-trouble/
1901,mapped,,Tim Keller,2006,Goodness and Severity,"King's Cross: The Gospel of Mark, Part 1: The Coming of the King",Mark 7:24-37,mark 7-7,https://gospelinlife.com/sermon/goodness-and-severity/
1914,mapped,,Tim Keller,2006,Absolutism: Don’t We All Have To Find Truth for Ourselves?,The Trouble With Christianity: Why It's So Hard to Believe It,Galatians 2:4-16,galatians 2-2,https://gospelinlife.com/sermon/absolutism-don-t-we-all-have-to-find-truth-for-ourselves/
2376,mapped,,Tim Keller,2015,Prayer of Rest,Pilgrim Prayer: Psalms for the Journey,Psalm 91:1-16,psalms 91-91,https://gospelinlife.com/sermon/prayer-of-rest/
1594,mapped,,Tim Keller,2000,Lord of the Storm,Genesis - The Gospel According to God,Genesis 6:5-13; 7:17-18,genesis 6-6; genesis 7-7,https://gospelinlife.com/sermon/lord-of-the-storm-2/
1570,mapped,,Tim Keller,2000,The Finger on the Wall,Daniel: Living by Faith in a Secular World,"Daniel 5:1-6, 17-31",daniel 5-5,https://gospelinlife.com/sermon/the-finger-on-the-wall/
2244,mapped,,Tim Keller,2012,The First Church,Acts: The Gospel in the City,Acts 2:40-47,acts 2-2,https://gospelinlife.com/sermon/the-first-church/
944,mapped,,Tim Keller,1993,Authentic Christianity,Lent - Nature of Sin,Matthew 7:13-27,matthew 7-7,https://gospelinlife.com/sermon/authentic-christianity/
1471,mapped,,Tim Keller,1998,How To Find Your Self,Jesus - On Finding God,Matthew 16:21-27,matthew 16-16,https://gospelinlife.com/sermon/how-to-find-your-self/
2266,mapped,,Tim Keller,2013,The Gospel and Idols,Acts: The Gospel in the City,Acts 19:23-41,acts 19-19,https://gospelinlife.com/sermon/the-gospel-and-idols/
1188,mapped,,Tim Keller,1995,Truth and Power,The Book of Acts,Acts 1:1-14,acts 1-1,https://gospelinlife.com/sermon/truth-and-power/
1244,mapped,,Tim Keller,1996,Materialism,James: A Faith that Comes Down to Earth,James 5:1-6,james 5-5,https://gospelinlife.com/sermon/materialism/
1384,mapped,,Tim Keller,1997,An Immigrant’s Courage,Pointers to Christ - Directional Signs in History,Ruth 4:13-17,ruth 4-4,https://gospelinlife.com/sermon/an-immigrants-courage/
1668,mapped,,Tim Keller,2002,Living Grace,Practical Grace; How the Gospel Transforms Character,Galatians 5:16-25,galatians 5-5,https://gospelinlife.com/sermon/living-grace/
1282,mapped,,Tim Keller,1996,Joshua and the General,Daring to Draw Near,"Joshua 5:13-15, 6:1-5",joshua 5-5,https://gospelinlife.com/sermon/joshua-and-the-general/
903,mapped,,Tim Keller,1992,Our Covenant God: What Can I Really Trust In?,The Attributes of God,Hebrews 6:12-20,hebrews 6-6,https://gospelinlife.com/sermon/our-covenant-god-what-can-i-really-trust-in/
1354,mapped,,Tim Keller,1997,Gender Roles,Hot Potatoes From Corinthians,1 Corinthians 11:3-16; 14:33-38,1-corinthians 11-11; 1-corinthians 14-14,https://gospelinlife.com/sermon/gender-roles/
1110,mapped,,Tim Keller,1994,Knowing That We Know,"Knowing that We Know God; 1 John, Part 1",1 John 2:3-11,1-john 2-2,https://gospelinlife.com/sermon/knowing-that-we-know/
836,mapped,,Tim Keller,1992,The Belt of Truth (Part 2),Spiritual Warfare - The Armor of God,Ephesians 6:10-20,ephesians 6-6,https://gospelinlife.com/sermon/the-belt-of-truth-2/
2129,mapped,,Tim Keller,1990,Self-Control (Part 3),Fruit of the Spirit,Genesis 3:1-7; 39:6-12,genesis 3-3; genesis 39-39,https://gospelinlife.com/sermon/self-control-part-3/
1488,mapped,,Tim Keller,1999,The New Birth,Knowing Christ,John 3:1-15,john 3-3,https://gospelinlife.com/sermon/the-new-birth/
1147,mapped,,Tim Keller,1995,Beholding the Love of God,"Knowing that We Know God; 1 John, Part 2",1 John 3:1-3,1-john 3-3,https://gospelinlife.com/sermon/beholding-the-love-of-god/
707,mapped,,Tim Keller,1990,Christ Provides New Identity Papers,"Gospel of John, Part 1",John 1:19-31,john 1-1,https://gospelinlife.com/sermon/christ-provides-new-identity-papers/
1744,mapped,,Tim Keller,2003,The Sickness Unto Death,The Necessity of Belief,Jeremiah 9:21-26,jeremiah 9-9,https://gospelinlife.com/sermon/the-sickness-unto-death/
1710,mapped,,Tim Keller,2003,Messengers,The Meaning of Jesus Part 2; Following Him,Luke 10:1-21,luke 10-10,https://gospelinlife.com/sermon/messengers/
1293,mapped,,Tim Keller,1996,Paul and the Thorn,Daring to Draw Near,2 Corinthians 12:1-10,2-corinthians 12-12,https://gospelinlife.com/sermon/paul-and-the-thorn/
2521,mapped,,Tim Keller,2017,Feed My Sheep,"Jesus, Mission, and Glory: Doubters and Deniers",John 21:15-25,john 21-21,https://gospelinlife.com/sermon/feed-my-sheep/
1203,mapped,,Tim Keller,1995,Grace and the New Birth,James: A Faith that Comes Down to Earth,James 1:16-18,james 1-1,https://gospelinlife.com/sermon/grace-and-the-new-birth/
1409,mapped,,Tim Keller,1998,Self-Substitution of God,"Galatians: New Freedom, New Family",Galatians 3:10-14,galatians 3-3,https://gospelinlife.com/sermon/self-substitution-of-god/
1001,mapped,,Tim Keller,1993,Union With Christ,"Splendor in the Furnace; 1 Peter, Part 1",1 Peter 1:3-5,1-peter 1-1,https://gospelinlife.com/sermon/union-with-christ-2/
1026,mapped,,Tim Keller,1993,Jesus Our King,Understanding Jesus,Psalm 2,psalms 2-2,https://gospelinlife.com/sermon/jesus-our-king/
617,mapped,,Tim Keller,1989,Finding Our Identity in Christ (Part 3),"Growth in Christ, Part 1",Colossians 3:12-17,colossians 3-3,https://gospelinlife.com/sermon/finding-our-identity-in-christ-part-3/
1407,mapped,,Tim Keller,1998,The Law and the Promise,"Galatians: New Freedom, New Family",Galatians 3:10-22,galatians 3-3,https://gospelinlife.com/sermon/the-law-and-the-promise/
3333,mapped,,Tim Keller,2003,Temptation,The Gospel According to Joseph,Genesis 39:1-23,genesis 39-39,https://gospelinlife.com/sermon/temptation-4/
1568,mapped,,Tim Keller,2000,The Man in the Furnace,Daniel: Living by Faith in a Secular World,Daniel 3:14-29,daniel 3-3,https://gospelinlife.com/sermon/the-man-in-the-furnace/
1886,mapped,,Tim Keller,2006,With Jesus,"King's Cross: The Gospel of Mark, Part 1: The Coming of the King",Mark 3:6-19,mark 3-3,https://gospelinlife.com/sermon/with-jesus/
986,mapped,,Tim Keller,1993,The Dangerous God,Studies in 2 Peter,2 Peter 3:1-13,2-peter 3-3,https://gospelinlife.com/sermon/the-dangerous-god/
2517,mapped,,Tim Keller,2017,My Lord and My God (Easter),"Jesus, Mission, and Glory: Doubters and Deniers",John 20:19-31,john 20-20,https://gospelinlife.com/sermon/my-lord-and-my-god-easter/
1229,mapped,,Tim Keller,1996,Sin as Self-Deceit,The Faces of Sin,1 Samuel 15:12-23,1-samuel 15-15,https://gospelinlife.com/sermon/sin-as-self-deceit/
1581,mapped,,Tim Keller,2000,Considering the Great Love of God,"Four Ways to Live, Four Ways to Love",Psalm 107:31-43,psalms 107-107,https://gospelinlife.com/sermon/considering-the-great-love-of-god/
1673,mapped,,Tim Keller,2002,The Liberty of Obedience,Psalms; Disciplines of Grace,Psalm 119:32-49,psalms 119-119,https://gospelinlife.com/sermon/the-liberty-of-obedience/
1747,mapped,,Tim Keller,2003,The Longing for Home,The Necessity of Belief,Jeremiah 31:10-17; 31-34,jeremiah 31-31; jeremiah 31-34,https://gospelinlife.com/sermon/the-longing-for-home/
2372,mapped,,Tim Keller,2015,Prayer of Confession,Pilgrim Prayer: Psalms for the Journey,Psalm 32:1-11,psalms 32-32,https://gospelinlife.com/sermon/prayer-of-confession/
2259,mapped,,Tim Keller,2013,Clarifying the Gospel,Acts: The Gospel in the City,"Acts 15:1-11, 22-29",acts 15-15,https://gospelinlife.com/sermon/clarifying-the-gospel/
1090,mapped,,Tim Keller,1994,Knowing We Know: Three Tests,"Knowing that We Know God; 1 John, Part 1",1 John 1:5-7,1-john 1-1,https://gospelinlife.com/sermon/knowing-we-know-three-tests/
2290,mapped,,Tim Keller,2014,The Lamb,Seeing Jesus,John 1:19-34,john 1-1,https://gospelinlife.com/sermon/the-lamb/
1680,mapped,,Tim Keller,2002,Honey From the Rock,Psalms; Disciplines of Grace,Psalm 81,psalms 81-81,https://gospelinlife.com/sermon/honey-from-the-rock/
1382,mapped,,Tim Keller,1997,The Strength of Samson,Pointers to Christ - Directional Signs in History,Judges 15:9-20,judges 15-15,https://gospelinlife.com/sermon/the-strength-of-samson/
2064,mapped,,Tim Keller,2009,No One Seeks God,Bible: The Whole Story - Redemption and Restoration,Romans 3:9-20,romans 3-3,https://gospelinlife.com/sermon/no-one-seeks-god/
1956,mapped,,Tim Keller,2007,The Empty Tomb,"King's Cross: The Gospel of Mark, Part 2: The Journey to the Cross",Mark 16:1-8,mark 16-16,https://gospelinlife.com/sermon/the-empty-tomb/
1211,mapped,,Tim Keller,1995,"Jesus, Our Gospel",Advent: God and Sinners Reconciled,"Colossians 1:1-8, 28-29",colossians 1-1,https://gospelinlife.com/sermon/jesus-our-gospel/
1866,mapped,,Tim Keller,2005,The Gospel and Your Self,The Vision of Redeemer,Isaiah 6:1-13,isaiah 6-6,https://gospelinlife.com/sermon/the-gospel-and-your-self/
1613,mapped,,Tim Keller,2001,Become a Little Child,"The ""Amens"" of Jesus: The Challenge of the Cross","Mark 10:13-16, 35-45",mark 10-10,https://gospelinlife.com/sermon/become-a-little-child/
843,mapped,,Tim Keller,1992,The Sandals of Peace (Part 1),Spiritual Warfare - The Armor of God,Ephesians 6:10-20,ephesians 6-6,https://gospelinlife.com/sermon/the-sandals-of-peace/
1560,mapped,,Tim Keller,2000,Praying the Gospel,Psalms - The Songs of Jesus,Psalm 103:1-22,psalms 103-103,https://gospelinlife.com/sermon/praying-the-gospel/
1887,mapped,,Tim Keller,2006,The Family of Jesus,"King's Cross: The Gospel of Mark, Part 1: The Coming of the King",Mark 3:20-35,mark 3-3,https://gospelinlife.com/sermon/the-family-of-jesus/
1595,mapped,,Tim Keller,2000,Lord of the Earth,Genesis - The Gospel According to God,Genesis 9:1-17,genesis 9-9,https://gospelinlife.com/sermon/lord-of-the-earth/
2028,mapped,,Tim Keller,2008,The First and the Last,Revelation: Jesus' Letters to the Church,Revelation 1:7-20,revelation 1-1,https://gospelinlife.com/sermon/the-first-and-the-last/
2442,mapped,,Tim Keller,2016,Changed Lives,Where We Are Going: The City and the Mission,John 4:6-26,john 4-4,https://gospelinlife.com/sermon/changed-lives-2016/
1243,mapped,,Tim Keller,1996,Healing of Sin (Part 1),The Faces of Sin,Psalm 51:1-10,psalms 51-51,https://gospelinlife.com/sermon/healing-of-sin-part-i/
3340,mapped,,Tim Keller,2010,Joy,The Real Signs of the Spirit,Romans 5:1-11,romans 5-5,https://gospelinlife.com/sermon/joy-3/
1216,mapped,,Tim Keller,1995,Lifestyle of Mercy,James: A Faith that Comes Down to Earth,James 2:5-17,james 2-2,https://gospelinlife.com/sermon/lifestyle-of-mercy/
1889,mapped,,Tim Keller,2006,The Openness of the Kingdom,"King's Cross: The Gospel of Mark, Part 1: The Coming of the King",Mark 4:21-34,mark 4-4,https://gospelinlife.com/sermon/the-openness-of-the-kingdom/
1906,mapped,,Tim Keller,2006,Watching for the Son (AM),"King's Cross: The Gospel of Mark, Part 2: The Journey to the Cross",Mark 13:24-37,mark 13-13,https://gospelinlife.com/sermon/watching-for-the-son-am/
1624,mapped,,Tim Keller,2001,Real Friendship and the Pleading Priest,The Gospel According to Abraham,Genesis 18:16-33,genesis 18-18,https://gospelinlife.com/sermon/real-friendship-and-the-pleading-priest/
1818,mapped,,Tim Keller,2004,Grace and Glory,Proverbs: True Wisdom for Living,Psalm 113:1-9,psalms 113-113,https://gospelinlife.com/sermon/grace-and-glory/
1273,mapped,,Tim Keller,1996,The Secret Power,Thessalonians; The Gospel and the End of Time,2 Thessalonians 2:1-8,2-thessalonians 2-2,https://gospelinlife.com/sermon/the-secret-power/
705,mapped,,Tim Keller,1990,Myth Became Fact,"Gospel of John, Part 1",John 1:14-18,john 1-1,https://gospelinlife.com/sermon/myth-became-fact/
1451,mapped,,Tim Keller,1998,Prayer for the Church,Ephesians - God's New Society,Ephesians 1:15-23,ephesians 1-1,https://gospelinlife.com/sermon/prayer-for-the-church/
1667,mapped,,Tim Keller,2002,Enduring Grace,Practical Grace; How the Gospel Transforms Character,1 Corinthians 9:23-27; 10:11-13,1-corinthians 9-9; 1-corinthians 10-10,https://gospelinlife.com/sermon/enduring-grace/
2382,mapped,,Tim Keller,2015,Prayer for Security (Easter),Pilgrim Prayer: Psalms for the Journey,Psalm 16:1-11,psalms 16-16,https://gospelinlife.com/sermon/prayer-for-security/
686,mapped,,Tim Keller,1990,Your Own Grace,Jonah,Jonah 2:1-10,jonah 2-2,https://gospelinlife.com/sermon/your-own-grace/
1007,mapped,,Tim Keller,1993,What Is the Bible?,"Splendor in the Furnace; 1 Peter, Part 1",1 Peter 1:10-12,1-peter 1-1,https://gospelinlife.com/sermon/what-is-the-bible/
1916,mapped,,Tim Keller,2006,Injustice: Hasn’t Christianity Been an Instrument for Oppression?,The Trouble With Christianity: Why It's So Hard to Believe It,James 2:1-17,james 2-2,https://gospelinlife.com/sermon/injustice-hasn-t-christianity-been-an-instrument-for-oppression/
2041,mapped,,Tim Keller,2008,The True Older Brother,The Fellowship of Grace,Luke 15:17-32,luke 15-15,https://gospelinlife.com/sermon/the-true-older-brother/
1686,mapped,,Tim Keller,2002,Who Is the Lord?,The Gospel According to Moses: Discovering the Lost Language of Salvation,Exodus 7:14-18; 10:21-29,exodus 7-7; exodus 10-10,https://gospelinlife.com/sermon/who-is-the-lord/
1631,mapped,,Tim Keller,2001,Arguing About Politics,Arguing With Jesus,Mark 12:13-17,mark 12-12,https://gospelinlife.com/sermon/arguing-about-politics/
2035,mapped,,Tim Keller,2008,Give Me Mine,The Fellowship of Grace,Luke 15:11-14,luke 15-15,https://gospelinlife.com/sermon/give-me-mine/
1359,mapped,,Tim Keller,1997,Heaven,Heaven and Hell,Revelation 21:21-22:5,revelation 21-22,https://gospelinlife.com/sermon/heaven/
2170,mapped,,Tim Keller,2011,The God Who Makes Alive,To Know the Living God; The God Who Makes Alive,Ezekiel 37:1-14,ezekiel 37-37,https://gospelinlife.com/sermon/the-god-who-makes-alive/
1084,mapped,,Tim Keller,1994,Knowing God,"Knowing that We Know God; 1 John, Part 1",1 John 1:1-4,1-john 1-1,https://gospelinlife.com/sermon/knowing-god-2/
1842,mapped,,Tim Keller,2005,The Community of Grace,Christ: Our Treasury (The Book of Hebrews),Hebrews 12:28-13:9,hebrews 12-13,https://gospelinlife.com/sermon/the-community-of-grace/
1266,mapped,,Tim Keller,1996,How Ministers Serve the Church,Thessalonians; The Gospel and the End of Time,1 Thessalonians 2:17-3:13,1-thessalonians 2-3,https://gospelinlife.com/sermon/how-ministers-serve-the-church/
718,mapped,,Tim Keller,1990,The New Self,"Gospel of John, Part 1",John 3:1-15,john 3-3,https://gospelinlife.com/sermon/the-new-self/
2090,mapped,,Tim Keller,2009,Hope for the Family,"The Gospel, Hope, and the World",Ephesians 5:22-33,ephesians 5-5,https://gospelinlife.com/sermon/hope-for-the-family/
692,mapped,,Tim Keller,1990,Angry Enough to Die,Jonah,Jonah 4:1-10,jonah 4-4,https://gospelinlife.com/sermon/angry-enough-to-die/
786,mapped,,Tim Keller,1991,The Problem of Pain,"Gospel of John, Part 1",John 9:1-12,john 9-9,https://gospelinlife.com/sermon/the-problem-of-pain/
2217,mapped,,Tim Keller,2012,The Norms of the Kingdom,Savior and Teacher - A Study of Matthew,Matthew 5:1-10,matthew 5-5,https://gospelinlife.com/sermon/the-norms-of-the-kingdom/
1844,mapped,,Tim Keller,2005,Members of One Another,Christ: Our Treasury (The Book of Hebrews),Hebrews 3:13; 10:24-25; 13:17-25,hebrews 3-3; hebrews 10-10; hebrews 13-13,https://gospelinlife.com/sermon/members-of-one-another/
1259,mapped,,Tim Keller,1996,A Man After God’s Own Heart,The Life of David,1 Samuel 16:1-13,1-samuel 16-16,https://gospelinlife.com/sermon/a-man-after-gods-own-heart/
1896,mapped,,Tim Keller,2006,The Offense of Jesus,"King's Cross: The Gospel of Mark, Part 1: The Coming of the King",Mark 6:1-13,mark 6-6,https://gospelinlife.com/sermon/the-offense-of-jesus/
1675,mapped,,Tim Keller,2002,Praying Our Anger,Psalms; Disciplines of Grace,Psalm 137:1-9,psalms 137-137,https://gospelinlife.com/sermon/praying-our-anger/
2251,mapped,,Tim Keller,2013,The Hero of Heroes,Acts: The Gospel in the City,Acts 5:27-42,acts 5-5,https://gospelinlife.com/sermon/the-hero-of-heroes-2/
1690,mapped,,Tim Keller,2002,The Great Escape,The Gospel According to Moses: Discovering the Lost Language of Salvation,Exodus 14:11-31,exodus 14-14,https://gospelinlife.com/sermon/the-great-escape/
2469,mapped,,Tim Keller,2016,Patience,Practical Faith: Studies in James,James 5:7-12,james 5-5,https://gospelinlife.com/sermon/patience-5/
1843,mapped,,Tim Keller,2005,The City of God,Christ: Our Treasury (The Book of Hebrews),Hebrews 11:13-16; 13:10-16,hebrews 11-11; hebrews 13-13,https://gospelinlife.com/sermon/the-city-of-god/
1189,mapped,,Tim Keller,1995,"Mercy, Not Sacrifice",Matthew 9,Matthew 9:9-17,matthew 9-9,https://gospelinlife.com/sermon/mercy-not-sacrifice/
2256,mapped,,Tim Keller,2013,The Gospel Church,Acts: The Gospel in the City,Acts 11:19-30; 13:1-3,acts 11-11; acts 13-13,https://gospelinlife.com/sermon/the-gospel-church/
695,mapped,,Tim Keller,1990,God’s Love and Ours,Jonah,Jonah 4:1-10,jonah 4-4,https://gospelinlife.com/sermon/gods-love-and-ours/
2267,mapped,,Tim Keller,2013,The Gospel Ministry,Acts: The Gospel in the City,Acts 20:17-37,acts 20-20,https://gospelinlife.com/sermon/the-gospel-ministry/
1063,mapped,,Tim Keller,1994,How to Handle Suffering,"Splendor in the Furnace; 1 Peter, Part 2",1 Peter 4:12-19,1-peter 4-4,https://gospelinlife.com/sermon/how-to-handle-suffering/
829,mapped,,Tim Keller,1992,Growth in Grace,"Gospel of John, Part 2",John 15:1-11,john 15-15,https://gospelinlife.com/sermon/growth-in-grace/
1079,mapped,,Tim Keller,1994,The Parable of the Pearl: On Priorities,The Parables of Jesus 1994,Matthew 13:44-46,matthew 13-13,https://gospelinlife.com/sermon/the-parable-of-the-pearl-on-priorities/
1685,mapped,,Tim Keller,2002,The Lord of Salvation,The Gospel According to Moses: Discovering the Lost Language of Salvation,Exodus 3:1-15,exodus 3-3,https://gospelinlife.com/sermon/the-lord-of-salvation/
651,mapped,,Tim Keller,1990,Healing Relationships,Sermon on the Mount,Matthew 5:20-26,matthew 5-5,https://gospelinlife.com/sermon/healing-relationships/
2260,mapped,,Tim Keller,2013,How the Gospel Changes Lives (Part 1),Acts: The Gospel in the City,Acts 16:1-19,acts 16-16,https://gospelinlife.com/sermon/how-the-gospel-changes-lives-part-1/
1665,mapped,,Tim Keller,2002,Passionate Grace,Practical Grace; How the Gospel Transforms Character,Ephesians 4:15-25,ephesians 4-4,https://gospelinlife.com/sermon/passionate-grace/
1268,mapped,,Tim Keller,1996,Sex,Thessalonians; The Gospel and the End of Time,1 Thessalonians 4:3-8,1-thessalonians 4-4,https://gospelinlife.com/sermon/sex/
2205,mapped,,Tim Keller,2012,Healing the Sick,Savior and Teacher - A Study of Matthew,Matthew 8:5-17,matthew 8-8,https://gospelinlife.com/sermon/healing-the-sick/
761,mapped,,Tim Keller,1991,Christ and the World,"Gospel of John, Part 1",John 7:1-17,john 7-7,https://gospelinlife.com/sermon/christ-and-the-world/
616,mapped,,Tim Keller,1989,Finding Our Identity in Christ (Part 2),"Growth in Christ, Part 1",Colossians 3:1-4,colossians 3-3,https://gospelinlife.com/sermon/finding-our-identity-in-christ-part-2/
667,mapped,,Tim Keller,1990,"Fear, Faith and Courage","Growth in Christ, Part 2",Numbers 13-14,numbers 13-14,https://gospelinlife.com/sermon/fear-faith-and-courage/
1541,mapped,,Tim Keller,1999,The Terrifying Jesus,The Apostles' Creed; Getting a Vocabulary for Faith,John 6:16-24,john 6-6,https://gospelinlife.com/sermon/the-terrifying-jesus/
1309,mapped,,Tim Keller,1996,Mary’s Song,Daring to Draw Near,Luke 1:39-55,luke 1-1,https://gospelinlife.com/sermon/marys-song/
1399,mapped,,Tim Keller,1997,The Gospel and the Word,"Galatians: New Freedom, New Family",Galatians 3:1-9,galatians 3-3,https://gospelinlife.com/sermon/the-gospel-and-the-word/
2162,mapped,,Tim Keller,2011,The Love of God,To Know the Living God; The God Who Makes Alive,Psalm 145:14-20; John 15:9-15,psalms 145-145; john 15-15,https://gospelinlife.com/sermon/the-love-of-god/
706,mapped,,Tim Keller,1990,The Fullness of Christ,Lord of All,Ephesians 4:11-16,ephesians 4-4,https://gospelinlife.com/sermon/the-fullness-of-christ/
1046,mapped,,Tim Keller,1994,Practicing Faith in a Pagan World (Part 2),"Splendor in the Furnace; 1 Peter, Part 2",1 Peter 2:11-25,1-peter 2-2,https://gospelinlife.com/sermon/practicing-faith-in-a-pagan-world-part-2/
1445,mapped,,Tim Keller,1998,Boasting in the Cross,"Galatians: New Freedom, New Family",Galatians 6:11-18,galatians 6-6,https://gospelinlife.com/sermon/boasting-in-the-cross/
2258,mapped,,Tim Keller,2013,The Gospel for the Pagan,Acts: The Gospel in the City,Acts 14:8-23,acts 14-14,https://gospelinlife.com/sermon/the-gospel-for-the-pagan/
2103,mapped,,Tim Keller,2010,A Community of Peace-Making,The Gospel in Community: The Book of James,James 3:1-18,james 3-3,https://gospelinlife.com/sermon/a-community-of-peace-making/
993,unmapped,,Tim Keller,1993,Singleness – The Biblical Guidelines (Part 1),"Sex, Singleness, and Marriage",,,https://gospelinlife.com/sermon/singleness-the-biblical-guidelines/
1820,mapped,,Tim Keller,2005,Creation Care and Justice,Proverbs: True Wisdom for Living,"Proverbs 3:18-20, 27-32; 11:10-11; 19:17; 29:7",proverbs 3-3; proverbs 11-11; proverbs 19-19; proverbs 29-29,https://gospelinlife.com/sermon/creation-care-and-justice/
2032,mapped,,Tim Keller,2008,Benediction,Liturgy: What We Do in Worship,Numbers 6:22-27,numbers 6-6,https://gospelinlife.com/sermon/benediction/
1455,mapped,,Tim Keller,1998,Cain and Abel,Genesis 1998,Genesis 4:1-16,genesis 4-4,https://gospelinlife.com/sermon/cain-and-abel/
1739,mapped,,Tim Keller,2003,The Necessity of Belief,The Necessity of Belief,Jeremiah 17:5-17,jeremiah 17-17,https://gospelinlife.com/sermon/the-necessity-of-belief-3/
807,mapped,,Tim Keller,1991,A Place for You,"Gospel of John, Part 1",John 14:1-5,john 14-14,https://gospelinlife.com/sermon/a-place-for-you/
702,mapped,,Tim Keller,1990,Discovering your Spiritual Gifts (Part 3),Spiritual Gifts,Ephesians 4:1-16,ephesians 4-4,https://gospelinlife.com/sermon/discovering-your-spiritual-gifts/
2308,mapped,,Tim Keller,2014,Worship (Palm Sunday),Knowing Jesus,Luke 19:28-40,luke 19-19,https://gospelinlife.com/sermon/worship-palm-sunday/
2238,mapped,,Tim Keller,2012,Generosity and Wealth (Part 2),Generosity: Studies from the Gospel of Luke,Luke 16:1-14,luke 16-16,https://gospelinlife.com/sermon/generosity-and-wealth-part-2/
2038,mapped,,Tim Keller,2008,To Be Called Your Son,The Fellowship of Grace,Luke 15:21-24,luke 15-15,https://gospelinlife.com/sermon/to-be-called-your-son/
1091,mapped,,Tim Keller,1994,Enemy Within,"Knowing that We Know God; 1 John, Part 1",1 John 1:5-10,1-john 1-1,https://gospelinlife.com/sermon/enemy-within/
1135,mapped,,Tim Keller,1995,Gluttony: The Case of Achan,The Seven Deadly Sins,"Joshua 7:19-26, Hosea 2:13-15",joshua 7-7; hosea 2-2,https://gospelinlife.com/sermon/gluttony-the-case-of-achan/
2225,mapped,,Tim Keller,2012,Rules for Relationships,Savior and Teacher - A Study of Matthew,Matthew 7:1-11,matthew 7-7,https://gospelinlife.com/sermon/rules-for-relationships/
2250,mapped,,Tim Keller,2013,The Word and the Spirit,Acts: The Gospel in the City,Acts 4:23-37,acts 4-4,https://gospelinlife.com/sermon/the-word-and-the-spirit/
1437,mapped,,Tim Keller,1998,Freedom in Relationships,"Galatians: New Freedom, New Family","Galatians 5:13-15,25-6:5",galatians 5-5,https://gospelinlife.com/sermon/freedom-in-relationships/
2268,mapped,,Tim Keller,2013,The Gospel and Courage,Acts: The Gospel in the City,Acts 22:1-22,acts 22-22,https://gospelinlife.com/sermon/the-gospel-and-courage/
922,mapped,,Tim Keller,1992,Union With Christ,Salvation from the Outside In,Ephesians 2:4-10,ephesians 2-2,https://gospelinlife.com/sermon/union-with-christ/
2100,mapped,,Tim Keller,2009,A Community of Justice (Part 1),The Gospel in Community: The Book of James,James 2:1-17,james 2-2,https://gospelinlife.com/sermon/a-community-of-justice-part-1/
1195,mapped,,Tim Keller,1995,A New Community,The Book of Acts,Acts 2:40-47,acts 2-2,https://gospelinlife.com/sermon/a-new-community/
796,mapped,,Tim Keller,1991,Following Christ,"Gospel of John, Part 1","John 12:1-8, 24-26",john 12-12,https://gospelinlife.com/sermon/following-christ/
1418,mapped,,Tim Keller,1998,Spiritual Friendship,The Church - How to Believe Despite Christians,Acts 20:36-21:8,acts 20-21,https://gospelinlife.com/sermon/spiritual-friendship/
841,mapped,,Tim Keller,1992,The Breastplate of Righteousness (Part 2),Spiritual Warfare - The Armor of God,Ephesians 6:10-20,ephesians 6-6,https://gospelinlife.com/sermon/the-breastplate-of-righteousness-2/
1271,mapped,,Tim Keller,1996,Marveling at Jesus,Thessalonians; The Gospel and the End of Time,2 Thessalonians 1:1-12,2-thessalonians 1-1,https://gospelinlife.com/sermon/marveling-at-jesus/
2048,mapped,,Tim Keller,2008,In the Image of God,Bible: The Whole Story - Creation and Fall,Genesis 1:26-2:3,genesis 1-2,https://gospelinlife.com/sermon/in-the-image-of-god/
1619,mapped,,Tim Keller,2001,Real Riches and the Ambitious Man,The Gospel According to Abraham,Genesis 13:2-17,genesis 13-13,https://gospelinlife.com/sermon/real-riches-and-the-ambitious-man/
1327,mapped,,Tim Keller,1997,Disciplines of Repentance,Lessons in Drawing Near,Psalm 32,psalms 32-32,https://gospelinlife.com/sermon/disciplines-of-repentance/
689,mapped,,Tim Keller,1990,Abounding in Love,Jonah,Jonah 4:1-10,jonah 4-4,https://gospelinlife.com/sermon/abounding-in-love/
2265,mapped,,Tim Keller,2013,The Gospel to the Philosophers,Acts: The Gospel in the City,Acts 17:16-34,acts 17-17,https://gospelinlife.com/sermon/the-gospel-to-the-philosophers/
2037,mapped,,Tim Keller,2008,He Came to Himself,The Fellowship of Grace,Luke 15:11-20,luke 15-15,https://gospelinlife.com/sermon/he-came-to-himself/
2246,mapped,,Tim Keller,2012,Responding to Jesus’ Birth,Christmas 2012,Luke 2:8-20,luke 2-2,https://gospelinlife.com/sermon/responding-to-jesus-birth/
1008,mapped,,Tim Keller,1993,Holiness: Overview,"Splendor in the Furnace; 1 Peter, Part 1",1 Peter 1:13-21,1-peter 1-1,https://gospelinlife.com/sermon/holiness-overview/
1232,mapped,,Tim Keller,1996,Sin as Unbelief,The Faces of Sin,Jeremiah 17:5-13,jeremiah 17-17,https://gospelinlife.com/sermon/sin-as-unbelief/
1073,mapped,,Tim Keller,1994,The Freedom of Contentment – 2 (10th),Ten Commandments 1994,Philippians 4:4-23,philippians 4-4,https://gospelinlife.com/sermon/the-freedom-of-contentment-2-10th/
1467,excluded,not a sermon: Leader Talks,Tim Keller,1998,Meditation – What it Is,Gospel Spirituality (Leader Talks),,,https://gospelinlife.com/sermon/meditation-what-it-is/
1573,mapped,,Tim Keller,2000,How To Hate Your Parents,The Hard Sayings of Jesus 2000,Luke 14:25-27,luke 14-14,https://gospelinlife.com/sermon/how-to-hate-your-parents/
2513,mapped,,Tim Keller,2017,Infallible Joy,"Jesus, Mission, and Glory: New Power",John 16:16-27,john 16-16,https://gospelinlife.com/sermon/infallible-joy/
1350,mapped,,Tim Keller,1997,Thomas Meets Jesus,The Real Jesus Part 4; The Lord,John 20:24-31,john 20-20,https://gospelinlife.com/sermon/thomas-meets-jesus/
2026,mapped,,Tim Keller,2008,Hospitality,Practicing The Christian Life,Hebrews 13:1-14,hebrews 13-13,https://gospelinlife.com/sermon/hospitality/
712,mapped,,Tim Keller,1990,Lord of the Feast,"Gospel of John, Part 1",John 2:1-11,john 2-2,https://gospelinlife.com/sermon/lord-of-the-feast/
1302,mapped,,Tim Keller,1996,The Baptism and Temptation of Jesus,The Real Jesus Part 2: His Life,Matthew 3:13-4:11,matthew 3-4,https://gospelinlife.com/sermon/the-baptism-and-temptation-of-jesus/
1633,mapped,,Tim Keller,2001,Arguing About Predestination,Arguing With Jesus,John 6:41-48,john 6-6,https://gospelinlife.com/sermon/arguing-about-predestination/
2067,mapped,,Tim Keller,2009,By the Blood of Jesus Christ,Bible: The Whole Story - Redemption and Restoration,Romans 3:21-31,romans 3-3,https://gospelinlife.com/sermon/by-the-blood-of-jesus-christ/
1722,mapped,,Tim Keller,2003,The Upper Room,The Meaning of Jesus Part 3; Seeing Him,Luke 22:14-34,luke 22-22,https://gospelinlife.com/sermon/the-upper-room/
1788,mapped,,Tim Keller,2004,"Hope, Race and Power",Living in Hope,"Romans 14:1-3, 14:14-15:7",romans 14-14,https://gospelinlife.com/sermon/hope-race-and-power/
1559,mapped,,Tim Keller,2000,Praying Our Guilt,Psalms - The Songs of Jesus,Psalm 130:1-8,psalms 130-130,https://gospelinlife.com/sermon/praying-our-guilt/
739,mapped,,Tim Keller,1991,Working and Resting,"Gospel of John, Part 1",John 5:1-18,john 5-5,https://gospelinlife.com/sermon/working-resting/
2042,mapped,,Tim Keller,2008,Before the Beginning,Bible: The Whole Story - Creation and Fall,Genesis 1:1-3,genesis 1-1,https://gospelinlife.com/sermon/before-the-beginning/
2200,mapped,,Tim Keller,2012,Work and Family,A Study of Ephesians: Who is the Church?,Ephesians 6:1-9,ephesians 6-6,https://gospelinlife.com/sermon/work-and-family/
1585,mapped,,Tim Keller,2000,God Our King,"Four Ways to Live, Four Ways to Love","Isaiah 40:1-11, 27-31",isaiah 40-40,https://gospelinlife.com/sermon/god-our-king/
1423,mapped,,Tim Keller,1998,Grace to the Barren (Part 2),"Galatians: New Freedom, New Family",Galatians 4:21-31,galatians 4-4,https://gospelinlife.com/sermon/grace-to-the-barren-ii/
1428,mapped,,Tim Keller,1998,The Freedom of Love,"Galatians: New Freedom, New Family",Galatians 5:5-12,galatians 5-5,https://gospelinlife.com/sermon/the-freedom-of-love/
1119,mapped,,Tim Keller,1995,Anatomy of Sin (Part 1),The Seven Deadly Sins,"Jeremiah 2:2-13, 19",jeremiah 2-2,https://gospelinlife.com/sermon/anatomy-of-sin-part-1/
1082,mapped,,Tim Keller,1994,Noah and the Nature of Faith: Claiming the Rainbow,The Nature of Faith,"Hebrews 11:1-3, 6, 7",hebrews 11-11,https://gospelinlife.com/sermon/noah-and-the-nature-of-faith-claiming-the-rainbow/
1900,mapped,,Tim Keller,2006,Becoming Clean,"King's Cross: The Gospel of Mark, Part 1: The Coming of the King",Mark 7:14-23,mark 7-7,https://gospelinlife.com/sermon/becoming-clean/
649,mapped,,Tim Keller,1990,Why Do We Need the Bible?,Sermon on the Mount,Matthew 5:17-20,matthew 5-5,https://gospelinlife.com/sermon/why-do-we-need-the-bible/
763,mapped,,Tim Keller,1991,The Gift of the Spirit,"Gospel of John, Part 1",John 7:37-44,john 7-7,https://gospelinlife.com/sermon/the-gift-of-the-spirit/
2072,mapped,,Tim Keller,2009,The New Heaven and New Earth,Bible: The Whole Story - Redemption and Restoration,Revelation 21:1-7,revelation 21-21,https://gospelinlife.com/sermon/the-new-heaven-and-new-earth/
828,mapped,,Tim Keller,1991,God With Us,Advent: God with Us,Matthew 1:18-25,matthew 1-1,https://gospelinlife.com/sermon/god-with-us/
1899,mapped,,Tim Keller,2006,Jesus and the Bible,"King's Cross: The Gospel of Mark, Part 1: The Coming of the King",Mark 7:1-13,mark 7-7,https://gospelinlife.com/sermon/jesus-and-the-bible/
1582,mapped,,Tim Keller,2000,God Our Father,"Four Ways to Live, Four Ways to Love","Psalm 103:1-2, 8-18",psalms 103-103,https://gospelinlife.com/sermon/god-our-father/
1330,mapped,,Tim Keller,1997,The King Is Come,The Real Jesus Part 3; The King,Matthew 21:1-17,matthew 21-21,https://gospelinlife.com/sermon/the-king-is-come/
1343,mapped,,Tim Keller,1997,Witness of the Spirit,Lessons in Drawing Near,Romans 8:1-17,romans 8-8,https://gospelinlife.com/sermon/witness-of-the-spirit/
699,mapped,,Tim Keller,1990,Spiritual Gifts (Part 1),Spiritual Gifts,Ephesians 4:1-16,ephesians 4-4,https://gospelinlife.com/sermon/spiritual-gifts-part-1/
2503,mapped,,Tim Keller,2017,Confident in Prayer,"Jesus, Mission, and Glory: New Confidence",John 14:12-15,john 14-14,https://gospelinlife.com/sermon/confident-in-prayer/
2529,mapped,,Tim Keller,2017,Unity,"Jesus, Mission and Glory: The Lord's Prayer for His Glory and Ours",John 17:20-23,john 17-17,https://gospelinlife.com/sermon/unity/
1324,mapped,,Tim Keller,1997,With the Anxious,The Real Jesus Part 2: His Life,Luke 10:38-11:13,luke 10-11,https://gospelinlife.com/sermon/with-the-anxious/
1246,mapped,,Tim Keller,1996,Patience,James: A Faith that Comes Down to Earth,James 5:7-11,james 5-5,https://gospelinlife.com/sermon/patience-2/
2052,mapped,,Tim Keller,2009,The First Wedding Day,Bible: The Whole Story - Creation and Fall,Genesis 2:18-25,genesis 2-2,https://gospelinlife.com/sermon/the-first-wedding-day/
1430,mapped,,Tim Keller,1998,The Freedom of the Christian,"Galatians: New Freedom, New Family",Galatians 5:5-18,galatians 5-5,https://gospelinlife.com/sermon/the-freedom-of-the-christian/
1905,mapped,,Tim Keller,2006,Jesus Versus,"King's Cross: The Gospel of Mark, Part 2: The Journey to the Cross",Mark 12:35-44,mark 12-12,https://gospelinlife.com/sermon/jesus-versus/
1446,mapped,,Tim Keller,1998,The Humility of Jesus,The Fruit of the Spirit - The Character of Christ,John 8:1-11,john 8-8,https://gospelinlife.com/sermon/the-humility-of-jesus/
728,mapped,,Tim Keller,1991,Witness,"Gospel of John, Part 1",John 3:22-36,john 3-3,https://gospelinlife.com/sermon/witness-1991/
1548,mapped,,Tim Keller,2000,Dying to Live,The Apostles' Creed; Getting a Vocabulary for Faith,John 12:1-11; 23-28,john 12-12,https://gospelinlife.com/sermon/dying-to-live/
2257,mapped,,Tim Keller,2013,But God Raised Him,Acts: The Gospel in the City,"Acts 13:26-31, 38-39",acts 13-13,https://gospelinlife.com/sermon/but-god-raised-him/
2029,mapped,,Tim Keller,2008,Letter to the Church in Laodicea,Revelation: Jesus' Letters to the Church,Revelation 3:14-22,revelation 3-3,https://gospelinlife.com/sermon/letter-to-the-church-in-laodicea/
1694,mapped,,Tim Keller,2002,Glory in Your Life,The Gospel According to Moses: Discovering the Lost Language of Salvation,"Exodus 33:1-6, 15-23; 34:5-8",exodus 33-33; exodus 34-34,https://gospelinlife.com/sermon/glory-in-your-life/
1693,mapped,,Tim Keller,2002,The New City 2002,The Gospel According to Moses: Discovering the Lost Language of Salvation,Exodus 19:2-8; 20:1-3; 24:7-11,exodus 19-19; exodus 20-20; exodus 24-24,https://gospelinlife.com/sermon/the-new-city-2/
1533,mapped,,Tim Keller,1999,The Poor Have Good News Preached to Them,Receiving the Spirit (with Elisha),Luke 4:14-30,luke 4-4,https://gospelinlife.com/sermon/the-poor-have-good-news-preached-to-them/
1253,mapped,,Tim Keller,1996,Spiritual Reclamation,James: A Faith that Comes Down to Earth,James 5:16-20,james 5-5,https://gospelinlife.com/sermon/spiritual-reclamation/
713,mapped,,Tim Keller,1990,Fire and Soap,"Gospel of John, Part 1",John 2:12-21,john 2-2,https://gospelinlife.com/sermon/fire-and-soap/
2271,mapped,,Tim Keller,2013,Finishing Well,Acts: The Gospel in the City,Acts 28:30-31; 2 Timothy 4:6-22,acts 28-28; 2-timothy 4-4,https://gospelinlife.com/sermon/finishing-well/
599,mapped,,Tim Keller,1989,Christ Our Head,The King and the Kingdom,Ephesians 1:15-23,ephesians 1-1,https://gospelinlife.com/sermon/christ-our-head/
732,mapped,,Tim Keller,1991,Lessons in Worship,"Gospel of John, Part 1",John 4:16-30,john 4-4,https://gospelinlife.com/sermon/lessons-in-worship/
1796,mapped,,Tim Keller,2004,The Doctrine of The Word,Who's Afraid of Doctrine?,Psalm 19:1-14,psalms 19-19,https://gospelinlife.com/sermon/the-doctrine-of-the-word/
1547,mapped,,Tim Keller,2000,Eating with Jesus,The Apostles' Creed; Getting a Vocabulary for Faith,John 21:1-22,john 21-21,https://gospelinlife.com/sermon/eating-with-jesus/
1692,mapped,,Tim Keller,2002,The Water of Grace,The Gospel According to Moses: Discovering the Lost Language of Salvation,Exodus 17:1-7,exodus 17-17,https://gospelinlife.com/sermon/the-water-of-grace/
1323,mapped,,Tim Keller,1997,Disciplines of Guidance,Lessons in Drawing Near,Psalm 25:1-15,psalms 25-25,https://gospelinlife.com/sermon/disciplines-of-guidance/
1897,mapped,,Tim Keller,2006,The Fear of King Herod,"King's Cross: The Gospel of Mark, Part 1: The Coming of the King",Mark 6:14-30,mark 6-6,https://gospelinlife.com/sermon/the-fear-of-king-herod/
1056,mapped,,Tim Keller,1994,The Freedom of Obedience (1st),Ten Commandments 1994,1 John 2:1-8,1-john 2-2,https://gospelinlife.com/sermon/the-freedom-of-obedience-1st/
1514,mapped,,Tim Keller,1999,True Spirituality,The Mount; Life in the Kingdom,Matthew 7:15-29,matthew 7-7,https://gospelinlife.com/sermon/true-spirituality/
2354,mapped,,Tim Keller,2014,Word: Teach Us To Pray,The Prayer of Prayers,Psalm 1:1-6; 2:1-12,psalms 1-1; psalms 2-2,https://gospelinlife.com/sermon/word-teach-us-to-pray/
746,mapped,,Tim Keller,1991,Channels of His Power,"Gospel of John, Part 1",John 6:1-14,john 6-6,https://gospelinlife.com/sermon/channels-of-his-power/
822,mapped,,Tim Keller,1991,A Different Peace,"Gospel of John, Part 1",John 14:27-31,john 14-14,https://gospelinlife.com/sermon/a-different-peace/
802,mapped,,Tim Keller,1991,Kneeling Love,"Gospel of John, Part 1",John 13:1-17,john 13-13,https://gospelinlife.com/sermon/kneeling-love/
748,mapped,,Tim Keller,1991,"Behold, Your King is Coming (Palm Sunday)","Gospel of John, Part 1",John 12:12-19,john 12-12,https://gospelinlife.com/sermon/behold-your-king-is-coming-palm-sunday/
1074,mapped,,Tim Keller,1994,The Parable of the Tree: On Repentance,The Parables of Jesus 1994,Luke 13:1-9,luke 13-13,https://gospelinlife.com/sermon/the-parable-of-the-tree-on-repentance/
2275,mapped,,Tim Keller,2013,Wisdom: How To Get It,Wisdom in Life,"Proverbs 3:1-8, 11-12",proverbs 3-3,https://gospelinlife.com/sermon/wisdom-how-to-get-it/
1238,mapped,,Tim Keller,1996,Communication,James: A Faith that Comes Down to Earth,"James 4:11,12; 5:12",james 4-4; james 5-5,https://gospelinlife.com/sermon/communication/
929,mapped,,Tim Keller,1992,Christmas Message,Advent 1992,Matthew 2:1-8,matthew 2-2,https://gospelinlife.com/sermon/christmas-message-2/
1590,mapped,,Tim Keller,2000,Paradise Lost,Genesis - The Gospel According to God,Genesis 2:15-17; 3:1-8,genesis 2-2; genesis 3-3,https://gospelinlife.com/sermon/paradise-lost/
2040,mapped,,Tim Keller,2008,We Had to Celebrate,The Fellowship of Grace,Luke 15:17-32,luke 15-15,https://gospelinlife.com/sermon/we-had-to-celebrate/
2253,mapped,,Tim Keller,2013,The Gospel to the City,Acts: The Gospel in the City,Acts 8:1-18,acts 8-8,https://gospelinlife.com/sermon/the-gospel-to-the-city/
1798,mapped,,Tim Keller,2004,The Doctrine of Salvation,Who's Afraid of Doctrine?,Psalm 22:1-31,psalms 22-22,https://gospelinlife.com/sermon/the-doctrine-of-salvation/
720,mapped,,Tim Keller,1990,Water and Wind,"Gospel of John, Part 1",John 3:4-15,john 3-3,https://gospelinlife.com/sermon/water-and-wind/
759,mapped,,Tim Keller,1991,Discipleship: True and False,"Gospel of John, Part 1",John 6:60-71,john 6-6,https://gospelinlife.com/sermon/discipleship-true-false/
2086,mapped,,Tim Keller,2009,Hope for the World,"The Gospel, Hope, and the World",Ephesians 1:11-14,ephesians 1-1,https://gospelinlife.com/sermon/hope-for-the-world/
2384,mapped,,Tim Keller,2015,Hannah’s Prayer,David: The Man of Prayer,"1 Samuel 1:3-11, 18-20; 2:8-10",1-samuel 1-1; 1-samuel 2-2,https://gospelinlife.com/sermon/hannahs-prayer/
2207,mapped,,Tim Keller,2012,Into Jerusalem,Savior and Teacher - A Study of Matthew,Matthew 21:1-14,matthew 21-21,https://gospelinlife.com/sermon/into-jerusalem/
2339,mapped,,Tim Keller,2014,Family: Our Father,The Prayer of Prayers,Galatians 3:26-4:3,galatians 3-4,https://gospelinlife.com/sermon/family-our-father/
1010,mapped,,Tim Keller,1993,The Battle for the Mind,"Splendor in the Furnace; 1 Peter, Part 1",1 Peter 1:13-16,1-peter 1-1,https://gospelinlife.com/sermon/the-battle-for-the-mind/
1441,mapped,,Tim Keller,1998,Knowing Yourself,"Galatians: New Freedom, New Family",Galatians 5:26-6:5,galatians 5-6,https://gospelinlife.com/sermon/knowing-yourself/
2505,mapped,,Tim Keller,2017,Confident in the Advocate,"Jesus, Mission, and Glory: New Confidence",John 14:16-26,john 14-14,https://gospelinlife.com/sermon/confident-in-the-advocate/
793,mapped,,Tim Keller,1991,The Love of Christ,"Gospel of John, Part 1","John 11:1-6, 30-45",john 11-11,https://gospelinlife.com/sermon/the-love-of-christ/
1597,mapped,,Tim Keller,2000,The Man Who Would Not Be Believed,Two Christmas Meditations,Mark 6:1-13,mark 6-6,https://gospelinlife.com/sermon/the-man-who-would-not-be-believed/
974,mapped,,Tim Keller,1993,Letter on Reality,Revelation: The Final Word,Revelation 3:1-6,revelation 3-3,https://gospelinlife.com/sermon/letter-on-reality/
1709,mapped,,Tim Keller,2003,The Call to Discipleship,The Meaning of Jesus Part 1; Understanding Him,Luke 9:20-25; 51-62,luke 9-9,https://gospelinlife.com/sermon/the-call-to-discipleship/
2546,excluded,not a sermon: Questioning Christianity,Tim Keller,2019,Hope,Questioning Christianity (2019),,,https://gospelinlife.com/sermon/hope-2/
1707,mapped,,Tim Keller,2003,Faith in Jesus,The Meaning of Jesus Part 1; Understanding Him,"Luke 7:1-10, 36-50",luke 7-7,https://gospelinlife.com/sermon/faith-in-jesus/
2543,excluded,not a sermon: Questioning Christianity,Tim Keller,2019,Identity,Questioning Christianity (2019),,,https://gospelinlife.com/sermon/identity-2/
791,mapped,,Tim Keller,1991,The True Shepherd,"Gospel of John, Part 1",John 10:14-29,john 10-10,https://gospelinlife.com/sermon/the-true-shepherd/
2454,mapped,,Tim Keller,2016,Serving the City,Where We Are Going: The City and the Mission,Jeremiah 29:1-14,jeremiah 29-29,https://gospelinlife.com/sermon/serving-the-city/
1121,mapped,,Tim Keller,1995,Loving One Another,"Knowing that We Know God; 1 John, Part 2",1 John 2:3-11,1-john 2-2,https://gospelinlife.com/sermon/loving-one-another/
621,mapped,,Tim Keller,1989,Love Your Enemies (6th),Ten Commandments 1989,Matthew 5:21-24; 38-48,matthew 5-5,https://gospelinlife.com/sermon/love-your-enemies-6th/
865,mapped,,Tim Keller,1992,Love Before the World (Part 1),Salvation from the Outside In,Ephesians 1:1-4,ephesians 1-1,https://gospelinlife.com/sermon/love-before-the-world-part-1/
2039,mapped,,Tim Keller,2008,And Kissed Him,The Fellowship of Grace,Luke 15:11-24,luke 15-15,https://gospelinlife.com/sermon/and-kissed-him/
1087,mapped,,Tim Keller,1994,Knowing God,"Knowing that We Know God; 1 John, Part 1",1 John 1:1-4,1-john 1-1,https://gospelinlife.com/sermon/knowing-god-3/
1669,mapped,,Tim Keller,2002,Love and the Future of God,Practical Grace; How the Gospel Transforms Character,1 Corinthians 13:1-13,1-corinthians 13-13,https://gospelinlife.com/sermon/love-and-the-future-of-god/
2005,mapped,,Tim Keller,2008,You – Have No Power,St. John's Passion,John 18:33-38; 19:8-11,john 18-18; john 19-19,https://gospelinlife.com/sermon/you-have-no-power/
1773,mapped,,Tim Keller,2004,The Lost Ark,The Gospel According to David,1 Samuel 5:1-5; 2 Samuel 6:1-15,1-samuel 5-5; 2-samuel 6-6,https://gospelinlife.com/sermon/the-lost-ark/
753,mapped,,Tim Keller,1991,Lord of the Storm,"Gospel of John, Part 1",John 6:16-21,john 6-6,https://gospelinlife.com/sermon/lord-of-the-storm/
1078,mapped,,Tim Keller,1994,The Parable of the Last Messenger: On Sin,The Parables of Jesus 1994,Luke 20:9-19,luke 20-20,https://gospelinlife.com/sermon/the-parable-of-the-last-messenger-on-sin/
1653,mapped,,Tim Keller,2001,The Meaning of Free Grace (2001),The Gospel According to Jacob,Genesis 48:8-20,genesis 48-48,https://gospelinlife.com/sermon/the-meaning-of-free-grace-2/
871,mapped,,Tim Keller,1992,Healing of Peter,"Gospel of John, Part 2",John 21:4-17,john 21-21,https://gospelinlife.com/sermon/healing-of-peter/
1602,mapped,,Tim Keller,2001,Born Into Hope,The Radical Imperative; A New Birth,1 Peter 1:3-9,1-peter 1-1,https://gospelinlife.com/sermon/born-into-hope/
1621,mapped,,Tim Keller,2001,Real Confidence and the Blazing Torch,The Gospel According to Abraham,Genesis 15:1-21,genesis 15-15,https://gospelinlife.com/sermon/real-confidence-and-the-blazing-torch/
716,mapped,,Tim Keller,1990,The Secret Self,"Gospel of John, Part 1",John 2:18-25,john 2-2,https://gospelinlife.com/sermon/the-secret-self/
1951,mapped,,Tim Keller,2007,Jesus and Politics 2007,"King's Cross: The Gospel of Mark, Part 2: The Journey to the Cross",Mark 15:1-15,mark 15-15,https://gospelinlife.com/sermon/jesus-and-politics/
1876,mapped,,Tim Keller,2005,Jesus at His Father’s Feast,Meals with Jesus,Luke 2:41-52,luke 2-2,https://gospelinlife.com/sermon/jesus-at-his-fathers-feast/
2368,mapped,,Tim Keller,2015,A Paralytic Forgiven,Light in the Darkness: Glory of Jesus in Mark,Mark 2:1-12,mark 2-2,https://gospelinlife.com/sermon/a-paralytic-forgiven/
1698,mapped,,Tim Keller,2002,The Serpent in the Desert,The Gospel According to Moses: Discovering the Lost Language of Salvation,"Numbers 21:4-9; John 3:7-10, 14,15",numbers 21-21; john 3-3,https://gospelinlife.com/sermon/the-serpent-in-the-desert/
1485,mapped,,Tim Keller,1999,The Living Water,Knowing Christ,John 4:4-30,john 4-4,https://gospelinlife.com/sermon/the-living-water/
2228,mapped,,Tim Keller,2012,Greatness in the Kingdom,Savior and Teacher - A Study of Matthew,Matthew 18:1-14,matthew 18-18,https://gospelinlife.com/sermon/greatness-in-the-kingdom/
1214,mapped,,Tim Keller,1995,"Jesus, Our King",Advent: God and Sinners Reconciled,Colossians 1:9-17,colossians 1-1,https://gospelinlife.com/sermon/jesus-our-king-3/
887,mapped,,Tim Keller,1992,The Good Samaritan: On Love,The Parables of Jesus 1992,Luke 10:25-37,luke 10-10,https://gospelinlife.com/sermon/the-good-samaritan-on-love/
757,mapped,,Tim Keller,1991,The Grace of God,"Gospel of John, Part 1",John 6:36-47,john 6-6,https://gospelinlife.com/sermon/the-grace-of-god/
737,mapped,,Tim Keller,1991,The Making of Faith,"Gospel of John, Part 1",John 4:39-54,john 4-4,https://gospelinlife.com/sermon/the-making-of-faith/
2287,mapped,,Tim Keller,2013,Healing From Decay,"Jesus, Our Hope (Advent)",Isaiah 11:1-10,isaiah 11-11,https://gospelinlife.com/sermon/healing-from-decay/
2161,mapped,,Tim Keller,2011,The Glory of God: 1,To Know the Living God; The Majesty of God,"Ezekiel 1:4-18, 22-28",ezekiel 1-1,https://gospelinlife.com/sermon/the-glory-of-god/
2541,excluded,not a sermon: Questioning Christianity,Tim Keller,2019,Meaning,Questioning Christianity (2019),,,https://gospelinlife.com/sermon/meaning-2/
1150,mapped,,Tim Keller,1995,Seeing Him as He Is,"Knowing that We Know God; 1 John, Part 2",1 John 3:1-3,1-john 3-3,https://gospelinlife.com/sermon/seeing-him-as-he-is/
2264,excluded,not a sermon: Open Forum,Tim Keller,2013,Forgiveness (Open Forum),Redeemer Open Forums,,,https://gospelinlife.com/sermon/forgiveness-an-open-forum/
2305,mapped,,Tim Keller,2014,Scripture,Knowing Jesus,Luke 4:1-13,luke 4-4,https://gospelinlife.com/sermon/scripture/
1013,mapped,,Tim Keller,1993,The Problem of Guilt,Modern Problems; Ancient Solutions,Psalm 51,psalms 51-51,https://gospelinlife.com/sermon/the-problem-of-guilt/
1280,mapped,,Tim Keller,1996,Meeting the Real Jesus,The Real Jesus Part 1; His Teaching,Matthew 11:4-15,matthew 11-11,https://gospelinlife.com/sermon/meeting-the-real-jesus/
643,mapped,,Tim Keller,1990,New Life in Christ,The Beatitudes,Matthew 5:7-12,matthew 5-5,https://gospelinlife.com/sermon/new-life-in-christ-2/
1061,mapped,,Tim Keller,1994,The Freedom of Truth (2nd),Ten Commandments 1994,Colossians 1:15-23,colossians 1-1,https://gospelinlife.com/sermon/the-freedom-of-truth-2nd/
2010,mapped,,Tim Keller,2008,I Thirst,St. John's Passion,John 19:28-37,john 19-19,https://gospelinlife.com/sermon/i-thirst/
1075,mapped,,Tim Keller,1994,The Parable of the Beggar: On Hell,The Parables of Jesus 1994,Luke 16:19-31,luke 16-16,https://gospelinlife.com/sermon/the-parable-of-the-beggar-on-hell/
852,mapped,,Tim Keller,1992,The Shield of Faith (Part 1),Spiritual Warfare - The Armor of God,Ephesians 6:10-20,ephesians 6-6,https://gospelinlife.com/sermon/the-shield-of-faith/
1531,mapped,,Tim Keller,1999,The One God Uses,Receiving the Spirit (with Elisha),1 Kings 19:15-21; 2 Kings 2:8-14,1-kings 19-19; 2-kings 2-2,https://gospelinlife.com/sermon/the-one-god-uses/
1535,mapped,,Tim Keller,1999,Faith: The Complete Guide,The Apostles' Creed; Getting a Vocabulary for Faith,John 20:1-18,john 20-20,https://gospelinlife.com/sermon/faith-the-complete-guide/
1417,mapped,,Tim Keller,1998,Ministers and the People,"Galatians: New Freedom, New Family",Galatians 4:12-20,galatians 4-4,https://gospelinlife.com/sermon/ministers-and-the-people/
2058,mapped,,Tim Keller,2009,A Tale of Two Cities,Bible: The Whole Story - Creation and Fall,Genesis 4:11-26,genesis 4-4,https://gospelinlife.com/sermon/a-tale-of-two-cities/
1679,mapped,,Tim Keller,2002,Confession,Psalms; Disciplines of Grace,Psalm 32:1-11,psalms 32-32,https://gospelinlife.com/sermon/confession/
1190,mapped,,Tim Keller,1995,The Spirit of God,The Book of Acts,Acts 2:1-13,acts 2-2,https://gospelinlife.com/sermon/the-spirit-of-god/
2134,mapped,,Tim Keller,2010,Life in the Spirit,The Holy Spirit,Ephesians 5:15-21,ephesians 5-5,https://gospelinlife.com/sermon/life-in-the-spirit/
1489,mapped,,Tim Keller,1999,Preparing the Way,Knowing Christ,Luke 3:3-20,luke 3-3,https://gospelinlife.com/sermon/preparing-the-way/
742,mapped,,Tim Keller,1991,The Great Divide,"Gospel of John, Part 1",John 5:24-30,john 5-5,https://gospelinlife.com/sermon/the-great-divide/
2270,mapped,,Tim Keller,2013,The Lord in the Storm,Acts: The Gospel in the City,Acts 27:13-32,acts 27-27,https://gospelinlife.com/sermon/the-lord-in-the-storm/
2358,mapped,,Tim Keller,2014,The Fathers of Jesus,Matthew's Messiah,Matthew 1:18-25,matthew 1-1,https://gospelinlife.com/sermon/the-fathers-of-jesus/
1396,mapped,,Tim Keller,1997,Bible: End or Means?,Christ the Controversialist - Confrontations With Jesus,John 5:31-47,john 5-5,https://gospelinlife.com/sermon/bible-ends-or-means/
1058,mapped,,Tim Keller,1994,Two Ways to Live,"Splendor in the Furnace; 1 Peter, Part 2",1 Peter 4:1-6,1-peter 4-4,https://gospelinlife.com/sermon/two-ways-to-live/
780,mapped,,Tim Keller,1991,Light From the Height,"Gospel of John, Part 1",John 8:12-30,john 8-8,https://gospelinlife.com/sermon/light-from-the-height/
2390,mapped,,Tim Keller,2015,David’s Courage,David: The Man of Prayer,1 Samuel 17:32-50,1-samuel 17-17,https://gospelinlife.com/sermon/davids-courage/
2332,mapped,,Tim Keller,2014,Goodness,Growth in the Spirit,Micah 6:6-8,micah 6-6,https://gospelinlife.com/sermon/goodness/
2172,mapped,,Tim Keller,2011,The Beauty of God,To Know the Living God; The Adequacy of God,Psalm 27:1-14,psalms 27-27,https://gospelinlife.com/sermon/the-beauty-of-god-2/
1824,excluded,not a sermon: Leader Talks,Tim Keller,2005,1 Corinthians 6-7,1 Corinthians (Leader Talks),,1-corinthians 6-7,https://gospelinlife.com/sermon/1-corinthians-6-23-2/
1622,mapped,,Tim Keller,2001,Real Freedom and the Listening Lord,The Gospel According to Abraham,Genesis 16:1-14; 21:14-21,genesis 16-16; genesis 21-21,https://gospelinlife.com/sermon/real-freedom-and-the-listening-lord/
2070,mapped,,Tim Keller,2009,The Wedding Feast of the Lamb,Bible: The Whole Story - Redemption and Restoration,Revelation 19:1-10,revelation 19-19,https://gospelinlife.com/sermon/the-wedding-feast-of-the-lamb/
2456,mapped,,Tim Keller,2016,A Movement,Where We Are Going: The City and the Mission,1 Peter 2:4-12,1-peter 2-2,https://gospelinlife.com/sermon/a-movement/
1953,mapped,,Tim Keller,2007,The Death of Jesus,"King's Cross: The Gospel of Mark, Part 2: The Journey to the Cross",Mark 15:33-39,mark 15-15,https://gospelinlife.com/sermon/the-death-of-jesus/
1206,mapped,,Tim Keller,1995,"Jesus, Our Priest",The Book of Acts,Acts 6:1-15; 7:54-60,acts 6-6; acts 7-7,https://gospelinlife.com/sermon/jesus-our-priest/
2054,mapped,,Tim Keller,2009,Paradise in Crisis,Bible: The Whole Story - Creation and Fall,Genesis 3:1-7,genesis 3-3,https://gospelinlife.com/sermon/paradise-in-crisis/
1037,mapped,,Tim Keller,1994,Royal Priesthood,"Splendor in the Furnace; 1 Peter, Part 2",1 Peter 2:9-12,1-peter 2-2,https://gospelinlife.com/sermon/royal-priesthood/
1431,mapped,,Tim Keller,1998,A Spirit Hath Not Flesh and Bones (Easter),,Luke 24:37-43,luke 24-24,https://gospelinlife.com/sermon/a-spirit-hath-not-flesh-and-bones-easter/
1398,mapped,,Tim Keller,1997,Salvation: Merit or Mercy?,Christ the Controversialist - Confrontations With Jesus,Matthew 22:1-14,matthew 22-22,https://gospelinlife.com/sermon/salvation-merit-or-mercy/
2350,mapped,,Tim Keller,2014,Battle: Lead Us and Deliver Us,The Prayer of Prayers,"Psalm 73:1-3, 13-26",psalms 73-73,https://gospelinlife.com/sermon/battle-lead-us-and-deliver-us/
1130,mapped,,Tim Keller,1995,The Love of the World (Part 1),"Knowing that We Know God; 1 John, Part 2",1 John 2:15-17,1-john 2-2,https://gospelinlife.com/sermon/the-love-of-the-world-part-1/
2446,mapped,,Tim Keller,2016,Doing Justice and Mercy,Where We Are Going: The City and the Mission,Isaiah 58:1-14,isaiah 58-58,https://gospelinlife.com/sermon/doing-justice-and-mercy/
2346,mapped,,Tim Keller,2014,Struggle: Thy Will Be Done,The Prayer of Prayers,Matthew 26:36-46,matthew 26-26,https://gospelinlife.com/sermon/struggle-thy-will-be-done/
1221,mapped,,Tim Keller,1995,God and Sinners Reconciled,Advent: God and Sinners Reconciled,Colossians 1:19-23,colossians 1-1,https://gospelinlife.com/sermon/god-and-sinners-reconciled/
663,mapped,,Tim Keller,1990,How To Pray,The Lord's Prayer 1990,Matthew 6:9-15,matthew 6-6,https://gospelinlife.com/sermon/how-to-pray/
1946,mapped,,Tim Keller,2007,The Heart of Jesus,"King's Cross: The Gospel of Mark, Part 2: The Journey to the Cross",Mark 14:32-42,mark 14-14,https://gospelinlife.com/sermon/the-heart-of-jesus/
1283,mapped,,Tim Keller,1996,Rejecting the Real Jesus,The Real Jesus Part 1; His Teaching,Matthew 11:16-24,matthew 11-11,https://gospelinlife.com/sermon/rejecting-the-real-jesus/
1743,excluded,not a sermon: Conference,Tim Keller,2003,How the Gospel Changes Us,The Gospel and the Heart Conference,,,https://gospelinlife.com/sermon/how-the-gospel-changes-us/
845,mapped,,Tim Keller,1992,The Sandals of Peace (Part 2),Spiritual Warfare - The Armor of God,Ephesians 6:14-18,ephesians 6-6,https://gospelinlife.com/sermon/the-sandals-of-peace-2/
1804,excluded,not a sermon: Leader Talks,Tim Keller,2004,1 Corinthians 3,1 Corinthians (Leader Talks),,1-corinthians 3-3,https://gospelinlife.com/sermon/1-corinthians-93-2/
2452,mapped,,Tim Keller,2016,Faith and Work,Where We Are Going: The City and the Mission,"Isaiah 60:1-11, 18-21",isaiah 60-60,https://gospelinlife.com/sermon/faith-and-work/
934,mapped,,Tim Keller,1993,Let the Dead Bury Their Dead,Hard Sayings of Jesus 1993,Luke 9:57-60,luke 9-9,https://gospelinlife.com/sermon/let-the-dead-bury-their-dead/
1782,mapped,,Tim Keller,2004,Death and the Christian Hope,Living in Hope,1 Thessalonians 4:13-5:11,1-thessalonians 4-5,https://gospelinlife.com/sermon/death-and-the-christian-hope/
1593,mapped,,Tim Keller,2000,East of Eden: Sin and Grace,Genesis - The Gospel According to God,Genesis 4:1-16,genesis 4-4,https://gospelinlife.com/sermon/east-of-eden-sin-and-grace/
1524,mapped,,Tim Keller,1999,A Widow’s Joy,Discerning the Spirits (with Elijah),1 Kings 17:7-24,1-kings 17-17,https://gospelinlife.com/sermon/a-widows-joy/
1526,mapped,,Tim Keller,1999,Fire on the Mountain,Discerning the Spirits (with Elijah),1 Kings 18:20-39,1-kings 18-18,https://gospelinlife.com/sermon/fire-on-the-mountain/
1966,mapped,,Tim Keller,2007,God’s Law,"Deuteronomy - Doing Justice, Preaching Grace","Deuteronomy 5:6-21, 24-29",deuteronomy 5-5,https://gospelinlife.com/sermon/gods-law/
1942,mapped,,Tim Keller,2007,The Meaning of His Death,"King's Cross: The Gospel of Mark, Part 2: The Journey to the Cross",Mark 10:32-45,mark 10-10,https://gospelinlife.com/sermon/the-meaning-of-his-death/
889,mapped,,Tim Keller,1992,The Wheat and the Weeds: On Reality,The Parables of Jesus 1992,Matthew 13:24-30; 36-46,matthew 13-13,https://gospelinlife.com/sermon/the-wheat-and-the-weeds-on-reality/
1245,mapped,,Tim Keller,1996,Healing of Sin (Part 2),The Faces of Sin,Psalm 51,psalms 51-51,https://gospelinlife.com/sermon/healing-of-sin-part-ii/
818,mapped,,Tim Keller,1991,Spiritual Warfare (Part 1),Spiritual Warfare - The War,Ephesians 6:10-20,ephesians 6-6,https://gospelinlife.com/sermon/spiritual-warfare/
1059,mapped,,Tim Keller,1994,Life in Christ’s Body,"Splendor in the Furnace; 1 Peter, Part 2",1 Peter 4:7-11,1-peter 4-4,https://gospelinlife.com/sermon/life-in-christs-body/
2216,mapped,,Tim Keller,2012,The Resurrection,Savior and Teacher - A Study of Matthew,Matthew 28:1-20,matthew 28-28,https://gospelinlife.com/sermon/the-resurrection/
714,mapped,,Tim Keller,1990,How to Change (Part 1),Lord of All,Ephesians 4:17-24,ephesians 4-4,https://gospelinlife.com/sermon/how-to-change-part-1/
2436,mapped,,Tim Keller,2016,Hope in the Face of Death,What We Are Receiving: The Gospel Goods,1 Thessalonians 4:13-18,1-thessalonians 4-4,https://gospelinlife.com/sermon/hope-in-face-of-death-2/
1173,mapped,,Tim Keller,1995,Moses Is Prepared,Life of Moses,Exodus 2:10,exodus 2-2,https://gospelinlife.com/sermon/moses-is-prepared/
895,mapped,,Tim Keller,1992,God With a Name: What Does It Mean To Know God?,The Attributes of God,Jeremiah 31:31-34,jeremiah 31-31,https://gospelinlife.com/sermon/god-with-a-name-what-does-it-mean-to-know-god/
1545,mapped,,Tim Keller,2000,Accepting the Judge,The Apostles' Creed; Getting a Vocabulary for Faith,John 12:41-50,john 12-12,https://gospelinlife.com/sermon/accepting-the-judge/
1176,mapped,,Tim Keller,1995,Moses Is Called,Life of Moses,Exodus 4:10-17,exodus 4-4,https://gospelinlife.com/sermon/moses-is-called/
1854,mapped,,Tim Keller,2005,The Gospel,The Vision of Redeemer,"Isaiah 53:4-11; 54:1-5,11-14",isaiah 53-53; isaiah 54-54,https://gospelinlife.com/sermon/the-gospel/
696,mapped,,Tim Keller,1990,When I Survey,Lord of All,Ephesians 3:14-21,ephesians 3-3,https://gospelinlife.com/sermon/when-i-survey/
2088,mapped,,Tim Keller,2009,Hope for the Poor,"The Gospel, Hope, and the World","1 John 3:1-3, 14-20",1-john 3-3,https://gospelinlife.com/sermon/hope-for-the-poor/
1104,mapped,,Tim Keller,1994,How God Makes Us Loyal,"Knowing that We Know God; 1 John, Part 1",1 John 2:1-6,1-john 2-2,https://gospelinlife.com/sermon/how-god-makes-us-loyal/
1394,mapped,,Tim Keller,1997,How Money Makes Us Orphans,Stewardship,Luke 12:22-34,luke 12-12,https://gospelinlife.com/sermon/how-money-makes-us-orphans/
2022,mapped,,Tim Keller,2008,Led by the Spirit,Practicing The Christian Life,Galatians 5:16-26,galatians 5-5,https://gospelinlife.com/sermon/led-by-the-spirit/
1895,mapped,,Tim Keller,2006,And if Christ Be Not Raised,"King's Cross: The Gospel of Mark, Part 1: The Coming of the King","1 Corinthians 15:3-10, 14-17, 30-32",1-corinthians 15-15,https://gospelinlife.com/sermon/and-if-christ-be-not-raised/
856,mapped,,Tim Keller,1992,The Helmet of Salvation,Spiritual Warfare - The Armor of God,Ephesians 6:14-18,ephesians 6-6,https://gospelinlife.com/sermon/the-helmet-of-salvation/
1909,excluded,not a sermon: Q&A,Tim Keller,2006,The Steward Leader: A Biblical Model for Leadership (with Q&A),Steward Leadership (Leader Talks),,,https://gospelinlife.com/sermon/the-steward-leader-a-biblical-model-for-leadership-with-q-a/
1004,mapped,,Tim Keller,1993,Basics,"Splendor in the Furnace; 1 Peter, Part 1",1 Peter 1:10-12,1-peter 1-1,https://gospelinlife.com/sermon/basics/
1748,mapped,,Tim Keller,2003,The Meaning of the City,The Necessity of Belief,Jeremiah 29:4-14,jeremiah 29-29,https://gospelinlife.com/sermon/the-meaning-of-the-city/
1921,unmapped,,Tim Keller,2006,It Takes a City to Raise a Child,,,,https://gospelinlife.com/sermon/it-takes-a-city-to-raise-a-child/
1098,mapped,,Tim Keller,1994,The Cost of Mission,,Genesis 12:1-4,genesis 12-12,https://gospelinlife.com/sermon/the-cost-of-mission/
1657,mapped,,Tim Keller,2001,Mary,The Mothers of Jesus,Luke 1:26-45,luke 1-1,https://gospelinlife.com/sermon/mary/
1041,mapped,,Tim Keller,1994,Practicing Faith in a Pagan World (Part 1),"Splendor in the Furnace; 1 Peter, Part 2",1 Peter 2:11-12,1-peter 2-2,https://gospelinlife.com/sermon/practicing-faith-in-a-pagan-world-part-1/
1138,mapped,,Tim Keller,1995,The Truth and the Lie (Part 1),"Knowing that We Know God; 1 John, Part 2",1 John 2:18-23,1-john 2-2,https://gospelinlife.com/sermon/the-truth-the-lie-part-1/
1839,excluded,not a sermon: Leader Talks,Tim Keller,2005,1 Corinthians 12:1-31,1 Corinthians (Leader Talks),,1-corinthians 12-12,https://gospelinlife.com/sermon/1-corinthians-12-1-47-2/
2049,mapped,,Tim Keller,2008,The Garden of God,Bible: The Whole Story - Creation and Fall,Genesis 2:4-17,genesis 2-2,https://gospelinlife.com/sermon/the-garden-of-god/
2542,excluded,not a sermon: Questioning Christianity,Tim Keller,2019,Satisfaction,Questioning Christianity (2019),,,https://gospelinlife.com/sermon/satisfaction-2/
2280,mapped,,Tim Keller,2013,Knowing God,A Public Faith,Romans 1:16-21,romans 1-1,https://gospelinlife.com/sermon/knowing-god-6/
673,mapped,,Tim Keller,1990,The Straight and Narrow,Sermon on the Mount,Matthew 7:13-14,matthew 7-7,https://gospelinlife.com/sermon/the-straight-and-narrow/
2263,mapped,,Tim Keller,2013,How the Gospel Changes Lives (Part 2),Acts: The Gospel in the City,Acts 16:20-40,acts 16-16,https://gospelinlife.com/sermon/how-the-gospel-changes-lives-part-2/
1006,mapped,,Tim Keller,1993,The Search for Identity,Modern Problems; Ancient Solutions,Psalm 8,psalms 8-8,https://gospelinlife.com/sermon/the-search-for-identity/
1231,mapped,,Tim Keller,1996,Sin as Leaven,The Faces of Sin,Mark 7:25-30; 8:11-17,mark 7-7; mark 8-8,https://gospelinlife.com/sermon/sin-as-leaven/
2519,mapped,,Tim Keller,2017,It Is the Lord!,"Jesus, Mission, and Glory: Doubters and Deniers",John 21:1-14,john 21-21,https://gospelinlife.com/sermon/it-is-the-lord/
1577,mapped,,Tim Keller,2000,Reading Hearts,The Hard Sayings of Jesus 2000,Matthew 7:1-6,matthew 7-7,https://gospelinlife.com/sermon/reading-hearts/
2269,mapped,,Tim Keller,2013,Persuading the King,Acts: The Gospel in the City,Acts 26:15-27,acts 26-26,https://gospelinlife.com/sermon/persuading-the-king/
2348,mapped,,Tim Keller,2014,Reality: Forgive Us Our Debts,The Prayer of Prayers,Psalm 51:1-19,psalms 51-51,https://gospelinlife.com/sermon/reality-forgive-us-our-debts/
2224,mapped,,Tim Keller,2012,Treasures,Savior and Teacher - A Study of Matthew,Matthew 6:19-24,matthew 6-6,https://gospelinlife.com/sermon/treasures/
1561,mapped,,Tim Keller,2000,The Last Supper,St. Matthew's Passion; The World's Last Night,Matthew 26:19-29,matthew 26-26,https://gospelinlife.com/sermon/the-last-supper/
799,mapped,,Tim Keller,1991,Weight of Glory,"Gospel of John, Part 1",John 12:23-35,john 12-12,https://gospelinlife.com/sermon/weight-of-glory/
2055,mapped,,Tim Keller,2009,Paradise Lost,Bible: The Whole Story - Creation and Fall,Genesis 3:8-24,genesis 3-3,https://gospelinlife.com/sermon/paradise-lost-2/
2069,mapped,,Tim Keller,2009,Boasting and Faith,Bible: The Whole Story - Redemption and Restoration,Romans 3:27-4:8,romans 3-4,https://gospelinlife.com/sermon/boasting-and-faith/
1279,mapped,,Tim Keller,1996,Job and the Whirlwind,Daring to Draw Near,Job 42:1-10,job 42-42,https://gospelinlife.com/sermon/job-and-the-whirlwind/
1490,mapped,,Tim Keller,1999,How Sin Makes Us Vandals,What's Really Wrong with the World,Judges 17:1-13,judges 17-17,https://gospelinlife.com/sermon/how-sin-makes-us-vandals/
1235,mapped,,Tim Keller,1996,Sin as Self-Righteousness,The Faces of Sin,Jonah 2:7-3:5;3:10-4:11,jonah 2-3; jonah 3-4,https://gospelinlife.com/sermon/sin-as-self-righteousness/
1093,mapped,,Tim Keller,1994,"Abraham and the Cost of Faith: Commitment, the Way to Surrender",The Nature of Faith,Hebrews 11:8-16,hebrews 11-11,https://gospelinlife.com/sermon/abraham-and-the-cost-of-faith-commitment-the-way-to-surrender/
2533,excluded,not a sermon: Conference,Tim Keller,2017,Gospel Identity,Gospel Identity Conference,,,https://gospelinlife.com/sermon/gospel-identity-2/
1565,mapped,,Tim Keller,2000,The Final Hour,St. Matthew's Passion; The World's Last Night,Matthew 27:45-56,matthew 27-27,https://gospelinlife.com/sermon/the-final-hour/
2033,mapped,,Tim Keller,2008,Thanks Be to God!,Liturgy: What We Do in Worship,Psalm 67:1-7,psalms 67-67,https://gospelinlife.com/sermon/thanks-be-to-god/
906,mapped,,Tim Keller,1992,A Strong Love in the Same Direction: His Love,The Attributes of God,Hosea 3:1-5; 11:1-11,hosea 3-3; hosea 11-11,https://gospelinlife.com/sermon/a-strong-love-in-the-same-direction-his-love/
1307,mapped,,Tim Keller,1996,Hagar and the Son,Daring to Draw Near,Genesis 16:1-16,genesis 16-16,https://gospelinlife.com/sermon/hagar-and-the-son/
2203,mapped,,Tim Keller,2012,Out of Egypt,Savior and Teacher - A Study of Matthew,Matthew 2:13-23,matthew 2-2,https://gospelinlife.com/sermon/out-of-egypt/
2148,mapped,,Tim Keller,2010,The God Who Can Be Known (Part 1),To Know the Living God; The God Who Can Be Known,1 John 1:1-2:2,1-john 1-2,https://gospelinlife.com/sermon/the-god-who-can-be-known-part-1/
652,mapped,,Tim Keller,1990,Purity With Passion,Sermon on the Mount,Matthew 5:27-30,matthew 5-5,https://gospelinlife.com/sermon/purity-with-passion/
2380,mapped,,Tim Keller,2015,The True King,Pilgrim Prayer: Psalms for the Journey,Psalm 110:1-7,psalms 110-110,https://gospelinlife.com/sermon/the-true-king/
1331,mapped,,Tim Keller,1997,Freedom in the Spirit,Lessons in Drawing Near,Romans 8:1-4,romans 8-8,https://gospelinlife.com/sermon/freedom-in-the-spirit/
894,mapped,,Tim Keller,1992,The Great Banquet: On Humbling,The Parables of Jesus 1992,Luke 14:7-24,luke 14-14,https://gospelinlife.com/sermon/the-great-banquet-on-humbling/
2341,mapped,,Tim Keller,2014,Awe: Hallowed Be Thy Name,The Prayer of Prayers,Psalm 63:1-11,psalms 63-63,https://gospelinlife.com/sermon/awe-hallowed-be-thy-name/
1705,mapped,,Tim Keller,2003,The Community of Jesus,The Meaning of Jesus Part 1; Understanding Him,Luke 6:12-36,luke 6-6,https://gospelinlife.com/sermon/the-community-of-jesus/
782,mapped,,Tim Keller,1991,The Liberator,"Gospel of John, Part 1",John 8:30-41,john 8-8,https://gospelinlife.com/sermon/the-liberator/
2344,mapped,,Tim Keller,2014,Hope: Thy Kingdom Come,The Prayer of Prayers,"Luke 6:20-26, 46-49",luke 6-6,https://gospelinlife.com/sermon/hope-thy-kingdom-come/
1361,mapped,,Tim Keller,1997,I Am the Worst,,1 Timothy 1:13-19,1-timothy 1-1,https://gospelinlife.com/sermon/i-am-the-worst/
859,mapped,,Tim Keller,1992,The Sword and All,Spiritual Warfare - The Armor of God,Ephesians 6:14-18,ephesians 6-6,https://gospelinlife.com/sermon/the-sword-and-all/
1498,mapped,,Tim Keller,1999,Indestructible Love,What's Really Wrong with the World,Isaiah 49:8-21,isaiah 49-49,https://gospelinlife.com/sermon/indestructible-love/
2366,mapped,,Tim Keller,2015,Called to the Kingdom,Light in the Darkness: Glory of Jesus in Mark,Mark 1:14-34,mark 1-1,https://gospelinlife.com/sermon/called-to-the-kingdom/
1637,excluded,not a sermon: Leader Talks,Tim Keller,2001,Evolution and Science,Defeaters (Leader Talks),,,https://gospelinlife.com/sermon/defeaters-4-evolution-and-science/
1269,mapped,,Tim Keller,1996,David and the Ark,The Life of David,2 Samuel 6:1-23,2-samuel 6-6,https://gospelinlife.com/sermon/david-and-the-ark/
1107,mapped,,Tim Keller,1994,God With Us: In Our Suffering,The Nature of Faith,Hebrews 12:1-13,hebrews 12-12,https://gospelinlife.com/sermon/god-with-us-in-our-suffering/
2444,mapped,,Tim Keller,2016,Public Faith,Where We Are Going: The City and the Mission,John 4:27-42,john 4-4,https://gospelinlife.com/sermon/public-faith/
1761,mapped,,Tim Keller,2003,The Promise of David,The Gospel According to David,2 Samuel 7:4-19; 25-27,2-samuel 7-7,https://gospelinlife.com/sermon/the-promise-of-david/
1106,mapped,,Tim Keller,1994,How God Makes Us Love,"Knowing that We Know God; 1 John, Part 1",1 John 2:3-11,1-john 2-2,https://gospelinlife.com/sermon/how-god-makes-us-love/
2464,mapped,,Tim Keller,2016,Love and Truth,What We Are Becoming: Transforming Love,"Ephesians 4:14-15, 25-32",ephesians 4-4,https://gospelinlife.com/sermon/love-and-truth/
765,mapped,,Tim Keller,1991,The Search for Jesus Christ,"Gospel of John, Part 1",John 7:10-20; 40-46,john 7-7,https://gospelinlife.com/sermon/the-search-for-jesus-christ/
1628,mapped,,Tim Keller,2001,Arguing About the Afterlife,Arguing With Jesus,Matthew 22:23-33,matthew 22-22,https://gospelinlife.com/sermon/arguing-about-the-afterlife/
2320,mapped,,Tim Keller,2014,Our Call: Holy Living,Following Jesus,1 Peter 1:13-16,1-peter 1-1,https://gospelinlife.com/sermon/our-call-holy-living/
816,mapped,,Tim Keller,1991,Radical Generosity,,2 Corinthians 9:6-15,2-corinthians 9-9,https://gospelinlife.com/sermon/radical-generosity/
1476,mapped,,Tim Keller,1998,How To Find Faith,Jesus - On Finding God,Mark 5:21-43,mark 5-5,https://gospelinlife.com/sermon/how-to-find-faith/
1599,mapped,,Tim Keller,2001,Born of God,The Radical Imperative; A New Birth,1 John 5:18-21,1-john 5-5,https://gospelinlife.com/sermon/born-of-god/
891,mapped,,Tim Keller,1992,The Two Debtors: On Devotion,The Parables of Jesus 1992,Luke 7:36-50,luke 7-7,https://gospelinlife.com/sermon/the-two-debtors-on-devotion/
2024,mapped,,Tim Keller,2008,Community Building,Practicing The Christian Life,Romans 12:9-21,romans 12-12,https://gospelinlife.com/sermon/community-building/
1288,mapped,,Tim Keller,1996,Elijah and the Voice,Daring to Draw Near,1 Kings 19:9-18,1-kings 19-19,https://gospelinlife.com/sermon/elijah-and-the-voice/
2227,mapped,,Tim Keller,2012,The World Will Hate You,Savior and Teacher - A Study of Matthew,Matthew 10:5-25,matthew 10-10,https://gospelinlife.com/sermon/the-world-will-hate-you/
1097,mapped,,Tim Keller,1994,"Abraham and the Test of Faith: Commitment, Undivided Heart",The Nature of Faith,Hebrews 11:17-19,hebrews 11-11,https://gospelinlife.com/sermon/abraham-and-the-test-of-faith-commitment-undivided-heart/
1453,mapped,,Tim Keller,1998,A Promise of Hope,Genesis 1998,Genesis 3:11-24,genesis 3-3,https://gospelinlife.com/sermon/a-promise-of-hope/
1512,mapped,,Tim Keller,1999,Jesus’ Model of Spirituality,The Mount; Life in the Kingdom,Matthew 6:5-13,matthew 6-6,https://gospelinlife.com/sermon/jesus-model-of-spirituality/
994,unmapped,,Tim Keller,1993,Singleness – The Biblical Guidelines (Part 2),"Sex, Singleness, and Marriage",,,https://gospelinlife.com/sermon/singleness-the-biblical-guidelines-cont/
3680,excluded,not a sermon: Q&A,Tim Keller,2019,Faith and Proof (Q&A),Questioning Christianity (2019),,,https://gospelinlife.com/sermon/faith-and-proof-qa/
1042,excluded,not a sermon: Open Forum,Tim Keller,1994,A Reason for Living (Open Forum),Redeemer Open Forums,,,https://gospelinlife.com/sermon/a-reason-for-living-2/
2074,mapped,,Tim Keller,2009,The Garden – City of God,Bible: The Whole Story - Redemption and Restoration,Revelation 22:1-11,revelation 22-22,https://gospelinlife.com/sermon/the-garden-city-of-god/
1137,mapped,,Tim Keller,1995,Lust: The Case of Joseph,The Seven Deadly Sins,Genesis 39:4-21,genesis 39-39,https://gospelinlife.com/sermon/lust-the-case-of-joseph/
984,mapped,,Tim Keller,1993,The Dangerous Life,Studies in 2 Peter,2 Peter 2:1-9,2-peter 2-2,https://gospelinlife.com/sermon/the-dangerous-life/
2326,mapped,,Tim Keller,2014,Our Walk: The Freedom of Submission,Following Jesus,1 Peter 2:13-17,1-peter 2-2,https://gospelinlife.com/sermon/our-walk-the-freedom-of-submission/
1695,mapped,,Tim Keller,2002,God With Us,The Gospel According to Moses: Discovering the Lost Language of Salvation,Exodus 40:20-37,exodus 40-40,https://gospelinlife.com/sermon/god-with-us-2002/
674,mapped,,Tim Keller,1990,God in the Dock,"Growth in Christ, Part 2",Exodus 17:1-17,exodus 17-17,https://gospelinlife.com/sermon/god-in-the-dock/
1466,mapped,,Tim Keller,1998,The Search for God,When All You've Ever Wanted Isn't Enough,Exodus 3:1-14,exodus 3-3,https://gospelinlife.com/sermon/the-search-for-god/
735,mapped,,Tim Keller,1991,Harvest,"Gospel of John, Part 1",John 4:27-42,john 4-4,https://gospelinlife.com/sermon/harvest/
1943,mapped,,Tim Keller,2007,The Betrayers,"King's Cross: The Gospel of Mark, Part 2: The Journey to the Cross","Mark 14:12-21, 27-28",mark 14-14,https://gospelinlife.com/sermon/the-betrayers/
854,mapped,,Tim Keller,1992,The Shield of Faith (Part 2),Spiritual Warfare - The Armor of God,Ephesians 6:14-18,ephesians 6-6,https://gospelinlife.com/sermon/the-shield-of-faith-2/
2515,mapped,,Tim Keller,2017,Overcoming the World,"Jesus, Mission, and Glory: New Power",John 16:28-33,john 16-16,https://gospelinlife.com/sermon/overcoming-the-world/
2179,mapped,,Tim Keller,2011,Abraham and the Fire,Theophany: Anticipations of Jesus in the Old Testament,Genesis 15:1-21,genesis 15-15,https://gospelinlife.com/sermon/abraham-and-the-fire/
909,mapped,,Tim Keller,1992,Why Doesn’t Life Make Sense?: His Justice,The Attributes of God,Matthew 11:20-30,matthew 11-11,https://gospelinlife.com/sermon/why-doesn-t-life-make-sense-his-justice/
2356,mapped,,Tim Keller,2014,The Mothers of Jesus,Matthew's Messiah,Matthew 1:1-17,matthew 1-1,https://gospelinlife.com/sermon/the-mothers-of-jesus/
632,mapped,,Tim Keller,1990,Active Discipline,"Growth in Christ, Part 1",John 8:31-39,john 8-8,https://gospelinlife.com/sermon/active-discipline/
1168,mapped,,Tim Keller,1995,The Marks of a Christian,"Knowing that We Know God; 1 John, Part 2",1 John 3:10-18,1-john 3-3,https://gospelinlife.com/sermon/the-marks-of-a-christian/
1591,mapped,,Tim Keller,2000,Paradise Promised,Genesis - The Gospel According to God,Genesis 3:7-20,genesis 3-3,https://gospelinlife.com/sermon/paradise-promised/
2164,mapped,,Tim Keller,2011,The Shepherd-King,To Know the Living God; The God Who Makes Alive,"Ezekiel 34:11-17, 23-29",ezekiel 34-34,https://gospelinlife.com/sermon/the-shepherd-king/
2532,excluded,not a sermon: Conference,Tim Keller,2017,Modern Identities,Gospel Identity Conference,,,https://gospelinlife.com/sermon/modern-identities-2/
1163,mapped,,Tim Keller,1995,Growing in Grace,"Knowing that We Know God; 1 John, Part 2",1 John 3:1-10,1-john 3-3,https://gospelinlife.com/sermon/growing-in-grace-1995/
1462,mapped,,Tim Keller,1998,The Search for Pleasure,When All You've Ever Wanted Isn't Enough,Ecclesiastes 2:1-11,ecclesiastes 2-2,https://gospelinlife.com/sermon/the-search-for-pleasure/
1584,mapped,,Tim Keller,2000,God Our Lover,"Four Ways to Live, Four Ways to Love","Ezekiel 16:3-10,15-22,39-42,60-63",ezekiel 16-16,https://gospelinlife.com/sermon/god-our-lover/
1859,mapped,,Tim Keller,2005,Witness,The Vision of Redeemer,Isaiah 55:1-7; 57:14-21,isaiah 55-55; isaiah 57-57,https://gospelinlife.com/sermon/witness-2005/
1447,mapped,,Tim Keller,1998,The Messengers of the Gospel,"Galatians: New Freedom, New Family","Galatians 6:4-8, 16-18",galatians 6-6,https://gospelinlife.com/sermon/the-messengers-of-the-gospel/
1504,mapped,,Tim Keller,1999,Let Nothing Move You (Easter),The Mount; Life in the Kingdom,"1 Corinthians 15:3-6, 20-26, 51-58",1-corinthians 15-15,https://gospelinlife.com/sermon/let-nothing-move-you-easter/
1681,mapped,,Tim Keller,2002,Contemplation,Psalms; Disciplines of Grace,Psalm 27:1-14,psalms 27-27,https://gospelinlife.com/sermon/contemplation/
1484,mapped,,Tim Keller,1998,I Am the I Am,John - On Knowing the Christ,John 8:31-36; 51-59,john 8-8,https://gospelinlife.com/sermon/i-am-the-i-am/
1993,mapped,,Tim Keller,2007,Healer of the World,Jesus of the Prophets,Amos 8:4-10; 9:7-15,amos 8-8; amos 9-9,https://gospelinlife.com/sermon/healer-of-the-world/
1623,mapped,,Tim Keller,2001,Real Joy and the Laughing Woman,The Gospel According to Abraham,Genesis 18:6-15; 21:1-7,genesis 18-18; genesis 21-21,https://gospelinlife.com/sermon/real-joy-and-the-laughing-woman/
2166,mapped,,Tim Keller,2011,The Wrath of God,To Know the Living God; The God Who Makes Alive,John 18:1-14,john 18-18,https://gospelinlife.com/sermon/the-wrath-of-god/
1967,mapped,,Tim Keller,2007,Knowing God,"Deuteronomy - Doing Justice, Preaching Grace",Deuteronomy 6:4-23,deuteronomy 6-6,https://gospelinlife.com/sermon/knowing-god-5/
1096,mapped,,Tim Keller,1994,Jesus Our Defense,"Knowing that We Know God; 1 John, Part 1",1 John 1:8 - 2:2,1-john 1-2,https://gospelinlife.com/sermon/jesus-our-defense/
2230,mapped,,Tim Keller,2012,How We Become Believers,Gospel in Life: Grace in the Case of Naaman,2 Kings 5:1-14,2-kings 5-5,https://gospelinlife.com/sermon/how-we-become-believers/
2136,mapped,,Tim Keller,2010,The Cosmic Spirit,The Holy Spirit,Romans 8:17-25,romans 8-8,https://gospelinlife.com/sermon/the-cosmic-spirit/
1380,mapped,,Tim Keller,1997,A King’s Wisdom – Solomon,Pointers to Christ - Directional Signs in History,1 Kings 3:16-28,1-kings 3-3,https://gospelinlife.com/sermon/a-kings-wisdom-solomon/
1989,mapped,,Tim Keller,2007,Paul’s Prayer for Experience,Real Spirituality - Prayer and Beyond,Ephesians 3:14-21,ephesians 3-3,https://gospelinlife.com/sermon/pauls-prayer-for-experience/
1580,mapped,,Tim Keller,2000,Camels and Money,The Hard Sayings of Jesus 2000,Mark 10:17-27,mark 10-10,https://gospelinlife.com/sermon/camels-and-money/
2335,mapped,,Tim Keller,2014,The Great Question: Are You the One?,Matthew 11 - The One Who Gives You Rest,Matthew 11:1-6,matthew 11-11,https://gospelinlife.com/sermon/the-great-question-are-you-the-one/
1779,mapped,,Tim Keller,2004,The Grammar of Hope,Living in Hope,Ephesians 1:13-23,ephesians 1-1,https://gospelinlife.com/sermon/the-grammar-of-hope/
1112,mapped,,Tim Keller,1994,How God Makes Us Grow,"Knowing that We Know God; 1 John, Part 1",1 John 4:2-3,1-john 4-4,https://gospelinlife.com/sermon/how-god-makes-us-grow/
2182,mapped,,Tim Keller,2011,Isaiah and the Crisis,Theophany: Anticipations of Jesus in the Old Testament,Isaiah 6:1-8,isaiah 6-6,https://gospelinlife.com/sermon/isaiah-and-the-crisis/
982,mapped,,Tim Keller,1993,The Dangerous Heart,Studies in 2 Peter,2 Peter 1:3-12,2-peter 1-1,https://gospelinlife.com/sermon/the-dangerous-heart/
2135,mapped,,Tim Keller,2010,The Gifts of the Spirit,The Holy Spirit,Ephesians 4:1-13,ephesians 4-4,https://gospelinlife.com/sermon/the-gifts-of-the-spirit/
1094,mapped,,Tim Keller,1994,Enemy Within,"Knowing that We Know God; 1 John, Part 1",1 John 1:5-10,1-john 1-1,https://gospelinlife.com/sermon/enemy-within-2/
1129,mapped,,Tim Keller,1995,Duplicity: The Case of Peter,The Seven Deadly Sins,Matthew 26:69-75,matthew 26-26,https://gospelinlife.com/sermon/duplicity-the-case-of-peter/
1152,mapped,,Tim Keller,1995,The Judgment on Sin,The Seven Deadly Sins,Exodus 17:1-7,exodus 17-17,https://gospelinlife.com/sermon/the-judgment-on-sin/
2318,mapped,,Tim Keller,2014,Our Identity: Joyful Exiles,Following Jesus,1 Peter 1:1-2,1-peter 1-1,https://gospelinlife.com/sermon/our-identity-joyful-exiles/
1745,mapped,,Tim Keller,2003,The Freedom of True Love,The Necessity of Belief,Jeremiah 2:31-36; 3:12-16,jeremiah 2-2; jeremiah 3-3,https://gospelinlife.com/sermon/the-freedom-of-true-love/
2009,mapped,,Tim Keller,2008,They Divided My Garments,St. John's Passion,John 19:23-27,john 19-19,https://gospelinlife.com/sermon/they-divided-my-garments/
1257,mapped,,Tim Keller,1996,Love’s Way With Others,Love: The Way to Grow Up,1 Corinthians 13:1-13,1-corinthians 13-13,https://gospelinlife.com/sermon/loves-way-with-others/
1124,mapped,,Tim Keller,1995,Loving and Growing (Part 1),"Knowing that We Know God; 1 John, Part 2",1 John 2:12-14,1-john 2-2,https://gospelinlife.com/sermon/loving-growing-part-1/
1015,mapped,,Tim Keller,1993,The Battle for the Will,"Splendor in the Furnace; 1 Peter, Part 1",1 Peter 1:13-21,1-peter 1-1,https://gospelinlife.com/sermon/the-battle-for-the-will/
1630,mapped,,Tim Keller,2001,Arguing About Morality,Arguing With Jesus,Mark 12:28-34,mark 12-12,https://gospelinlife.com/sermon/arguing-about-morality/
600,mapped,,Tim Keller,1989,Christ Our Prophet,The King and the Kingdom,Ephesians 2:14-22,ephesians 2-2,https://gospelinlife.com/sermon/christ-our-prophet/
885,mapped,,Tim Keller,1992,Problem of Ethics: How Do We Know Right from Wrong?,Ecclesiastes,"Ecclesiastes 6:12, 12:13",ecclesiastes 6-6,https://gospelinlife.com/sermon/problem-of-ethics-how-do-we-know-right-from-wrong/
636,mapped,,Tim Keller,1990,Contentment (10th),Ten Commandments 1989,Philippians 4:10-13,philippians 4-4,https://gospelinlife.com/sermon/contentment-10th/
2124,mapped,,Tim Keller,2010,Patience,The Real Signs of the Spirit,Romans 12:9-21,romans 12-12,https://gospelinlife.com/sermon/patience-3/
2152,mapped,,Tim Keller,2011,Our Covenant God,To Know the Living God; The Majesty of God,Jeremiah 31:31-34,jeremiah 31-31,https://gospelinlife.com/sermon/our-covenant-god/
2168,mapped,,Tim Keller,2011,The Holy One,To Know the Living God; The God Who Makes Alive,Joshua 5:13-6:5,joshua 5-6,https://gospelinlife.com/sermon/the-holy-one/
787,mapped,,Tim Keller,1991,Marks of the Fullness of the Spirit,The Holy Spirit (1991),Ephesians 5:18-21,ephesians 5-5,https://gospelinlife.com/sermon/marks-of-the-fullness-of-the-spirit/
661,mapped,,Tim Keller,1990,Assurance and Witness of the Spirit,"Growth in Christ, Part 2",Romans 8:5-17,romans 8-8,https://gospelinlife.com/sermon/assurance-witness-of-the-spirit/
999,mapped,,Tim Keller,1993,The Search for Substance,Modern Problems; Ancient Solutions,Psalm 1,psalms 1-1,https://gospelinlife.com/sermon/the-search-for-substance/
795,mapped,,Tim Keller,1991,The Unbreakable Word,"Gospel of John, Part 1",John 10:32-42,john 10-10,https://gospelinlife.com/sermon/the-unbreakable-word/
839,mapped,,Tim Keller,1992,The Mission of the Spirit,"Gospel of John, Part 2",John 16:5-11,john 16-16,https://gospelinlife.com/sermon/the-mission-of-the-spirit/
1592,mapped,,Tim Keller,2000,East of Eden,Genesis - The Gospel According to God,Genesis 3:20-4:2,genesis 3-4,https://gospelinlife.com/sermon/east-of-eden/
1601,mapped,,Tim Keller,2001,Born of the Spirit,The Radical Imperative; A New Birth,Titus 3:1-7; 2:11-15,titus 3-3; titus 2-2,https://gospelinlife.com/sermon/born-of-the-spirit/
1023,mapped,,Tim Keller,1993,Jesus Our Servant,Understanding Jesus,Psalm 69,psalms 69-69,https://gospelinlife.com/sermon/jesus-our-servant/
989,unmapped,,Tim Keller,1993,Sex – The Biblical Guidelines (Part 1),"Sex, Singleness, and Marriage",,,https://gospelinlife.com/sermon/sex-the-biblical-guidelines/
2046,mapped,,Tim Keller,2008,The First Word,Bible: The Whole Story - Creation and Fall,Genesis 1:3-25,genesis 1-1,https://gospelinlife.com/sermon/the-first-word/
1049,mapped,,Tim Keller,1994,Cross: The Way to Servanthood,The Cross and Your Life,Mark 10:35-45,mark 10-10,https://gospelinlife.com/sermon/cross-the-way-to-servanthood/
2276,mapped,,Tim Keller,2013,Wisdom: How To Live It,Wisdom in Life,"Proverbs 4:5-9, 14-27",proverbs 4-4,https://gospelinlife.com/sermon/wisdom-how-to-live-it/
1115,mapped,,Tim Keller,1995,Peace! Be Still,The Miracles of Jesus,Luke 8:22-25,luke 8-8,https://gospelinlife.com/sermon/peace-be-still/
1077,mapped,,Tim Keller,1994,The Parable of the Seed: On Hidden Power,The Parables of Jesus 1994,Luke 13:18-21,luke 13-13,https://gospelinlife.com/sermon/the-parable-of-the-seed-on-hidden-power/
679,mapped,,Tim Keller,1990,Blueprint for Revival: Introduction (Part 1),Revival,Acts 2:37-47,acts 2-2,https://gospelinlife.com/sermon/blueprint-for-revival-introduction-part-1/
1252,mapped,,Tim Keller,1996,Love’s Way With the Self,Love: The Way to Grow Up,1 Corinthians 13:1-13,1-corinthians 13-13,https://gospelinlife.com/sermon/loves-way-with-the-self/
2021,mapped,,Tim Keller,2008,The Supper,Practicing The Christian Life,1 Corinthians 11:18-34,1-corinthians 11-11,https://gospelinlife.com/sermon/the-supper/
1038,mapped,,Tim Keller,1994,Cross: The Way to Forgiveness,The Cross and Your Life,Romans 5:1-10,romans 5-5,https://gospelinlife.com/sermon/cross-the-way-to-forgiveness/
820,mapped,,Tim Keller,1991,The Other Advocate,"Gospel of John, Part 1",John 14:15-27,john 14-14,https://gospelinlife.com/sermon/the-other-advocate/
939,mapped,,Tim Keller,1993,Power To Change,Hard Sayings of Jesus 1993,Luke 11:14-26,luke 11-11,https://gospelinlife.com/sermon/power-to-change/
784,mapped,,Tim Keller,1991,Two Families: Two Humanities,"Gospel of John, Part 1",John 8:42-59,john 8-8,https://gospelinlife.com/sermon/two-families-two-humanities/
1289,mapped,,Tim Keller,1996,The Restful Burden,The Real Jesus Part 1; His Teaching,Matthew 11:28-30,matthew 11-11,https://gospelinlife.com/sermon/the-restful-burden/
1870,mapped,,Tim Keller,2005,Jesus at His Friend’s Feast,The Vision of Redeemer,John 2:1-11,john 2-2,https://gospelinlife.com/sermon/jesus-at-his-friends-feast/
1027,mapped,,Tim Keller,1993,The Cornerstone,"Splendor in the Furnace; 1 Peter, Part 1",1 Peter 2:4-8,1-peter 2-2,https://gospelinlife.com/sermon/the-cornerstone/
2231,mapped,,Tim Keller,2012,How We Live as Believers,Gospel in Life: Grace in the Case of Naaman,"2 Kings 5:2-3, 15-27",2-kings 5-5,https://gospelinlife.com/sermon/how-we-live-as-believers/
1171,mapped,,Tim Keller,1995,No Condemnation,"Knowing that We Know God; 1 John, Part 2",1 John 3:19-23,1-john 3-3,https://gospelinlife.com/sermon/no-condemnation/
1979,mapped,,Tim Keller,2007,Choose Life,The New Heart God Gives,Deuteronomy 30:11-20,deuteronomy 30-30,https://gospelinlife.com/sermon/choose-life/
2352,mapped,,Tim Keller,2014,Repose: The Power and Glory,The Prayer of Prayers,Psalm 27:1-14,psalms 27-27,https://gospelinlife.com/sermon/repose-the-power-and-glory/
1539,mapped,,Tim Keller,1999,The Sin Beneath the Sins,The Apostles' Creed; Getting a Vocabulary for Faith,John 1:9-14,john 1-1,https://gospelinlife.com/sermon/the-sin-beneath-the-sins/
690,mapped,,Tim Keller,1990,Blueprint for Revival: Social Concern,Revival,Luke 10:25-37,luke 10-10,https://gospelinlife.com/sermon/blueprint-for-revival-social-concern/
1030,mapped,,Tim Keller,1993,Peace Through Conflict (Christmas),,Luke 2:25-35,luke 2-2,https://gospelinlife.com/sermon/peace-through-conflict-christmas/
1319,mapped,,Tim Keller,1997,Discipline of Desire (Part 2),Lessons in Drawing Near,Psalm 63,psalms 63-63,https://gospelinlife.com/sermon/discipline-of-desire-ii/
744,mapped,,Tim Keller,1991,The Word of Witness,"Gospel of John, Part 1",John 5:31-47,john 5-5,https://gospelinlife.com/sermon/the-word-of-witness/
1776,mapped,,Tim Keller,2004,The Sinner,The Gospel According to David,2 Samuel 12:1-7A; Psalm 51:1-12,2-samuel 12-12; psalms 51-51,https://gospelinlife.com/sermon/the-sinner/
2235,mapped,,Tim Keller,2012,Hospitality and God’s Grace,Generosity: Studies from the Gospel of Luke,Luke 14:7-24,luke 14-14,https://gospelinlife.com/sermon/hospitality-and-gods-grace/
1816,excluded,not a sermon: Leader Talks,Tim Keller,2004,1 Corinthians 5,1 Corinthians (Leader Talks),,1-corinthians 5-5,https://gospelinlife.com/sermon/1-corinthians-95-2/
1463,mapped,,Tim Keller,1998,The Search for Achievement,When All You've Ever Wanted Isn't Enough,Ecclesiastes 2:17-26,ecclesiastes 2-2,https://gospelinlife.com/sermon/the-search-for-achievement/
2299,excluded,speaker: John Lin,John Lin,2014,The Crossing,Seeing Jesus,John 6:16-25,john 6-6,https://gospelinlife.com/sermon/the-crossing/
2322,mapped,,Tim Keller,2014,Our Cross: Path of Suffering,Following Jesus,1 Peter 1:6-9,1-peter 1-1,https://gospelinlife.com/sermon/our-cross-path-of-suffering/
1868,mapped,,Tim Keller,2005,"The Gospel, the Church and the World",The Vision of Redeemer,"1 Peter 2:4-12, 21-25",1-peter 2-2,https://gospelinlife.com/sermon/the-gospel-the-church-and-the-world/
2364,mapped,,Tim Keller,2015,Light in the Darkness,Light in the Darkness: Glory of Jesus in Mark,"Isaiah 60:1-5, 10-16",isaiah 60-60,https://gospelinlife.com/sermon/light-in-the-darkness-2/
835,mapped,,Tim Keller,1992,When the World Hates You,"Gospel of John, Part 2",John 15:16-16:1,john 15-16,https://gospelinlife.com/sermon/when-the-world-hates-you/
2171,mapped,,Tim Keller,2011,The Grace of God,To Know the Living God; The God Who Makes Alive,Ephesians 2:1-10,ephesians 2-2,https://gospelinlife.com/sermon/the-grace-of-god-2/
2176,mapped,,Tim Keller,2011,God Our Father,To Know the Living God; The Adequacy of God,Psalm 103:1-18,psalms 103-103,https://gospelinlife.com/sermon/god-our-father-2011/
819,mapped,,Tim Keller,1991,Spiritual Warfare (Part 2),Spiritual Warfare - The War,Ephesians 6:10-13,ephesians 6-6,https://gospelinlife.com/sermon/spiritual-warfare-2/
1012,mapped,,Tim Keller,1993,The Battle for the Heart,"Splendor in the Furnace; 1 Peter, Part 1",1 Peter 1:13-16,1-peter 1-1,https://gospelinlife.com/sermon/the-battle-for-the-heart/
1372,mapped,,Tim Keller,1997,The Professor’s Disillusionment,Pointers to Christ - Directional Signs in History,Ecclesiastes 2:17-26,ecclesiastes 2-2,https://gospelinlife.com/sermon/the-professors-disillusionment/
864,mapped,,Tim Keller,1992,Eternal Life,"Gospel of John, Part 2",John 17:1-5,john 17-17,https://gospelinlife.com/sermon/eternal-life/
1944,mapped,,Tim Keller,2007,Supper With Friends,"King's Cross: The Gospel of Mark, Part 2: The Journey to the Cross",Mark 14:22-31,mark 14-14,https://gospelinlife.com/sermon/supper-with-friends/
2388,mapped,,Tim Keller,2015,David’s Anointing,David: The Man of Prayer,1 Samuel 16:1-13,1-samuel 16-16,https://gospelinlife.com/sermon/davids-anointing/
1612,mapped,,Tim Keller,2001,Fall Into the Ground,"The ""Amens"" of Jesus: The Challenge of the Cross",John 12:20-33,john 12-12,https://gospelinlife.com/sermon/fall-into-the-ground/
849,mapped,,Tim Keller,1992,Missions,"Gospel of John, Part 2",John 17:13-19,john 17-17,https://gospelinlife.com/sermon/missions/
2185,mapped,,Tim Keller,2011,Everyone with a Ministry,Every Member Ministry,1 Peter 2:4-12,1-peter 2-2,https://gospelinlife.com/sermon/everyone-with-a-ministry/
1057,mapped,,Tim Keller,1994,The Freedom of Service (1st),Ten Commandments 1994,Romans 1:18-25,romans 1-1,https://gospelinlife.com/sermon/the-freedom-of-service-1st/
2511,mapped,,Tim Keller,2017,He Will Glorify Me,"Jesus, Mission, and Glory: New Power",John 16:5-11,john 16-16,https://gospelinlife.com/sermon/he-will-glorify-me/
1635,mapped,,Tim Keller,2001,Running From God,The Church in the City,Jonah 1:1-10,jonah 1-1,https://gospelinlife.com/sermon/running-from-god/
2507,mapped,,Tim Keller,2017,Conflict,"Jesus, Mission, and Glory: New Life",John 15:18-23; 16:1-4,john 15-15; john 16-16,https://gospelinlife.com/sermon/conflict/
2362,mapped,,Tim Keller,2014,The World and Jesus,Matthew's Messiah,Matthew 2:13-23,matthew 2-2,https://gospelinlife.com/sermon/the-magi-and-jesus-2/
1050,mapped,,Tim Keller,1994,Practicing Faith in a Pagan World (Part 4),"Splendor in the Furnace; 1 Peter, Part 2",1 Peter 2:13-25,1-peter 2-2,https://gospelinlife.com/sermon/practicing-faith-in-a-pagan-world-part-4/
2487,mapped,,Tim Keller,2016,The True Disciple,"Jesus, Mission, and Glory: New Identity",John 13:31-36,john 13-13,https://gospelinlife.com/sermon/the-true-disciple/
1344,mapped,,Tim Keller,1997,Certainty of the Spirit,Lessons in Drawing Near,Romans 8:31-39,romans 8-8,https://gospelinlife.com/sermon/certainty-of-the-spirit/
1345,mapped,,Tim Keller,1997,Two Meet Jesus,The Real Jesus Part 4; The Lord,Luke 24:13-32,luke 24-24,https://gospelinlife.com/sermon/two-meet-jesus/
1952,mapped,,Tim Keller,2007,Mocking Jesus,"King's Cross: The Gospel of Mark, Part 2: The Journey to the Cross",Mark 15:16-32,mark 15-15,https://gospelinlife.com/sermon/mocking-jesus/
1325,mapped,,Tim Keller,1997,Disciplines of Distress,Lessons in Drawing Near,Psalm 11,psalms 11-11,https://gospelinlife.com/sermon/disciplines-of-distress/
3331,mapped,,Tim Keller,2003,Prayer,The Meaning of Jesus Part 2; Following Him,Luke 10:38-11:13,luke 10-11,https://gospelinlife.com/sermon/prayer/
2139,mapped,,Tim Keller,2010,The Gospel and the Insider,The Gospel and the World,John 3:1-14,john 3-3,https://gospelinlife.com/sermon/the-gospel-and-the-insider/
1400,mapped,,Tim Keller,1997,One Way or Many?,Christ the Controversialist - Confrontations With Jesus,John 14:5-10,john 14-14,https://gospelinlife.com/sermon/one-way-or-many/
2450,excluded,speaker: Bijan Mirtolooi,Bijan Mirtolooi,2016,Counter-Culture for the Common Good,Where We Are Going: The City and the Mission,Matthew 5:11-16,matthew 5-5,https://gospelinlife.com/sermon/counter-culture-for-the-common-good-2/
1365,mapped,,Tim Keller,1997,A Christian’s Weeping,Happiness and Weeping,Psalm 126,psalms 126-126,https://gospelinlife.com/sermon/a-christians-weeping/
847,mapped,,Tim Keller,1992,The Sandals of Peace (Part 3),Spiritual Warfare - The Armor of God,Ephesians 6:14-18,ephesians 6-6,https://gospelinlife.com/sermon/the-sandals-of-peace-3/
1768,mapped,,Tim Keller,2004,The Hero of Heroes,The Gospel According to David,1 Samuel 17:32-50,1-samuel 17-17,https://gospelinlife.com/sermon/the-hero-of-heroes/
1494,mapped,,Tim Keller,1999,How Sin Makes Us Homeless,What's Really Wrong with the World,Isaiah 61:1-11,isaiah 61-61,https://gospelinlife.com/sermon/how-sin-makes-us-homeless/
1092,mapped,,Tim Keller,1994,"Enoch and The Purpose of Faith: Commitment, the Way to Intimacy",The Nature of Faith,Hebrews 11:5-7,hebrews 11-11,https://gospelinlife.com/sermon/enoch-and-the-purpose-of-faith-commitment-the-way-to-intimacy/
2219,mapped,,Tim Keller,2012,Law and Love,Savior and Teacher - A Study of Matthew,Matthew 5:17-22,matthew 5-5,https://gospelinlife.com/sermon/law-and-love/
3345,mapped,,Tim Keller,2012,Integrity,Savior and Teacher - A Study of Matthew,Matthew 5:33-37,matthew 5-5,https://gospelinlife.com/sermon/integrity/
2115,mapped,,Tim Keller,2010,He Walked Along With Them,,Luke 24:15-27,luke 24-24,https://gospelinlife.com/sermon/he-walked-along-with-them/
2031,mapped,,Tim Keller,2008,Listening to the Word,Liturgy: What We Do in Worship,Psalm 19:1-14,psalms 19-19,https://gospelinlife.com/sermon/listening-to-the-word/
2491,mapped,,Tim Keller,2016,The Word,"Jesus, Mission, and Glory: Advent",John 1:1-11,john 1-1,https://gospelinlife.com/sermon/the-word/
2030,mapped,,Tim Keller,2008,Call to Worship,Liturgy: What We Do in Worship,Psalm 147:1-20,psalms 147-147,https://gospelinlife.com/sermon/call-to-worship/
980,mapped,,Tim Keller,1993,The New Jerusalem,Revelation: The Final Word,Revelation 21:1-22:5,revelation 21-22,https://gospelinlife.com/sermon/the-new-jerusalem/
3686,excluded,not a sermon: Q&A,Tim Keller,2019,Hope (Q&A),Questioning Christianity (2019),,,https://gospelinlife.com/sermon/hope-qa/
608,mapped,,Tim Keller,1989,Introduction to the Ten Commandments,Ten Commandments 1989,Deuteronomy 4:8–14,deuteronomy 4-4,https://gospelinlife.com/sermon/introduction-to-the-ten-commandments/
1320,mapped,,Tim Keller,1997,With the Powerless,The Real Jesus Part 2: His Life,Luke 7:36-50,luke 7-7,https://gospelinlife.com/sermon/with-the-powerless/
1537,mapped,,Tim Keller,1999,The Cup of the Father,The Apostles' Creed; Getting a Vocabulary for Faith,John 18:1-14,john 18-18,https://gospelinlife.com/sermon/the-cup-of-the-father/
1757,mapped,,Tim Keller,2003,Converted by the Resurrection,The Necessity of Belief,Acts 9:1-19,acts 9-9,https://gospelinlife.com/sermon/converted-by-the-resurrection/
2113,mapped,,Tim Keller,2010,To Revive the Spirit of the Lowly,The Songs of the Servant (from Isaiah),Isaiah 57:12-21,isaiah 57-57,https://gospelinlife.com/sermon/to-revive-the-spirit-of-the-lowly/
1353,mapped,,Tim Keller,1997,Sexuality,Hot Potatoes From Corinthians,1 Corinthians 6:9-20,1-corinthians 6-6,https://gospelinlife.com/sermon/sexuality/
2281,mapped,,Tim Keller,2013,Knowing Good,A Public Faith,Romans 2:12-29,romans 2-2,https://gospelinlife.com/sermon/knowing-good/
1277,mapped,,Tim Keller,1996,Who is the Real Jesus?,The Real Jesus Part 1; His Teaching,Matthew 11:2-6,matthew 11-11,https://gospelinlife.com/sermon/who-is-the-real-jesus/
2111,mapped,,Tim Keller,2010,The Maker is Your Husband,The Songs of the Servant (from Isaiah),Isaiah 54:1-10,isaiah 54-54,https://gospelinlife.com/sermon/the-maker-is-your-husband/
1785,mapped,,Tim Keller,2004,The Hope of Glory (Easter 2004),Living in Hope,1 Corinthians 15:1-10; 47-58,1-corinthians 15-15,https://gospelinlife.com/sermon/the-hope-of-glory-easter/
1237,mapped,,Tim Keller,1996,Sin as Leprosy (Part 1),The Faces of Sin,2 Kings 5:5-17,2-kings 5-5,https://gospelinlife.com/sermon/sin-as-leprosy-part-i/
1543,mapped,,Tim Keller,2000,The Thirst of Jesus,The Apostles' Creed; Getting a Vocabulary for Faith,John 19:16-30,john 19-19,https://gospelinlife.com/sermon/the-thirst-of-jesus/
1021,mapped,,Tim Keller,1993,Principles of Christian Growth,"Splendor in the Furnace; 1 Peter, Part 1",1 Peter 1:22 - 2:3,1-peter 1-2,https://gospelinlife.com/sermon/principles-of-christian-growth-1/
1132,mapped,,Tim Keller,1995,Envy: The Case of Israel,The Seven Deadly Sins,Numbers 11:4-6,numbers 11-11,https://gospelinlife.com/sermon/envy-the-case-of-israel/
1429,mapped,,Tim Keller,1998,Blessed Are the Poor,The Church - How to Believe Despite Christians,Luke 6:20-26,luke 6-6,https://gospelinlife.com/sermon/blessed-are-the-poor/
2151,mapped,,Tim Keller,2010,God Incarnate (Part 2),To Know the Living God; The God Who Can Be Known,Hebrews 2:5-18,hebrews 2-2,https://gospelinlife.com/sermon/god-incarnate-part-2/
2386,mapped,,Tim Keller,2015,Saul’s Rejection,David: The Man of Prayer,1 Samuel 15:10-23,1-samuel 15-15,https://gospelinlife.com/sermon/sauls-rejection/
3349,excluded,not a sermon: Questioning Christianity,Tim Keller,2019,Justice,Questioning Christianity (2019),,,https://gospelinlife.com/sermon/justice-2-2/
1187,mapped,,Tim Keller,1995,Christ Calls Us to Himself,Matthew 9,Matthew 9:9-13,matthew 9-9,https://gospelinlife.com/sermon/christ-calls-us-to-himself/
1566,mapped,,Tim Keller,2000,The Great Awakening,St. Matthew's Passion; The World's Last Night,Matthew 28:1-20,matthew 28-28,https://gospelinlife.com/sermon/the-great-awakening/
970,mapped,,Tim Keller,1993,Death of Death,Lent - Nature of Sin,1 Corinthians 15:35-41; 50-55,1-corinthians 15-15,https://gospelinlife.com/sermon/death-of-death/
921,mapped,,Tim Keller,1992,The Only Wise God: His Sovereignty,The Attributes of God,Hebrews 12:1-13,hebrews 12-12,https://gospelinlife.com/sermon/the-only-wise-god-his-sovereignty/
976,mapped,,Tim Keller,1993,Letter on Discipleship,Revelation: The Final Word,Revelation 3:14-22,revelation 3-3,https://gospelinlife.com/sermon/letter-on-discipleship/
2428,mapped,,Tim Keller,2015,The Power of Generosity,What We Are Giving: The Dynamic of Grace,2 Corinthians 8:8-15; 9:6-12,2-corinthians 8-8; 2-corinthians 9-9,https://gospelinlife.com/sermon/the-power-of-generosity/
1048,mapped,,Tim Keller,1994,Practicing Faith in a Pagan World (Part 3),"Splendor in the Furnace; 1 Peter, Part 2",1 Peter 2:13-22,1-peter 2-2,https://gospelinlife.com/sermon/practicing-faith-in-a-pagan-world-part-3/
2288,mapped,,Tim Keller,2013,Home From Exile,"Jesus, Our Hope (Advent)",Isaiah 35:1-10,isaiah 35-35,https://gospelinlife.com/sermon/home-from-exile-2/
1436,mapped,,Tim Keller,1998,Jesus and the Spirit,The Fruit of the Spirit - The Character of Christ,John 16:7-16,john 16-16,https://gospelinlife.com/sermon/jesus-and-the-spirit/
1200,mapped,,Tim Keller,1995,Unbelief,The Book of Acts,Acts 4:1-20,acts 4-4,https://gospelinlife.com/sermon/unbelief/
2525,mapped,,Tim Keller,2017,The Triune God,"Jesus, Mission and Glory: The Lord's Prayer for His Glory and Ours","John 17:1-5, 24",john 17-17,https://gospelinlife.com/sermon/the-triune-god/
901,mapped,,Tim Keller,1992,The Holy One: His Holiness,The Attributes of God,Isaiah 6:1-13,isaiah 6-6,https://gospelinlife.com/sermon/the-holy-one-his-holiness/
806,mapped,,Tim Keller,1991,The Lord’s Supper,"Gospel of John, Part 1",John 13:18-30,john 13-13,https://gospelinlife.com/sermon/the-lords-supper/
1102,mapped,,Tim Keller,1994,Jesus Our Defense,"Knowing that We Know God; 1 John, Part 1",1 John 1:8-2:2,1-john 1-2,https://gospelinlife.com/sermon/jesus-our-defense-2/
1191,mapped,,Tim Keller,1995,Cut to the Heart,The Book of Acts,Acts 2:32-41,acts 2-2,https://gospelinlife.com/sermon/cut-to-the-heart/
3344,mapped,,Tim Keller,2010,Self-Control,The Real Signs of the Spirit,1 Corinthians 9:23-10:13,1-corinthians 9-10,https://gospelinlife.com/sermon/self-control-3/
1948,mapped,,Tim Keller,2007,Christ’s Confession,"King's Cross: The Gospel of Mark, Part 2: The Journey to the Cross",Mark 14:53-65,mark 14-14,https://gospelinlife.com/sermon/christs-confession/
2057,mapped,,Tim Keller,2009,The History of the World in a Nutshell,Bible: The Whole Story - Creation and Fall,Genesis 4:1-10,genesis 4-4,https://gospelinlife.com/sermon/the-history-of-the-world-in-a-nutshell/
2234,mapped,,Tim Keller,2012,Generosity and Relationships,Generosity: Studies from the Gospel of Luke,Luke 17:3-10,luke 17-17,https://gospelinlife.com/sermon/generosity-and-relationships/
979,mapped,,Tim Keller,1993,The Two Cities,Revelation: The Final Word,Revelation 18:9-24,revelation 18-18,https://gospelinlife.com/sermon/the-two-cities/
666,mapped,,Tim Keller,1990,Admitting,The Lord's Prayer 1990,Matthew 6:9-15,matthew 6-6,https://gospelinlife.com/sermon/admitting/
1406,mapped,,Tim Keller,1998,Lost Treasure (and the Search of God),The Prodigal Son and the Elder Brother,Luke 15:1-12,luke 15-15,https://gospelinlife.com/sermon/lost-treasure-and-the-search-of-god/
1066,mapped,,Tim Keller,1994,The Freedom of Commitment (3rd),Ten Commandments 1994,Matthew 7:15-23,matthew 7-7,https://gospelinlife.com/sermon/the-freedom-of-commitment-3rd/
2370,mapped,,Tim Keller,2015,A New Sabbath,Light in the Darkness: Glory of Jesus in Mark,Mark 2:23-3:6,mark 2-3,https://gospelinlife.com/sermon/a-new-sabbath/
2475,mapped,,Tim Keller,2016,Sent To Bring Freedom,"Jesus, Mission, and Glory: New Purpose",John 8:31-36; 56-59,john 8-8,https://gospelinlife.com/sermon/sent-to-bring-freedom/
2477,mapped,,Tim Keller,2016,Sent in Love,"Jesus, Mission, and Glory: New Purpose",John 13:1-5,john 13-13,https://gospelinlife.com/sermon/sent-in-love/
1983,mapped,,Tim Keller,2007,Jacob’s Prayer for Joy,Real Spirituality - Prayer and Beyond,Genesis 32:22-31,genesis 32-32,https://gospelinlife.com/sermon/jacobs-prayer-for-joy/
1133,mapped,,Tim Keller,1995,The Love of the World (Part 2),"Knowing that We Know God; 1 John, Part 2",1 John 2:15-17,1-john 2-2,https://gospelinlife.com/sermon/the-love-of-the-world-part-2/
2330,mapped,,Tim Keller,2014,Patience,Growth in the Spirit,James 5:7-12,james 5-5,https://gospelinlife.com/sermon/patience-4/
2109,mapped,,Tim Keller,2010,The Mocking and the Spitting,The Songs of the Servant (from Isaiah),Isaiah 50:4-11,isaiah 50-50,https://gospelinlife.com/sermon/the-mocking-and-the-spitting/
628,mapped,,Tim Keller,1989,All Things New,"Growth in Christ, Part 1",Revelation 21:1-8,revelation 21-21,https://gospelinlife.com/sermon/all-things-new/
1611,mapped,,Tim Keller,2001,Prostitutes Before You,"The ""Amens"" of Jesus: The Challenge of the Cross",Matthew 21:28-39,matthew 21-21,https://gospelinlife.com/sermon/prostitutes-before-you/
1875,mapped,,Tim Keller,2005,Jesus’ Meal With Peter,Meals with Jesus,John 21:4-22,john 21-21,https://gospelinlife.com/sermon/jesus-meal-with-peter/
2218,mapped,,Tim Keller,2012,The Witness of the Kingdom,Savior and Teacher - A Study of Matthew,Matthew 5:11-16,matthew 5-5,https://gospelinlife.com/sermon/the-witness-of-the-kingdom/
1209,mapped,,Tim Keller,1995,Encounter With God,The Book of Acts,"Acts 9:1-8, 17-19",acts 9-9,https://gospelinlife.com/sermon/encounter-with-god/
1704,mapped,,Tim Keller,2003,The Message of Jesus,The Meaning of Jesus Part 1; Understanding Him,Luke 5:4-26,luke 5-5,https://gospelinlife.com/sermon/the-message-of-jesus/
1141,mapped,,Tim Keller,1995,The Truth and the Lie (Part 2),"Knowing that We Know God; 1 John, Part 2",1 John 2:18-27,1-john 2-2,https://gospelinlife.com/sermon/the-truth-the-lie-part-2/
1964,mapped,,Tim Keller,2007,The Grace of Law,"Deuteronomy - Doing Justice, Preaching Grace","Deuteronomy 1:26-28, 34-36, 41-46",deuteronomy 1-1,https://gospelinlife.com/sermon/the-grace-of-law/
943,mapped,,Tim Keller,1993,Loving Your Enemies,Hard Sayings of Jesus 1993,Luke 6:20-36,luke 6-6,https://gospelinlife.com/sermon/loving-your-enemies/
1062,excluded,not a sermon: Open Forum,Tim Keller,1994,Who is this Jesus? (Open Forum),Redeemer Open Forums,,,https://gospelinlife.com/sermon/who-is-this-jesus-an-open-forum/
1060,mapped,,Tim Keller,1994,The Freedom of Service – 2 (1st),Ten Commandments 1994,Acts 4:7-20; Exodus 20:3,acts 4-4; exodus 20-20,https://gospelinlife.com/sermon/the-freedom-of-service-2-1st/
1159,mapped,,Tim Keller,1995,Holiness,"Knowing that We Know God; 1 John, Part 2",1 John 3:1-6,1-john 3-3,https://gospelinlife.com/sermon/holiness/
987,mapped,,Tim Keller,1993,Growing in Grace,Studies in 2 Peter,2 Peter 3:14-18,2-peter 3-3,https://gospelinlife.com/sermon/growing-in-grace/
1355,mapped,,Tim Keller,1997,The Ascension,The Real Jesus Part 4; The Lord,Acts 1:1-12,acts 1-1,https://gospelinlife.com/sermon/the-ascension/
1460,mapped,,Tim Keller,1998,The Search for Justice,When All You've Ever Wanted Isn't Enough,Ecclesiastes 9:2-16,ecclesiastes 9-9,https://gospelinlife.com/sermon/the-search-for-justice/
1336,mapped,,Tim Keller,1997,Cleansing of the Spirit,Lessons in Drawing Near,Romans 8:1-14,romans 8-8,https://gospelinlife.com/sermon/cleansing-of-the-spirit/
1995,mapped,,Tim Keller,2007,The God of Wonders,Jesus of the Prophets,Isaiah 9:1-7,isaiah 9-9,https://gospelinlife.com/sermon/the-god-of-wonders/
1458,mapped,,Tim Keller,1998,Submit to One Another,Ephesians - God's New Society,Ephesians 5:21-33,ephesians 5-5,https://gospelinlife.com/sermon/submit-to-one-another/
2523,mapped,,Tim Keller,2017,Holy Father,"Jesus, Mission and Glory: The Lord's Prayer for His Glory and Ours",John 17:11-23,john 17-17,https://gospelinlife.com/sermon/holy-father/
1781,mapped,,Tim Keller,2004,The Experience of Hope,Living in Hope,Ephesians 3:14-21; 1 John 3:1-3,ephesians 3-3; 1-john 3-3,https://gospelinlife.com/sermon/the-experience-of-hope/
1149,mapped,,Tim Keller,1995,Wrath: The Case of Esau,The Seven Deadly Sins,Hebrews 12:14-17,hebrews 12-12,https://gospelinlife.com/sermon/wrath-the-case-of-esau/
1034,mapped,,Tim Keller,1994,Jesus as King: The King of Hearts,Understanding Jesus,2 Corinthians 10:1-6,2-corinthians 10-10,https://gospelinlife.com/sermon/jesus-as-king-the-king-of-hearts/
3336,mapped,,Tim Keller,2008,Worship,Practicing The Christian Life,Psalm 95:1-11,psalms 95-95,https://gospelinlife.com/sermon/worship-2008/
1718,mapped,,Tim Keller,2003,The Robbers’ House,The Meaning of Jesus Part 3; Seeing Him,Luke 19:28-40; 45-48,luke 19-19,https://gospelinlife.com/sermon/the-robbers-house/
2544,excluded,not a sermon: Questioning Christianity,Tim Keller,2019,Morality,Questioning Christianity (2019),,,https://gospelinlife.com/sermon/morality-2/
2017,mapped,,Tim Keller,2008,Thy Word,Practicing The Christian Life,Psalm 119,psalms 119-119,https://gospelinlife.com/sermon/thy-word/
1305,mapped,,Tim Keller,1996,Isaiah and the Altar,Daring to Draw Near,Isaiah 6:1-8,isaiah 6-6,https://gospelinlife.com/sermon/isaiah-and-the-altar/
2495,mapped,,Tim Keller,2016,The Glory of the Incarnation,"Jesus, Mission, and Glory: Advent",John 1:14-18,john 1-1,https://gospelinlife.com/sermon/the-glory-of-the-incarnation/
977,mapped,,Tim Keller,1993,Letter on Mission,Revelation: The Final Word,Revelation 3:7-13,revelation 3-3,https://gospelinlife.com/sermon/letter-on-mission/
840,mapped,,Tim Keller,1992,Joy in the Mourning,"Gospel of John, Part 2",John 16:16-22,john 16-16,https://gospelinlife.com/sermon/joy-in-the-mourning/
1306,mapped,,Tim Keller,1996,Lord of the Whips,The Real Jesus Part 2: His Life,John 2:12-25,john 2-2,https://gospelinlife.com/sermon/lord-of-the-whips/
1474,mapped,,Tim Keller,1998,How To Find Real Treasure,Jesus - On Finding God,Matthew 13:44-46,matthew 13-13,https://gospelinlife.com/sermon/how-to-find-real-treasure/
1054,mapped,,Tim Keller,1994,Knowing the Risen Christ (Easter),The Cross and Your Life,Philippians 3:3-10,philippians 3-3,https://gospelinlife.com/sermon/knowing-the-risen-christ-easter-sunday/
1019,mapped,,Tim Keller,1993,Loving Deeply,"Splendor in the Furnace; 1 Peter, Part 1",1 Peter 1:22 - 2:3,1-peter 1-2,https://gospelinlife.com/sermon/loving-deeply/
1123,mapped,,Tim Keller,1995,Anatomy of Sin (Part 2),The Seven Deadly Sins,Jeremiah 2:19-32,jeremiah 2-2,https://gospelinlife.com/sermon/anatomy-of-sin-part-2/
2106,mapped,,Tim Keller,2010,A Community of Justice (Part 2),The Gospel in Community: The Book of James,James 4:13-5:6,james 4-5,https://gospelinlife.com/sermon/a-community-of-justice-part-2/
2489,mapped,,Tim Keller,2016,The Future Disciple,"Jesus, Mission, and Glory: New Identity",John 13:33-38,john 13-13,https://gospelinlife.com/sermon/the-future-disciple/
867,mapped,,Tim Keller,1992,Believing and Seeking,"Gospel of John, Part 2",John 20:1-16; 24-29,john 20-20,https://gospelinlife.com/sermon/believing-and-seeking/
2012,mapped,,Tim Keller,2008,Mary!,St. John's Passion,"John 20:1-3, 10-18",john 20-20,https://gospelinlife.com/sermon/mary-2/
2020,mapped,,Tim Keller,2008,The Bridge to Prayer,Practicing The Christian Life,Psalm 1:1-6,psalms 1-1,https://gospelinlife.com/sermon/the-bridge-to-prayer/
1670,mapped,,Tim Keller,2002,Raising the Widow’s Son,,1 Kings 17:17-24; Luke 7:11-17,1-kings 17-17; luke 7-7,https://gospelinlife.com/sermon/raising-the-widow-s-son-2/
1005,mapped,,Tim Keller,1993,The Search for Certainty,Modern Problems; Ancient Solutions,Psalm 14,psalms 14-14,https://gospelinlife.com/sermon/the-search-for-certainty/
1699,mapped,,Tim Keller,2002,The True Story of Jesus,The Meaning of Jesus Part 1; Understanding Him,Luke 1:1-4; 24:18-27,luke 1-1; luke 24-24,https://gospelinlife.com/sermon/the-true-story-of-jesus/
1642,mapped,,Tim Keller,2001,Should I Not Love That Great City?,The Church in the City,Jonah 4:1-11,jonah 4-4,https://gospelinlife.com/sermon/should-i-not-love-that-great-city/
1949,mapped,,Tim Keller,2007,Witness 2007,"King's Cross: The Gospel of Mark, Part 2: The Journey to the Cross","Mark 14:29-31, 53-54, 66-72",mark 14-14,https://gospelinlife.com/sermon/witness-2007/
2208,mapped,,Tim Keller,2012,The Last Temptation,Savior and Teacher - A Study of Matthew,Matthew 26:36-46,matthew 26-26,https://gospelinlife.com/sermon/the-last-temptation/
948,mapped,,Tim Keller,1993,People of the Lie,Lent - Nature of Sin,Genesis 3:1-9,genesis 3-3,https://gospelinlife.com/sermon/people-of-the-lie/
1264,mapped,,Tim Keller,1996,No Fallen Words,The Life of David,1 Samuel 3:19-21,1-samuel 3-3,https://gospelinlife.com/sermon/no-fallen-words/
1947,mapped,,Tim Keller,2007,The Kiss of Death,"King's Cross: The Gospel of Mark, Part 2: The Journey to the Cross",Mark 14:43-52,mark 14-14,https://gospelinlife.com/sermon/the-kiss-of-death/
1795,mapped,,Tim Keller,2004,The Doctrine of God,Who's Afraid of Doctrine?,Psalm 139:1-24,psalms 139-139,https://gospelinlife.com/sermon/the-doctrine-of-god/
623,mapped,,Tim Keller,1989,Spirit and Presence of God,"Growth in Christ, Part 1",Ephesians 5:18-21;3:14-21,ephesians 5-5; ephesians 3-3,https://gospelinlife.com/sermon/spirit-presence-of-god/
2485,mapped,,Tim Keller,2016,The False Disciple,"Jesus, Mission, and Glory: New Identity",John 13:21-30,john 13-13,https://gospelinlife.com/sermon/the-false-disciple/
1856,mapped,,Tim Keller,2005,The City,The Vision of Redeemer,Isaiah 25:6-26:6,isaiah 25-26,https://gospelinlife.com/sermon/the-city/
1088,mapped,,Tim Keller,1994,Noah and The Power of Faith: Faith as Conviction,The Nature of Faith,Hebrews 11:1-7,hebrews 11-11,https://gospelinlife.com/sermon/noah-and-the-power-of-faith-faith-as-conviction/
2283,mapped,,Tim Keller,2013,Discovering the Gospel,A Public Faith,1 Corinthians 15:1-11,1-corinthians 15-15,https://gospelinlife.com/sermon/discovering-the-gospel/
3332,mapped,,Tim Keller,2003,Forgiveness (2003),The Meaning of Jesus Part 2; Following Him,Luke 17:3-19,luke 17-17,https://gospelinlife.com/sermon/forgiveness/
2396,mapped,,Tim Keller,2015,David’s Mercy,David: The Man of Prayer,"1 Samuel 26:7-14, 21-25",1-samuel 26-26,https://gospelinlife.com/sermon/davids-mercy/
2481,mapped,,Tim Keller,2016,Sent To Love,"Jesus, Mission, and Glory: New Purpose",John 13:12-17,john 13-13,https://gospelinlife.com/sermon/sent-to-love/
1970,mapped,,Tim Keller,2007,Not by Bread Alone,"Deuteronomy - Doing Justice, Preaching Grace",Deuteronomy 8:1-16,deuteronomy 8-8,https://gospelinlife.com/sermon/not-by-bread-alone/
2279,mapped,,Tim Keller,2013,Facing Doubt,A Public Faith,"Psalm 73:1-3, 12-26",psalms 73-73,https://gospelinlife.com/sermon/facing-doubt/
2509,mapped,,Tim Keller,2017,Testimony,"Jesus, Mission, and Glory: New Life",John 15:22-27,john 15-15,https://gospelinlife.com/sermon/testimony/
1334,mapped,,Tim Keller,1997,Life of the Spirit,Lessons in Drawing Near,Romans 8:1-11,romans 8-8,https://gospelinlife.com/sermon/life-of-the-spirit/
2527,mapped,,Tim Keller,2017,The Church,"Jesus, Mission and Glory: The Lord's Prayer for His Glory and Ours",John 17:6-11,john 17-17,https://gospelinlife.com/sermon/the-church-2/
1089,mapped,,Tim Keller,1994,"Abel and the Salvation of Faith: Conviction, the Way to God",The Nature of Faith,Hebrews 11:1-7,hebrews 11-11,https://gospelinlife.com/sermon/abel-and-the-salvation-of-faith-conviction-the-way-to-god/
2378,mapped,,Tim Keller,2015,Prayer for the World,Pilgrim Prayer: Psalms for the Journey,Psalm 98:1-9,psalms 98-98,https://gospelinlife.com/sermon/prayer-for-the-world/
1725,mapped,,Tim Keller,2003,Responding to Jesus,The Meaning of Jesus Part 4; The Kingdom of God,Luke 23:33-56,luke 23-23,https://gospelinlife.com/sermon/responding-to-jesus/
1044,mapped,,Tim Keller,1994,Cross: The Way to Know Yourself,The Cross and Your Life,Romans 8:1-17,romans 8-8,https://gospelinlife.com/sermon/cross-the-way-to-know-yourself/
1495,excluded,not a sermon: Open Forum,Tim Keller,1999,Losing My Religion – Why Christians Should Drop Their Religion (Open Forum),Redeemer Open Forums,,,https://gospelinlife.com/sermon/losing-my-religion-why-christians-should-drop-their-religion-an-open-forum/
2169,mapped,,Tim Keller,2011,The God Who Reconciles Sinners,To Know the Living God; The God Who Makes Alive,"Hebrews 9:11-14, 22-26",hebrews 9-9,https://gospelinlife.com/sermon/the-god-who-reconciles-sinners/
2160,mapped,,Tim Keller,2011,The God of Truth,To Know the Living God; The Majesty of God,"Psalm 119:1-4,11,14,29,38,45,130,135,151-152",psalms 119-119,https://gospelinlife.com/sermon/the-god-of-truth/
1760,mapped,,Tim Keller,2003,The Prayer for David,The Gospel According to David,"1 Samuel 1:4-11,20; 2:1-10",1-samuel 1-1; 1-samuel 2-2,https://gospelinlife.com/sermon/the-prayer-for-david/
898,mapped,,Tim Keller,1992,Only True God: His Supremacy,The Attributes of God,Exodus 20:1-6,exodus 20-20,https://gospelinlife.com/sermon/only-true-god-his-supremacy/
1108,excluded,not a sermon: Open Forum,Tim Keller,1994,How Do I Know the Bible Is True? (Open Forum),Redeemer Open Forums,,,https://gospelinlife.com/sermon/how-do-i-know-the-bible-is-true-an-open-forum/
1449,mapped,,Tim Keller,1998,Creation and Rest,Genesis 1998,Genesis 1:1-2:3,genesis 1-2,https://gospelinlife.com/sermon/creation-and-rest/
1994,mapped,,Tim Keller,2007,The Once and Future King,Jesus of the Prophets,Micah 5:1-6,micah 5-5,https://gospelinlife.com/sermon/the-once-and-future-king/
2056,excluded,not a sermon: Center for Faith and Work,Tim Keller,2009,For Such a Time as This – How Faith Informs Our Work,Center for Faith and Work,Esther 4:14,esther 4-4,https://gospelinlife.com/sermon/for-such-a-time-as-this-how-faith-informs-our-work/
1261,mapped,,Tim Keller,1996,"Heaven, a World of Love",Love: The Way to Grow Up,1 Corinthians 13:1-13,1-corinthians 13-13,https://gospelinlife.com/sermon/heaven-a-world-of-love/
2082,mapped,,Tim Keller,2009,Covenant Love,The Life of David 2009,2 Samuel 9:1-21,2-samuel 9-9,https://gospelinlife.com/sermon/covenant-love/
848,mapped,,Tim Keller,1992,Making Peace,Spiritual Warfare - The Armor of God,Ephesians 6:14-19,ephesians 6-6,https://gospelinlife.com/sermon/making-peace/
2232,mapped,,Tim Keller,2012,How We Are Formed as Believers,Gospel in Life: Grace in the Case of Naaman,Psalm 1:1-6; 150:1-6,psalms 1-1; psalms 150-150,https://gospelinlife.com/sermon/how-we-are-formed-as-believers/
1777,mapped,,Tim Keller,2004,The Sufferer,The Gospel According to David,2 Samuel 12:13-25; Psalm 39:7-13,2-samuel 12-12; psalms 39-39,https://gospelinlife.com/sermon/the-sufferer/
2432,mapped,,Tim Keller,2016,Reconciled and at Peace,What We Are Receiving: The Gospel Goods,Hebrews 9:11-14,hebrews 9-9,https://gospelinlife.com/sermon/reconciled-and-at-peace/
1874,mapped,,Tim Keller,2005,Jesus’ Meal With Matthew,Meals with Jesus,Matthew 9:9-17,matthew 9-9,https://gospelinlife.com/sermon/jesus-meal-with-matthew/
751,mapped,,Tim Keller,1991,Meaning of the Resurrection (Easter Sermon and Testimonies),,Romans 10:9,romans 10-10,https://gospelinlife.com/sermon/meaning-of-the-resurrection-easter-sermon-and-testimonies/
1103,mapped,,Tim Keller,1994,Moses and the Patience of Faith,The Nature of Faith,Hebrews 11:23-30,hebrews 11-11,https://gospelinlife.com/sermon/moses-and-the-patience-of-faith/
3330,mapped,,Tim Keller,2003,The Glory of Jesus,The Meaning of Jesus Part 1; Understanding Him,Luke 9:28-36,luke 9-9,https://gospelinlife.com/sermon/the-glory-of-jesus/
2175,mapped,,Tim Keller,2011,The Compassion of God,To Know the Living God; The Adequacy of God,Jonah 4:1-11,jonah 4-4,https://gospelinlife.com/sermon/the-compassion-of-god/
2233,mapped,,Tim Keller,2012,Generosity and God’s Grace,Generosity: Studies from the Gospel of Luke,Luke 18:9-17,luke 18-18,https://gospelinlife.com/sermon/generosity-and-gods-grace/
1310,mapped,,Tim Keller,1996,The Furious Love of Jesus,The Real Jesus Part 2: His Life,John 11:32-44,john 11-11,https://gospelinlife.com/sermon/the-furious-love-of-jesus/
701,mapped,,Tim Keller,1990,Spiritual Gifts (Part 2),Spiritual Gifts,Ephesians 4:1-16,ephesians 4-4,https://gospelinlife.com/sermon/spiritual-gifts-part-2/
1598,mapped,,Tim Keller,2001,Lord of the City,Genesis - The Gospel According to God,Genesis 10:31-11:9,genesis 10-11,https://gospelinlife.com/sermon/lord-of-the-city/
2177,mapped,,Tim Keller,2011,The Triune God,To Know the Living God; The Adequacy of God,Matthew 28:16-20,matthew 28-28,https://gospelinlife.com/sermon/the-triune-god-2/
801,mapped,,Tim Keller,1991,The Glory in the Cross,"Gospel of John, Part 1",John 12:27-35,john 12-12,https://gospelinlife.com/sermon/the-glory-in-the-cross/
3681,excluded,not a sermon: Q&A,Tim Keller,2019,Meaning (Q&A),Questioning Christianity (2019),,,https://gospelinlife.com/sermon/meaning-qa/
1639,mapped,,Tim Keller,2001,They Greatly Feared,The Church in the City,Jonah 1:4-17,jonah 1-1,https://gospelinlife.com/sermon/they-greatly-feared/
2178,mapped,,Tim Keller,2011,The Glory of the Triune God,To Know the Living God; The Adequacy of God,"John 17:1-6, 20-26",john 17-17,https://gospelinlife.com/sermon/the-glory-of-the-triune-god/
2125,mapped,,Tim Keller,2010,Kindness,The Real Signs of the Spirit,John 15:6-15,john 15-15,https://gospelinlife.com/sermon/kindness/
1025,mapped,,Tim Keller,1993,Principles of Christian Growth,"Splendor in the Furnace; 1 Peter, Part 1",1 Peter 1:22 - 2:3,1-peter 1-2,https://gospelinlife.com/sermon/principles-of-christian-growth-2/
2434,mapped,,Tim Keller,2016,Bought Out of Slavery,What We Are Receiving: The Gospel Goods,Romans 3:22-31,romans 3-3,https://gospelinlife.com/sermon/bought-out-of-slavery/
2314,mapped,,Tim Keller,2014,Our Birth: Cosmic,Following Jesus,1 Peter 1:3-12,1-peter 1-1,https://gospelinlife.com/sermon/our-birth-cosmic/
1583,mapped,,Tim Keller,2000,God Our Friend,"Four Ways to Live, Four Ways to Love",Exodus 33:7-34:8,exodus 33-34,https://gospelinlife.com/sermon/god-our-friend/
2096,mapped,,Tim Keller,2009,Hope for the City,"The Gospel, Hope, and the World",Acts 8:1-8,acts 8-8,https://gospelinlife.com/sermon/hope-for-the-city/
1143,mapped,,Tim Keller,1995,Born of Him,"Knowing that We Know God; 1 John, Part 2",1 John 2:28-3:6,1-john 2-3,https://gospelinlife.com/sermon/born-of-him/
1116,mapped,,Tim Keller,1995,Christ Our Life,,Colossians 3:1-4,colossians 3-3,https://gospelinlife.com/sermon/christ-our-life/
2223,mapped,,Tim Keller,2012,Prayer and the Poor,Savior and Teacher - A Study of Matthew,Matthew 6:1-15,matthew 6-6,https://gospelinlife.com/sermon/prayer-and-the-poor/
823,mapped,,Tim Keller,1991,The Accuser,Spiritual Warfare - The War,Ephesians 6:10-13,ephesians 6-6,https://gospelinlife.com/sermon/the-accuser/
1456,mapped,,Tim Keller,1998,Knowledge and the Love of God,Ephesians - God's New Society,Ephesians 3:14-21,ephesians 3-3,https://gospelinlife.com/sermon/knowledge-and-the-love-of-god/
779,mapped,,Tim Keller,1991,Be Filled With the Spirit (Part 1),The Holy Spirit (1991),Ephesians 5:18-21,ephesians 5-5,https://gospelinlife.com/sermon/be-filled-with-the-spirit-part-1/
1374,mapped,,Tim Keller,1997,An Old Woman’s Laughter,Pointers to Christ - Directional Signs in History,Genesis 21:1-7,genesis 21-21,https://gospelinlife.com/sermon/an-old-womans-laughter/
1615,mapped,,Tim Keller,2001,You Will Be With Me,"The ""Amens"" of Jesus: The Challenge of the Cross",Luke 23:32-43,luke 23-23,https://gospelinlife.com/sermon/you-will-be-with-me/
837,mapped,,Tim Keller,1992,The Great Mentor,"Gospel of John, Part 2",John 16:12-15,john 16-16,https://gospelinlife.com/sermon/the-great-mentor/
1340,mapped,,Tim Keller,1997,Long Live the King! (Easter),The Real Jesus Part 3; The King,Luke 24:1-12,luke 24-24,https://gospelinlife.com/sermon/long-live-the-king-easter/
681,mapped,,Tim Keller,1990,Blueprint for Revival: Introduction (Part 2),Revival,Acts 2:37-47,acts 2-2,https://gospelinlife.com/sermon/blueprint-for-revival-introduction-part-2/
1860,mapped,,Tim Keller,2005,Justice,The Vision of Redeemer,Isaiah 58:1-14,isaiah 58-58,https://gospelinlife.com/sermon/justice/
2007,excluded,not a sermon: Open Forum,Tim Keller,2008,The Reason for God (Open Forum),Redeemer Open Forums,,,https://gospelinlife.com/sermon/the-reason-for-god-an-open-forum/
1301,mapped,,Tim Keller,1996,Sarah and the Laugh,Daring to Draw Near,Genesis 18:9-33,genesis 18-18,https://gospelinlife.com/sermon/sarah-and-the-laugh/
1763,mapped,,Tim Keller,2004,The Disobedience of Saul,The Gospel According to David,1 Samuel 15:10-23,1-samuel 15-15,https://gospelinlife.com/sermon/the-disobedience-of-saul/
1186,mapped,,Tim Keller,1995,Moses and the Bronze Serpent,Life of Moses,"Numbers 21:4-9, John 3:12-17",numbers 21-21; john 3-3,https://gospelinlife.com/sermon/moses-the-bronze-serpent/
3683,excluded,not a sermon: Q&A,Tim Keller,2019,Identity (Q&A),Questioning Christianity (2019),,,https://gospelinlife.com/sermon/identity-qa/
1991,mapped,,Tim Keller,2007,Jesus’ Prayer for All Time,Real Spirituality - Prayer and Beyond,Matthew 6:5-15,matthew 6-6,https://gospelinlife.com/sermon/jesus-prayer-for-all-time/
2025,mapped,,Tim Keller,2008,Spiritual Friendship,Practicing The Christian Life,Galatians 5:26-6:5,galatians 5-6,https://gospelinlife.com/sermon/spiritual-friendship-2/
635,mapped,,Tim Keller,1990,Passive Discipline,"Growth in Christ, Part 1",1 Peter 1:1-9,1-peter 1-1,https://gospelinlife.com/sermon/passive-discipline/
665,mapped,,Tim Keller,1990,Cost of Commitment,"Growth in Christ, Part 2","John 12:1-6, 23-26",john 12-12,https://gospelinlife.com/sermon/cost-of-commitment/
2149,mapped,,Tim Keller,2010,The God Who Can Be Known (Part 2),To Know the Living God; The God Who Can Be Known,2 Peter 1:1-9,2-peter 1-1,https://gospelinlife.com/sermon/the-god-who-can-be-known-part-2/
2141,mapped,,Tim Keller,2010,The Gospel and the Outsider,The Gospel and the World,John 4:1-26,john 4-4,https://gospelinlife.com/sermon/the-gospel-and-the-outsider/
1039,mapped,,Tim Keller,1994,People of God,"Splendor in the Furnace; 1 Peter, Part 2",1 Peter 2:9-10,1-peter 2-2,https://gospelinlife.com/sermon/people-of-god/
1047,mapped,,Tim Keller,1994,Cross: The Answer to the Problem of Evil,The Cross and Your Life,Romans 12:14-13:7,romans 12-13,https://gospelinlife.com/sermon/cross-the-answer-to-the-problem-of-evil/
1549,excluded,not a sermon: Leader Talks,Tim Keller,2000,Spiritual Gifts and Graces,Life Together in Gospel-Community (Leader Talks),,,https://gospelinlife.com/sermon/spiritual-gifts-and-graces/
1702,mapped,,Tim Keller,2002,The Deity of Jesus,The Meaning of Jesus Part 1; Understanding Him,Luke 1:26-45,luke 1-1,https://gospelinlife.com/sermon/the-deity-of-jesus/
1452,mapped,,Tim Keller,1998,Christian Unity,Ephesians - God's New Society,Ephesians 2:11-22,ephesians 2-2,https://gospelinlife.com/sermon/christian-unity/
2278,mapped,,Tim Keller,2013,The Sickness Unto Death,A Public Faith,Ecclesiastes 2:9-26,ecclesiastes 2-2,https://gospelinlife.com/sermon/the-sickness-unto-death-2/
1562,mapped,,Tim Keller,2000,The Dark Garden,St. Matthew's Passion; The World's Last Night,Matthew 26:36-46,matthew 26-26,https://gospelinlife.com/sermon/the-dark-garden/
1197,mapped,,Tim Keller,1995,The Final Word,The Book of Acts,Acts 3:15-26,acts 3-3,https://gospelinlife.com/sermon/the-final-word/
1286,mapped,,Tim Keller,1996,Dagon and the Ark,Daring to Draw Near,1 Samuel 5:14,1-samuel 5-5,https://gospelinlife.com/sermon/dagon-and-the-ark/
3317,mapped,,Tim Keller,1992,Temptation,Spiritual Warfare - The War,Genesis 3:1-15,genesis 3-3,https://gospelinlife.com/sermon/temptation/
1596,mapped,,Tim Keller,2000,The Man Who Would Not Be Hurried,Two Christmas Meditations,Mark 5:25-43,mark 5-5,https://gospelinlife.com/sermon/the-man-who-would-not-be-hurried/
662,mapped,,Tim Keller,1990,Power of the Word,Sermon on the Mount,Matthew 5:33-37,matthew 5-5,https://gospelinlife.com/sermon/power-of-the-word/
2117,mapped,,Tim Keller,2010,Love and the Fruit of the Spirit,The Real Signs of the Spirit,1 Corinthians 13:1-13,1-corinthians 13-13,https://gospelinlife.com/sermon/love-and-the-fruit-of-the-spirit/
933,mapped,,Tim Keller,1993,I Came To Set the Earth on Fire,Hard Sayings of Jesus 1993,Luke 12:49-53,luke 12-12,https://gospelinlife.com/sermon/i-came-to-set-the-earth-on-fire/
1701,mapped,,Tim Keller,2002,The Excellence of Jesus,The Meaning of Jesus Part 1; Understanding Him,Luke 2:41-52; 3:22-23,luke 2-2; luke 3-3,https://gospelinlife.com/sermon/the-excellence-of-jesus/
1444,mapped,,Tim Keller,1998,The Patience of Jesus,The Fruit of the Spirit - The Character of Christ,Luke 17:3-19,luke 17-17,https://gospelinlife.com/sermon/the-patience-of-jesus/
609,mapped,,Tim Keller,1989,First of All (1st),Ten Commandments 1989,Jonah 1:1-10,jonah 1-1,https://gospelinlife.com/sermon/first-of-all-1st/
1321,mapped,,Tim Keller,1997,Discipline of Desire (Part 3),Lessons in Drawing Near,Psalm 63,psalms 63-63,https://gospelinlife.com/sermon/discipline-of-desire-iii/
1308,mapped,,Tim Keller,1996,The Sympathy of Jesus 1996,The Real Jesus Part 2: His Life,Mark 7:24-37,mark 7-7,https://gospelinlife.com/sermon/the-sympathy-of-jesus-2/
3337,mapped,,Tim Keller,2008,Self-Control,Practicing The Christian Life,1 Corinthians 9:23-27; 10:11-13,1-corinthians 9-9; 1-corinthians 10-10,https://gospelinlife.com/sermon/self-control-2/
1732,mapped,,Tim Keller,2003,Forward-Back Living,The Meaning of Jesus Part 4; The Kingdom of God,Luke 12:32-46,luke 12-12,https://gospelinlife.com/sermon/forward-back-living/
1715,mapped,,Tim Keller,2003,Money,The Meaning of Jesus Part 2; Following Him,Luke 12:13-34,luke 12-12,https://gospelinlife.com/sermon/money/
1256,mapped,,Tim Keller,1996,Love’s Way With God,Love: The Way to Grow Up,1 Corinthians 13:1-13,1-corinthians 13-13,https://gospelinlife.com/sermon/loves-way-with-god/
1126,mapped,,Tim Keller,1995,Loving and Growing (Part 2),"Knowing that We Know God; 1 John, Part 2",1 John 2:9-14,1-john 2-2,https://gospelinlife.com/sermon/loving-growing-part-2/
926,mapped,,Tim Keller,1992,How To Sing at Christmas,Advent 1992,Luke 1:46-55,luke 1-1,https://gospelinlife.com/sermon/how-to-sing-at-christmas/
1641,mapped,,Tim Keller,2001,Let Them Give Up Their Violence,The Church in the City,Jonah 3:1-4:5,jonah 3-4,https://gospelinlife.com/sermon/let-them-give-up-their-violence/
879,mapped,,Tim Keller,1992,Adoption (Part 1),Salvation from the Outside In,Ephesians 1:4-8,ephesians 1-1,https://gospelinlife.com/sermon/adoption-part-1/
1410,mapped,,Tim Keller,1998,Second Lost Son (and the Dance of God),The Prodigal Son and the Elder Brother,Luke 15:20-32,luke 15-15,https://gospelinlife.com/sermon/second-lost-son-and-the-dance-of-god/
2150,mapped,,Tim Keller,2010,God Incarnate (Part 1),To Know the Living God; The God Who Can Be Known,Matthew 1,matthew 1-1,https://gospelinlife.com/sermon/god-incarnate-part-1/
1360,mapped,,Tim Keller,1997,Hell,Heaven and Hell,Luke 16:19-21,luke 16-16,https://gospelinlife.com/sermon/hell/
1069,mapped,,Tim Keller,1994,The Freedom of Purity; The Sanctity of Sex (7th),Ten Commandments 1994,Proverbs,proverbs -,https://gospelinlife.com/sermon/the-freedom-of-purity-the-sanctity-of-sex-7th/
1513,mapped,,Tim Keller,1999,The New Community,The Mount; Life in the Kingdom,"Matthew 5:21-24, 45-48; 7:1-6",matthew 5-5; matthew 7-7,https://gospelinlife.com/sermon/the-new-community/
1727,mapped,,Tim Keller,2003,Upside-Down Living,The Meaning of Jesus Part 4; The Kingdom of God,Luke 16:19-31,luke 16-16,https://gospelinlife.com/sermon/upside-down-living/
2084,mapped,,Tim Keller,2009,David Fails the Lord,The Life of David 2009,2 Samuel 24:10-25,2-samuel 24-24,https://gospelinlife.com/sermon/david-fails-the-lord/
1003,mapped,,Tim Keller,1993,The Search for Transcendence,Modern Problems; Ancient Solutions,Psalm 63,psalms 63-63,https://gospelinlife.com/sermon/the-search-for-transcendence/
1376,mapped,,Tim Keller,1997,A Con Artist’s Struggle,Pointers to Christ - Directional Signs in History,Genesis 32:22-32,genesis 32-32,https://gospelinlife.com/sermon/a-con-artists-struggle/
869,mapped,,Tim Keller,1992,Our Ransom (Part 1),Salvation from the Outside In,Ephesians 1:3-14,ephesians 1-1,https://gospelinlife.com/sermon/our-ransom-part-1/
2398,mapped,,Tim Keller,2015,David’s Passion,David: The Man of Prayer,2 Samuel 6:1-23,2-samuel 6-6,https://gospelinlife.com/sermon/davids-passion/
1017,mapped,,Tim Keller,1993,Born Again,"Splendor in the Furnace; 1 Peter, Part 1",1 Peter 1:22 - 2:3,1-peter 1-2,https://gospelinlife.com/sermon/born-again-2/
923,mapped,,Tim Keller,1992,God Descending: His Incarnation,The Attributes of God,Romans 1:1-4,romans 1-1,https://gospelinlife.com/sermon/god-descending-his-incarnation/
1769,mapped,,Tim Keller,2004,Self-Deconstruction,The Gospel According to David,1 Samuel 18:1-14,1-samuel 18-18,https://gospelinlife.com/sermon/self-deconstruction/
664,mapped,,Tim Keller,1990,The Power of the Spirit,"Growth in Christ, Part 2",Romans 8:12-17,romans 8-8,https://gospelinlife.com/sermon/the-power-of-the-spirit/
1516,mapped,,Tim Keller,1999,Father’s Day Message,,Ephesians 6:4,ephesians 6-6,https://gospelinlife.com/sermon/father-s-day-message-2/
1482,excluded,not a sermon: Leader Talks,Tim Keller,1998,Meditation and Affective Prayer,Gospel Spirituality (Leader Talks),,,https://gospelinlife.com/sermon/meditation-and-affective-prayer/
2473,mapped,,Tim Keller,2016,Sent To Bear Witness,"Jesus, Mission, and Glory: New Purpose",John 12:37-50,john 12-12,https://gospelinlife.com/sermon/sent-to-bear-witness/
3682,excluded,not a sermon: Q&A,Tim Keller,2019,Satisfaction (Q&A),Questioning Christianity (2019),,,https://gospelinlife.com/sermon/satisfaction-qa/
1070,mapped,,Tim Keller,1994,The Freedom of Simplicity (8th),Ten Commandments 1994,"1 Timothy 6:6-10, 17-19",1-timothy 6-6,https://gospelinlife.com/sermon/the-freedom-of-simplicity-8th/
2392,mapped,,Tim Keller,2015,Saul’s Jealousy,David: The Man of Prayer,1 Samuel 18:1-14,1-samuel 18-18,https://gospelinlife.com/sermon/sauls-jealousy/
1260,mapped,,Tim Keller,1996,Love’s Way to Grow Up,Love: The Way to Grow Up,1 Corinthians 13:1-13,1-corinthians 13-13,https://gospelinlife.com/sermon/loves-way-to-grow-up/
1752,mapped,,Tim Keller,2003,Stay With the Ship,The Necessity of Belief,Acts 27:15-32,acts 27-27,https://gospelinlife.com/sermon/stay-with-the-ship/
813,mapped,,Tim Keller,1991,Praying for Glory,"Gospel of John, Part 1",John 14:12-15,john 14-14,https://gospelinlife.com/sermon/praying-for-glory/
1879,excluded,not a sermon: Leader Talks,Tim Keller,2006,Praying the Psalms (Part 1),Prayer (Leader Talks),,,https://gospelinlife.com/sermon/praying-the-psalms/
622,mapped,,Tim Keller,1989,Sex and the End of Loneliness (7th),Ten Commandments 1989,1 Corinthians 6:15-7:5,1-corinthians 6-7,https://gospelinlife.com/sermon/sex-the-end-of-loneliness-7th/
981,mapped,,Tim Keller,1993,Christian Optimism/Pessimism,Revelation: The Final Word,Revelation 21,revelation 21-21,https://gospelinlife.com/sermon/christian-optimism-pessimism/
1774,excluded,not a sermon: Center for Faith and Work,Tim Keller,2004,"Money: The Good, the Bad and the Ugly",Center for Faith and Work,,,https://gospelinlife.com/sermon/money-the-good-the-bad-and-the-ugly/
1311,mapped,,Tim Keller,1996,Mary’s Son,The Real Jesus Part 2: His Life,Luke 1:26-38,luke 1-1,https://gospelinlife.com/sermon/marys-son/
1578,mapped,,Tim Keller,2000,The Falling Tower,The Hard Sayings of Jesus 2000,Luke 13:1-9,luke 13-13,https://gospelinlife.com/sermon/the-falling-tower/
1640,mapped,,Tim Keller,2001,Those Who Cling…Forfeit the Grace,The Church in the City,Jonah 2:1-3:3,jonah 2-3,https://gospelinlife.com/sermon/those-who-cling-forfeit-the-grace/
715,mapped,,Tim Keller,1990,How to Change (Part 2),Lord of All,Ephesians 4:17-24,ephesians 4-4,https://gospelinlife.com/sermon/how-to-change-part-2/
1335,mapped,,Tim Keller,1997,The King Is Dying,The Real Jesus Part 3; The King,Luke 23:26-43,luke 23-23,https://gospelinlife.com/sermon/the-king-is-dying/
704,mapped,,Tim Keller,1990,Spiritual Gifts (Part 4),Spiritual Gifts,Ephesians 4:11-16,ephesians 4-4,https://gospelinlife.com/sermon/spiritual-gifts-part-4/
844,mapped,,Tim Keller,1992,Holy Father,"Gospel of John, Part 2",John 17:1-20,john 17-17,https://gospelinlife.com/sermon/holy-father-2/
1095,mapped,,Tim Keller,1994,"Abraham and the Growth of Faith: Understanding, Conviction, Commitment",The Nature of Faith,Hebrews 11:8-16,hebrews 11-11,https://gospelinlife.com/sermon/abraham-and-the-growth-of-faith-understanding-conviction-commitment/
868,mapped,,Tim Keller,1992,Love Before the World (Part 2),Salvation from the Outside In,Ephesians 1:1-5,ephesians 1-1,https://gospelinlife.com/sermon/love-before-the-world-part-2/
783,mapped,,Tim Keller,1991,How To Be Filled With the Spirit,The Holy Spirit (1991),Ephesians 5:18-21,ephesians 5-5,https://gospelinlife.com/sermon/how-to-be-filled-with-the-spirit/
767,excluded,not a sermon: Seminar,Tim Keller,1991,Anxiety,Stress Management Seminar,,,https://gospelinlife.com/sermon/anxiety/
905,mapped,,Tim Keller,1992,The High and Lofty One: His Majesty,The Attributes of God,Psalm 33:6-20,psalms 33-33,https://gospelinlife.com/sermon/the-high-and-lofty-one-his-majesty/
1723,mapped,,Tim Keller,2003,The Hour of Darkness,The Meaning of Jesus Part 3; Seeing Him,Luke 22:39-64,luke 22-22,https://gospelinlife.com/sermon/the-hour-of-darkness/
1036,mapped,,Tim Keller,1994,Cross: The Way to Freedom,The Cross and Your Life,Galatians 5:10-13; 6:14-16,galatians 5-5; galatians 6-6,https://gospelinlife.com/sermon/cross-the-way-to-freedom/
1262,mapped,,Tim Keller,1996,David and Jonathan,The Life of David,1 Samuel 17:55-58,1-samuel 17-17,https://gospelinlife.com/sermon/david-and-jonathan/
2430,mapped,,Tim Keller,2016,Home From Exile,What We Are Receiving: The Gospel Goods,Genesis 3:7-24,genesis 3-3,https://gospelinlife.com/sermon/home-from-exile/
991,unmapped,,Tim Keller,1993,Marriage – The Biblical Guidelines (Part 1),"Sex, Singleness, and Marriage",,,https://gospelinlife.com/sermon/marriage-the-biblical-guidelines/
2307,mapped,,Tim Keller,2014,Mission,Knowing Jesus,Luke 5:4-25,luke 5-5,https://gospelinlife.com/sermon/mission/
1749,mapped,,Tim Keller,2003,Many Convincing Proofs,The Necessity of Belief,Acts 1:1-11,acts 1-1,https://gospelinlife.com/sermon/many-convincing-proofs/
2534,excluded,not a sermon: Conference,Tim Keller,2017,How a Gospel Identity Grows,Gospel Identity Conference,,,https://gospelinlife.com/sermon/how-a-gospel-identity-grows-2/
1313,mapped,,Tim Keller,1996,Christmas War (Christmas),,Matthew 2:13-23,matthew 2-2,https://gospelinlife.com/sermon/christmas-war-christmas/
1771,mapped,,Tim Keller,2004,The Friends,The Gospel According to David,"1 Samuel 18:3-4, 19:4-5, 20:40-42",1-samuel 18-18,https://gospelinlife.com/sermon/the-friends/
2011,mapped,,Tim Keller,2008,You Must Be Born Again,St. John's Passion,John 19:38-42; 3:1-8,john 19-19; john 3-3,https://gospelinlife.com/sermon/you-must-be-born-again/
2400,mapped,,Tim Keller,2015,Sight for the Blind,Faith in an Age of Unbelief: Elijah and Elisha,2 Kings 6:8-23,2-kings 6-6,https://gospelinlife.com/sermon/sight-for-the-blind/
2328,mapped,,Tim Keller,2014,Our Vocation: Lay Ministry,Following Jesus,1 Peter 2:4-10,1-peter 2-2,https://gospelinlife.com/sermon/our-vocation-lay-ministry/
2229,mapped,,Tim Keller,2012,Relationships in the Kingdom,Savior and Teacher - A Study of Matthew,Matthew 5:21-24; 18:15-20,matthew 5-5; matthew 18-18,https://gospelinlife.com/sermon/relationships-in-the-kingdom/
3326,mapped,,Tim Keller,2000,The Final Temple,The Hard Sayings of Jesus 2000,John 2:15-21,john 2-2,https://gospelinlife.com/sermon/the-final-temple/
1402,mapped,,Tim Keller,1997,Listening to God (Christmas),,Luke 2:8-20,luke 2-2,https://gospelinlife.com/sermon/listening-to-god-christmas/
2239,mapped,,Tim Keller,2012,Generosity and Power,Generosity: Studies from the Gospel of Luke,Luke 19:1-9,luke 19-19,https://gospelinlife.com/sermon/generosity-and-power/
1981,mapped,,Tim Keller,2007,Abraham’s Prayer for the City,Real Spirituality - Prayer and Beyond,Genesis 18:16-33,genesis 18-18,https://gospelinlife.com/sermon/abrahams-prayer-for-the-city/
2471,mapped,,Tim Keller,2016,Sent to Show Christ’s Glory,"Jesus, Mission, and Glory: New Purpose",John 12:27-36,john 12-12,https://gospelinlife.com/sermon/sent-to-show-christs-glory/
1316,mapped,,Tim Keller,1997,The Power of Jesus,The Real Jesus Part 2: His Life,Mark 4:35-41,mark 4-4,https://gospelinlife.com/sermon/the-power-of-jesus/
1440,mapped,,Tim Keller,1998,The Joy of Jesus,The Fruit of the Spirit - The Character of Christ,John 16:19-24,john 16-16,https://gospelinlife.com/sermon/the-joy-of-jesus/
928,mapped,,Tim Keller,1992,God’s Workmanship,Salvation from the Outside In,Ephesians 2:8-10,ephesians 2-2,https://gospelinlife.com/sermon/gods-workmanship/
1792,excluded,not a sermon: Conference,Tim Keller,2004,The Lordship of Christ,The Gospel and Community Conference,,,https://gospelinlife.com/sermon/the-lordship-of-jesus-christ/
842,mapped,,Tim Keller,1992,Doctrine of Christ: The Peace It Brings,"Gospel of John, Part 2",John 16:28-33,john 16-16,https://gospelinlife.com/sermon/doctrine-of-christ-the-peace-it-brings/
1239,mapped,,Tim Keller,1996,Sin as Leprosy (Part 2),The Faces of Sin,2 Kings 5:5-17,2-kings 5-5,https://gospelinlife.com/sermon/sin-as-leprosy-part-ii/
814,mapped,,Tim Keller,1991,Work Wholeheartedly,,Ephesians 6:5-9,ephesians 6-6,https://gospelinlife.com/sermon/work-wholeheartedly/
1965,mapped,,Tim Keller,2007,The Fire of God,"Deuteronomy - Doing Justice, Preaching Grace",Deuteronomy 4:15-24; 33-36,deuteronomy 4-4; deuteronomy 33-33,https://gospelinlife.com/sermon/the-fire-of-god/
2159,mapped,,Tim Keller,2011,The Power of God,To Know the Living God; The Majesty of God,Ephesians 1:11-23,ephesians 1-1,https://gospelinlife.com/sermon/the-power-of-god/
1052,mapped,,Tim Keller,1994,The Death of Jesus Christ,"Splendor in the Furnace; 1 Peter, Part 2",1 Peter 2:23-25; 3:18,1-peter 2-2; 1-peter 3-3,https://gospelinlife.com/sermon/the-death-of-jesus-christ/
2493,mapped,,Tim Keller,2016,Born Again,"Jesus, Mission, and Glory: Advent",John 1:12-13,john 1-1,https://gospelinlife.com/sermon/born-again/
1408,mapped,,Tim Keller,1998,First Lost Son (and the Kiss of God),The Prodigal Son and the Elder Brother,Luke 15:11-24,luke 15-15,https://gospelinlife.com/sermon/first-lost-son-and-the-kiss-of-god/
1180,mapped,,Tim Keller,1995,Moses and the Grace of God,Life of Moses,"Exodus 12:12, 13",exodus 12-12,https://gospelinlife.com/sermon/moses-the-grace-of-god/
1520,mapped,,Tim Keller,1999,Ask Him!,The Lord's Prayer 1999,Luke 10:38-11:13,luke 10-11,https://gospelinlife.com/sermon/ask-him/
1457,mapped,,Tim Keller,1998,God’s Promise to Noah,Genesis 1998,Genesis 9:1-17,genesis 9-9,https://gospelinlife.com/sermon/gods-promise-to-noah/
1009,mapped,,Tim Keller,1993,The Search for Values,Modern Problems; Ancient Solutions,Psalm 19,psalms 19-19,https://gospelinlife.com/sermon/the-search-for-values/
1756,mapped,,Tim Keller,2003,Converted by the Cross,The Necessity of Belief,Acts 8:26-40,acts 8-8,https://gospelinlife.com/sermon/converted-by-the-cross/
2394,mapped,,Tim Keller,2015,David’s Friend,David: The Man of Prayer,1 Samuel 18:1-4,1-samuel 18-18,https://gospelinlife.com/sermon/davids-friend/
961,mapped,,Tim Keller,1993,On the Third Day (Easter),Lent - Nature of Sin,1 Corinthians 15:1-14,1-corinthians 15-15,https://gospelinlife.com/sermon/on-the-third-day-easter/
2312,mapped,,Tim Keller,2014,Encountering the Risen Jesus,Following Jesus,Mark 14:27-31,mark 14-14,https://gospelinlife.com/sermon/encountering-the-risen-jesus/
990,unmapped,,Tim Keller,1993,Sex – The Biblical Guidelines (Part 2),"Sex, Singleness, and Marriage",,,https://gospelinlife.com/sermon/sex-the-biblical-guidelines-cont/
1016,mapped,,Tim Keller,1993,The Problem of the City,Modern Problems; Ancient Solutions,"Genesis 11, Proverbs 11",genesis 11-11; proverbs 11-11,https://gospelinlife.com/sermon/the-problem-of-the-city/
668,mapped,,Tim Keller,1990,Christian Experience and Counterfeit,"Growth in Christ, Part 2",Matthew 13:1-9; 18-30; 36-43,matthew 13-13; matthew 18-18,https://gospelinlife.com/sermon/christian-experience-counterfeit/
956,mapped,,Tim Keller,1993,Questions of God,Lent - Nature of Sin,Genesis 3:7-24,genesis 3-3,https://gospelinlife.com/sermon/questions-of-god/
1322,mapped,,Tim Keller,1997,With a Troubled Man,The Real Jesus Part 2: His Life,Mark 5:1-20,mark 5-5,https://gospelinlife.com/sermon/with-a-troubled-man/
1448,mapped,,Tim Keller,1998,The Zeal of Jesus,The Fruit of the Spirit - The Character of Christ,Luke 4:1-15,luke 4-4,https://gospelinlife.com/sermon/the-zeal-of-jesus/
1475,excluded,not a sermon: Leader Talks,Tim Keller,1998,Meditation – How To Start,Gospel Spirituality (Leader Talks),,,https://gospelinlife.com/sermon/meditation-how-to-start/
1193,mapped,,Tim Keller,1995,A New Generation,The Book of Acts,Acts 2:40-47,acts 2-2,https://gospelinlife.com/sermon/a-new-generation/
723,mapped,,Tim Keller,1990,His Name Shall Be Called (Christmas),,Isaiah 9:1-7,isaiah 9-9,https://gospelinlife.com/sermon/his-name-shall-be-called-christmas/
1018,mapped,,Tim Keller,1993,The Problem of Materialism,Modern Problems; Ancient Solutions,Luke 11:37-42,luke 11-11,https://gospelinlife.com/sermon/the-problem-of-materialism/
1067,mapped,,Tim Keller,1994,The Freedom of Authority (5th),Ten Commandments 1994,"Proverbs 23:12-16, 22-25",proverbs 23-23,https://gospelinlife.com/sermon/the-freedom-of-authority-5th/
726,mapped,,Tim Keller,1991,The Christian Lifestyle,Christian Lifestyle,Ephesians 4:25-32,ephesians 4-4,https://gospelinlife.com/sermon/the-christian-lifestyle/
1984,mapped,,Tim Keller,2007,Moses’ Prayer for God,Real Spirituality - Prayer and Beyond,Exodus 33:12-23; 34:5-8,exodus 33-33; exodus 34-34,https://gospelinlife.com/sermon/moses-prayer-for-god/
2013,mapped,,Tim Keller,2008,I Am Sending You,St. John's Passion,John 20:19-22; Luke 24:36-49,john 20-20; luke 24-24,https://gospelinlife.com/sermon/i-am-sending-you/
629,mapped,,Tim Keller,1990,Overflowing Joy (8th),Ten Commandments 1989,2 Corinthians 8:1-15,2-corinthians 8-8,https://gospelinlife.com/sermon/overflowing-joy-8th/
2497,mapped,,Tim Keller,2016,The Power of the Incarnation,"Jesus, Mission, and Glory: Advent",John 1:19-28,john 1-1,https://gospelinlife.com/sermon/the-power-of-the-incarnation/
2155,mapped,,Tim Keller,2011,The Unchanging God,To Know the Living God; The Majesty of God,Psalm 102:1-4; 18-28,psalms 102-102; psalms 18-28,https://gospelinlife.com/sermon/the-unchanging-god/
855,mapped,,Tim Keller,1992,Love Beyond The World,"Gospel of John, Part 2",John 17:20-26,john 17-17,https://gospelinlife.com/sermon/love-beyond-the-world/
1762,mapped,,Tim Keller,2003,The Throne of David,The Gospel According to David,Isaiah 9:1-7,isaiah 9-9,https://gospelinlife.com/sermon/the-throne-of-david/
2479,mapped,,Tim Keller,2016,Sent With Grace,"Jesus, Mission, and Glory: New Purpose",John 13:6-11,john 13-13,https://gospelinlife.com/sermon/sent-with-grace/
1750,mapped,,Tim Keller,2003,To an Unknown God,The Necessity of Belief,Acts 17:16-34,acts 17-17,https://gospelinlife.com/sermon/to-an-unknown-god/
612,mapped,,Tim Keller,1989,Feeling His Pleasure (4th),Ten Commandments 1989,Ephesians 6:5-9,ephesians 6-6,https://gospelinlife.com/sermon/feeling-his-pleasure-4th/
1071,mapped,,Tim Keller,1994,The Freedom of Simplicity; Against Theft and Envy (8th),Ten Commandments 1994,"Exodus 20:15, Ephesians 4:28",exodus 20-20; ephesians 4-4,https://gospelinlife.com/sermon/the-freedom-of-simplicity-against-theft-envy-8th/
3684,excluded,not a sermon: Q&A,Tim Keller,2019,Morality (Q&A),Questioning Christianity (2019),,,https://gospelinlife.com/sermon/morality-qa/
2272,mapped,,Tim Keller,2013,God of the Nations,Open My Lips: Studies in the Psalms,Psalm 96,psalms 96-96,https://gospelinlife.com/sermon/god-of-the-nations/
601,mapped,,Tim Keller,1989,Presence of the King,The King and the Kingdom,Acts 4:23-37,acts 4-4,https://gospelinlife.com/sermon/presence-of-the-king/
1328,mapped,,Tim Keller,1997,With a Politician,The Real Jesus Part 2: His Life,Luke 23:1-25,luke 23-23,https://gospelinlife.com/sermon/with-a-politician/
654,mapped,,Tim Keller,1990,When He Comes (Palm Sunday),,Luke 12:35-46,luke 12-12,https://gospelinlife.com/sermon/when-he-comes-palm-sunday/
626,mapped,,Tim Keller,1989,Sore Afraid (Christmas Eve),,Luke 2:8-14,luke 2-2,https://gospelinlife.com/sermon/sore-afraid-christmas-eve/
1204,mapped,,Tim Keller,1995,"Jesus, Our Hero",The Book of Acts,Acts 5:29-33,acts 5-5,https://gospelinlife.com/sermon/jesus-our-hero/
969,mapped,,Tim Keller,1993,New Creation,Lent - Nature of Sin,1 Corinthians 15:20-26; 45-49,1-corinthians 15-15,https://gospelinlife.com/sermon/new-creation/
1352,mapped,,Tim Keller,1997,Peter Meets Jesus,The Real Jesus Part 4; The Lord,John 21:1-17,john 21-21,https://gospelinlife.com/sermon/peter-meets-jesus/
1105,mapped,,Tim Keller,1994,The Object of Faith,The Nature of Faith,Hebrews 11:27-29,hebrews 11-11,https://gospelinlife.com/sermon/the-object-of-faith/
1201,mapped,,Tim Keller,1995,Shaken,The Book of Acts,Acts 4:23-35,acts 4-4,https://gospelinlife.com/sermon/shaken/
853,mapped,,Tim Keller,1992,Healing Truth,"Gospel of John, Part 2",John 17:6-19,john 17-17,https://gospelinlife.com/sermon/healing-truth/
886,mapped,,Tim Keller,1992,God’s Plan (Part 1),Salvation from the Outside In,Ephesians 1:9-12,ephesians 1-1,https://gospelinlife.com/sermon/gods-plan-part-1/
1192,mapped,,Tim Keller,1995,The Bridegroom,Matthew 9,Matthew 9:9-17,matthew 9-9,https://gospelinlife.com/sermon/the-bridegroom/
634,mapped,,Tim Keller,1990,Integrity (9th),Ten Commandments 1989,"Psalm 15, 16",psalms 15-15,https://gospelinlife.com/sermon/integrity-9th/
2277,mapped,,Tim Keller,2013,Why a Public Faith?,A Public Faith,John 4:27-42,john 4-4,https://gospelinlife.com/sermon/why-a-public-faith/
3323,mapped,,Tim Keller,1996,The Birth of Jesus,The Real Jesus Part 2: His Life,Matthew 1:17-25,matthew 1-1,https://gospelinlife.com/sermon/the-birth-of-jesus/
721,mapped,,Tim Keller,1990,Light has Dawned (Christmas),,Isaiah 9:1-8,isaiah 9-9,https://gospelinlife.com/sermon/light-has-dawned-christmas/
1656,mapped,,Tim Keller,2001,Uriah’s Wife,The Mothers of Jesus,"Matthew 1:1-6, 12-17",matthew 1-1,https://gospelinlife.com/sermon/uriahs-wife/
1851,excluded,not a sermon: Leader Talks,Tim Keller,2005,Kingdom-Centered Prayer (Part 1),Prayer (Leader Talks),,,https://gospelinlife.com/sermon/kingdom-centered-prayer/
1862,mapped,,Tim Keller,2005,Culture,The Vision of Redeemer,"Isaiah 60:4-11, 17-21",isaiah 60-60,https://gospelinlife.com/sermon/culture/
1767,mapped,,Tim Keller,2004,The Lord’s Anointed,The Gospel According to David,1 Samuel 16:1-13,1-samuel 16-16,https://gospelinlife.com/sermon/the-lords-anointed/
1969,mapped,,Tim Keller,2007,"Grace – Therefore, Holy","Deuteronomy - Doing Justice, Preaching Grace",Deuteronomy 7:6-11,deuteronomy 7-7,https://gospelinlife.com/sermon/grace-therefore-holy/
1076,mapped,,Tim Keller,1994,The Parable of the Farmer: On Servanthood,The Parables of Jesus 1994,Luke 17:1-13,luke 17-17,https://gospelinlife.com/sermon/the-parable-of-the-farmer-on-servanthood/
920,mapped,,Tim Keller,1992,The Righteousness of God,The Attributes of God,Psalm 19:1-14,psalms 19-19,https://gospelinlife.com/sermon/the-righteousness-of-god/
1051,mapped,,Tim Keller,1994,The Cross and the Temple (Palm Sunday),The Cross and Your Life,Luke 19:45- 20:2,luke 19-20,https://gospelinlife.com/sermon/the-cross-and-the-temple-palm-sunday/
2293,excluded,not a sermon: Questioning Christianity,Tim Keller,2014,A Meaning That Suffering Can’t Take Away,Questioning Christianity (2014),,,https://gospelinlife.com/sermon/a-meaning-that-suffering-can-t-take-away-2/
3685,excluded,not a sermon: Q&A,Tim Keller,2019,Justice (Q&A),Questioning Christianity (2019),,,https://gospelinlife.com/sermon/justice-qa/
1020,mapped,,Tim Keller,1993,The Problem of Injustice (Part 1),Modern Problems; Ancient Solutions,Psalm 73,psalms 73-73,https://gospelinlife.com/sermon/the-problem-of-injustice/
1022,mapped,,Tim Keller,1993,The Problem of Injustice (Part 2),Modern Problems; Ancient Solutions,Psalm 73,psalms 73-73,https://gospelinlife.com/sermon/the-problem-of-injustice-2/
1421,mapped,,Tim Keller,1998,Love for the City,The Church - How to Believe Despite Christians,Acts 11:19-30,acts 11-11,https://gospelinlife.com/sermon/love-for-the-city/
1907,excluded,not a sermon: InterArts,Tim Keller,2006,Christianity and the Creative Age,Redeemer InterArts Fellowship,,,https://gospelinlife.com/sermon/christianity-and-the-creative-age/
1332,mapped,,Tim Keller,1997,The King Is Abandoned,The Real Jesus Part 3; The King,Luke 22:31-53,luke 22-22,https://gospelinlife.com/sermon/the-king-is-abandoned/
1741,excluded,not a sermon: Conference,Tim Keller,2003,Introduction: The Two Prodigals,The Gospel and the Heart Conference,Luke 15:11-32,luke 15-15,https://gospelinlife.com/sermon/introduction-the-two-prodigals/
1247,mapped,,Tim Keller,1996,Easter Sermon,,Matthew 28,matthew 28-28,https://gospelinlife.com/sermon/easter-sermon/
3318,mapped,,Tim Keller,1993,Forgiveness,Lent - Nature of Sin,1 Corinthians 15:12-19; 54-57,1-corinthians 15-15,https://gospelinlife.com/sermon/forgiveness-2/
873,mapped,,Tim Keller,1992,Our Ransom: Redeemed by Blood (Part 3),Salvation from the Outside In,Ephesians 1:3-8,ephesians 1-1,https://gospelinlife.com/sermon/our-ransom-3-redeemed-by-blood/
2547,excluded,speaker: Rebecca McLaughlin,Rebecca McLaughlin,2019,Four Things Christians Must Reclaim (with Q&A),Missional Living,,,https://gospelinlife.com/sermon/four-things-christians-must-reclaim-with-qa-2/
1045,mapped,,Tim Keller,1994,Cross: The Way to Become Yourself,The Cross and Your Life,Romans 8:1-17,romans 8-8,https://gospelinlife.com/sermon/cross-the-way-to-become-yourself/
902,mapped,,Tim Keller,1992,"Hope, Riches and Power (Part 2)",Salvation from the Outside In,Ephesians 1:15-23,ephesians 1-1,https://gospelinlife.com/sermon/hope-riches-and-power-part-2/
1326,mapped,,Tim Keller,1997,With a Religious Crowd,The Real Jesus Part 2: His Life,Mark 7:1-23,mark 7-7,https://gospelinlife.com/sermon/with-a-religious-crowd/
870,mapped,,Tim Keller,1992,Resurrection Gifts,"Gospel of John, Part 2",John 20:8-23,john 20-20,https://gospelinlife.com/sermon/resurrection-gifts/
1028,mapped,,Tim Keller,1993,Jesus Our Gift,Understanding Jesus,Romans 8:32,romans 8-8,https://gospelinlife.com/sermon/jesus-our-gift/
1183,mapped,,Tim Keller,1995,Moses and the Glory of God,Life of Moses,Exodus 33:15-23,exodus 33-33,https://gospelinlife.com/sermon/moses-the-glory-of-god/
1538,mapped,,Tim Keller,1999,Accepting the Creator,The Apostles' Creed; Getting a Vocabulary for Faith,John 1:1-11,john 1-1,https://gospelinlife.com/sermon/accepting-the-creator/
2112,mapped,,Tim Keller,2010,An Everlasting Name,The Songs of the Servant (from Isaiah),Isaiah 56:1-8,isaiah 56-56,https://gospelinlife.com/sermon/an-everlasting-name/
2016,mapped,,Tim Keller,2008,Singing,Practicing The Christian Life,Ephesians 5:18-21,ephesians 5-5,https://gospelinlife.com/sermon/singing/
2285,mapped,,Tim Keller,2013,Finding Jesus,A Public Faith,John 5:31-47,john 5-5,https://gospelinlife.com/sermon/finding-jesus/
985,mapped,,Tim Keller,1993,Paul’s Prayer (Part 1),Salvation from the Outside In,Ephesians 3:14-21,ephesians 3-3,https://gospelinlife.com/sermon/pauls-prayer-part-1/
1416,mapped,,Tim Keller,1998,Power to Serve,The Church - How to Believe Despite Christians,Luke 10:16-20,luke 10-10,https://gospelinlife.com/sermon/power-to-serve/
741,mapped,,Tim Keller,1991,Working and Giving (Part 1),Christian Lifestyle,Ephesians 4:25-32,ephesians 4-4,https://gospelinlife.com/sermon/working-and-giving-part-1/
900,mapped,,Tim Keller,1992,"Hope, Riches and Power (Part 1)",Salvation from the Outside In,Ephesians 1:15-23,ephesians 1-1,https://gospelinlife.com/sermon/hope-riches-and-power-part-1/
927,mapped,,Tim Keller,1992,Christmas Wisdom,Advent 1992,Luke 2:8-14,luke 2-2,https://gospelinlife.com/sermon/christmas-wisdom/
1390,mapped,,Tim Keller,1997,A Rich Man’s Poverty,Pointers to Christ - Directional Signs in History,Job 1:8-22,job 1-1,https://gospelinlife.com/sermon/a-rich-mans-poverty/
846,mapped,,Tim Keller,1992,Holy People,"Gospel of John, Part 2",John 17:6-19,john 17-17,https://gospelinlife.com/sermon/holy-people/
958,mapped,,Tim Keller,1993,New Beginning (Palm Sunday),Lent - Nature of Sin,1 Corinthians 15:1-11,1-corinthians 15-15,https://gospelinlife.com/sermon/new-beginning-palm-sunday/
1068,mapped,,Tim Keller,1994,The Freedom of Love – Sanctity of Human Life (6th),Ten Commandments 1994,Genesis 9:1-12,genesis 9-9,https://gospelinlife.com/sermon/the-freedom-of-love-sanctity-of-human-life-6th/
1550,mapped,,Tim Keller,2000,The Amazing End of History,The Apostles' Creed; Getting a Vocabulary for Faith,Revelation 21:1-6; 22:1-5,revelation 21-21; revelation 22-22,https://gospelinlife.com/sermon/the-amazing-end-of-history/
1765,excluded,not a sermon: Conference,Tim Keller,2004,Belonging to a Missional Church,The Gospel and the World Conference,,,https://gospelinlife.com/sermon/belonging-to-a-missional-church/
2483,mapped,,Tim Keller,2016,The Disciple and the Bible,"Jesus, Mission, and Glory: New Identity",John 13:18-24,john 13-13,https://gospelinlife.com/sermon/the-disciple-and-the-bible/
2174,mapped,,Tim Keller,2011,God Only Wise,To Know the Living God; The Adequacy of God,Job 28:9-15; 20-28,job 28-28; job 20-28,https://gospelinlife.com/sermon/god-only-wise/
618,mapped,,Tim Keller,1989,Orphans or Children (5th),Ten Commandments 1989,Ephesians 6:1-4,ephesians 6-6,https://gospelinlife.com/sermon/orphans-or-children-5th/
1778,mapped,,Tim Keller,2004,The Hands of the Lord,The Gospel According to David,2 Samuel 24:10-19,2-samuel 24-24,https://gospelinlife.com/sermon/the-hands-of-the-lord/
1294,mapped,,Tim Keller,1996,The Grace of the Law,The Real Jesus Part 1; His Teaching,"Matthew 5:1-10, 17-20",matthew 5-5,https://gospelinlife.com/sermon/the-grace-of-the-law/
1032,mapped,,Tim Keller,1994,Jesus as Prophet (Part 1),Understanding Jesus,Acts 3:17-26,acts 3-3,https://gospelinlife.com/sermon/jesus-as-prophet-part-1/
962,mapped,,Tim Keller,1993,By the Grace,Lent - Nature of Sin,1 Corinthians 15:8-11,1-corinthians 15-15,https://gospelinlife.com/sermon/by-the-grace/
1497,mapped,,Tim Keller,1999,How Sin Makes Us Convicts,What's Really Wrong with the World,"Isaiah 64:1-9, 65:17-18",isaiah 64-64,https://gospelinlife.com/sermon/how-sin-makes-us-convicts/
1296,mapped,,Tim Keller,1996,The Law of Grace,The Real Jesus Part 1; His Teaching,"Matthew 5:1-10, 17-20",matthew 5-5,https://gospelinlife.com/sermon/the-law-of-grace/
1267,mapped,,Tim Keller,1996,The Mighty Men,The Life of David,2 Samuel 23:13-17,2-samuel 23-23,https://gospelinlife.com/sermon/the-mighty-men/
1858,mapped,,Tim Keller,2005,Community (2005),The Vision of Redeemer,Isaiah 56:1-8,isaiah 56-56,https://gospelinlife.com/sermon/community/
3342,mapped,,Tim Keller,2010,Integrity,The Real Signs of the Spirit,Ephesians 4:15-16; 25-30,ephesians 4-4,https://gospelinlife.com/sermon/integrity-4/
872,mapped,,Tim Keller,1992,Our Ransom (Part 2),Salvation from the Outside In,Ephesians 1:6-8,ephesians 1-1,https://gospelinlife.com/sermon/our-ransom-part-2/
1530,mapped,,Tim Keller,1999,The Dead Are Raised,Receiving the Spirit (with Elisha),2 Kings 4:27-37,2-kings 4-4,https://gospelinlife.com/sermon/the-dead-are-raised/
1265,mapped,,Tim Keller,1996,Spiritual Self Destruction,The Life of David,1 Samuel 18:7-16; 19:8-24,1-samuel 18-18; 1-samuel 19-19,https://gospelinlife.com/sermon/spiritual-self-destruction/
1412,mapped,,Tim Keller,1998,A New Generation,The Church - How to Believe Despite Christians,Acts 2:40-47,acts 2-2,https://gospelinlife.com/sermon/a-new-generation-2/
719,mapped,,Tim Keller,1990,Putting on the New Self,Lord of All,Ephesians 4:17-24,ephesians 4-4,https://gospelinlife.com/sermon/putting-on-the-new-self/
2114,mapped,,Tim Keller,2010,Good News to the Poor,The Songs of the Servant (from Isaiah),Isaiah 58:6-10,isaiah 58-58,https://gospelinlife.com/sermon/good-news-to-the-poor/
825,mapped,,Tim Keller,1991,His Name,Advent: God with Us,Matthew 1:18-25,matthew 1-1,https://gospelinlife.com/sermon/his-name/
2273,mapped,,Tim Keller,2013,God at Work,Open My Lips: Studies in the Psalms,Psalm 111,psalms 111-111,https://gospelinlife.com/sermon/god-at-work/
1703,mapped,,Tim Keller,2002,The First Temptation of Christ,The Meaning of Jesus Part 1; Understanding Him,Luke 2:34-35; 4:1-13,luke 2-2; luke 4-4,https://gospelinlife.com/sermon/the-first-temptation-of-christ/
619,mapped,,Tim Keller,1989,Secret Treason,Ten Commandments 1989,Romans 1:18–24,romans 1-1,https://gospelinlife.com/sermon/secret-treason/
1604,excluded,not a sermon: Leader Talks,Tim Keller,2001,Evil and Suffering,Defeaters (Leader Talks),,,https://gospelinlife.com/sermon/defeaters-1-evil-and-suffering/
1072,mapped,,Tim Keller,1994,The Freedom of Truth – 2 (9th),Ten Commandments 1994,James 3:1-12,james 3-3,https://gospelinlife.com/sermon/the-freedom-of-truth-2-9th/
1751,mapped,,Tim Keller,2003,No Other Name,The Necessity of Belief,"Acts 4:8-14, 31-37",acts 4-4,https://gospelinlife.com/sermon/no-other-name/
1544,mapped,,Tim Keller,2000,The Whirlwind of Jesus,The Apostles' Creed; Getting a Vocabulary for Faith,John 20:16-23,john 20-20,https://gospelinlife.com/sermon/the-whirlwind-of-jesus/
1378,mapped,,Tim Keller,1997,A Prime Minister’s Forgiveness,Pointers to Christ - Directional Signs in History,Genesis 50:15-21,genesis 50-50,https://gospelinlife.com/sermon/a-prime-ministers-forgiveness/
983,mapped,,Tim Keller,1993,Paul’s Detour,Salvation from the Outside In,Ephesians 3:1-12,ephesians 3-3,https://gospelinlife.com/sermon/pauls-detour/
1644,mapped,,Tim Keller,2001,Two Men With Money,,2 Kings 5:13-19; Luke 19:5-10,2-kings 5-5; luke 19-19,https://gospelinlife.com/sermon/two-men-with-money/
1111,mapped,,Tim Keller,1994,God With Us: Through His Presence,The Nature of Faith,Hebrews 2:14-18,hebrews 2-2,https://gospelinlife.com/sermon/god-with-us-through-his-presence/
1986,excluded,not a sermon: Center for Faith and Work,Tim Keller,2007,Re-Imagine Law,Center for Faith and Work,,,https://gospelinlife.com/sermon/re-imagine-law/
1461,excluded,not a sermon: Leader Talks,Tim Keller,1998,Meditation – An Introduction,Gospel Spirituality (Leader Talks),,,https://gospelinlife.com/sermon/introduction/
2426,mapped,,Tim Keller,2015,The Grace of Generosity,What We Are Giving: The Dynamic of Grace,Luke 18:18-30,luke 18-18,https://gospelinlife.com/sermon/the-grace-of-generosity/
1529,mapped,,Tim Keller,1999,The Lepers Are Cleansed,Receiving the Spirit (with Elisha),2 Kings 5:1-19,2-kings 5-5,https://gospelinlife.com/sermon/the-lepers-are-cleansed/
1518,mapped,,Tim Keller,1999,I Sing in the Shadow of Your Wings,The Lord's Prayer 1999,Psalm 63:1-11,psalms 63-63,https://gospelinlife.com/sermon/i-sing-in-the-shadow-of-your-wings/
1285,mapped,,Tim Keller,1996,The Greatness of Jesus,The Real Jesus Part 1; His Teaching,Matthew 11:18-27,matthew 11-11,https://gospelinlife.com/sermon/the-greatness-of-jesus/
877,mapped,,Tim Keller,1992,"Camels, Needles and Riches",Hard Sayings of Jesus 1993,Mark 10:23,mark 10-10,https://gospelinlife.com/sermon/camels-needles-and-riches/
693,mapped,,Tim Keller,1990,Lord of All,Lord of All,Ephesians 3:20-4:1,ephesians 3-4,https://gospelinlife.com/sermon/lord-of-all-2/
988,mapped,,Tim Keller,1993,Paul’s Prayer (Part 2),Salvation from the Outside In,Ephesians 3:14-21,ephesians 3-3,https://gospelinlife.com/sermon/pauls-prayer-part-2/
1459,mapped,,Tim Keller,1998,Spiritual Warfare,Ephesians - God's New Society,Ephesians 6:10-13,ephesians 6-6,https://gospelinlife.com/sermon/spiritual-warfare-3/
1521,mapped,,Tim Keller,1999,The Lord Praying for Glory,The Lord's Prayer 1999,"John 17:1-5, 24",john 17-17,https://gospelinlife.com/sermon/the-lord-praying-for-glory/
1564,mapped,,Tim Keller,2000,The World’s Sword,St. Matthew's Passion; The World's Last Night,Matthew 26:47-60,matthew 26-26,https://gospelinlife.com/sermon/the-worlds-sword/
1101,excluded,not a sermon: Open Forum,Tim Keller,1994,Secret of Our Discontent (Open Forum),Redeemer Open Forums,,,https://gospelinlife.com/sermon/secret-of-our-discontent-an-open-forum/
1341,mapped,,Tim Keller,1997,Mary Meets Jesus,The Real Jesus Part 4; The Lord,John 20:10-18,john 20-20,https://gospelinlife.com/sermon/mary-meets-jesus/
2102,mapped,,Tim Keller,2009,You Shall See Heaven Open,Christmas 2009,John 1:43-51,john 1-1,https://gospelinlife.com/sermon/you-shall-see-heaven-open/
731,mapped,,Tim Keller,1991,"Be Angry, Sin Not",Christian Lifestyle,Ephesians 4:25-32,ephesians 4-4,https://gospelinlife.com/sermon/be-angry-sin-not/
2081,mapped,,Tim Keller,2009,God Promises to Send David to His People,The Life of David 2009,"1 Samuel 1:4-11, 2:6-10",1-samuel 1-1,https://gospelinlife.com/sermon/god-promises-to-send-david-to-his-people/
1772,mapped,,Tim Keller,2004,The Warriors,The Gospel According to David,2 Samuel 23:13-17,2-samuel 23-23,https://gospelinlife.com/sermon/the-warriors/
3628,excluded,not a sermon: Q&A,Tim Keller,2017,Modern Identities (Q&A),Gospel Identity Conference,,,https://gospelinlife.com/sermon/modern-identities-qa/
1496,mapped,,Tim Keller,1999,Indestructible Truth,What's Really Wrong with the World,Isaiah 52:13-53:12,isaiah 52-53,https://gospelinlife.com/sermon/indestructible-truth/
2548,unmapped,,Tim Keller,2019,How Do We Share Our Faith Now? Practices,Missional Living,,,https://gospelinlife.com/sermon/how-do-we-share-our-faith-now-practices-2/
1404,mapped,,Tim Keller,1997,The Courage of Christmas,,Matthew 1:18-24,matthew 1-1,https://gospelinlife.com/sermon/the-courage-of-christmas/
1528,mapped,,Tim Keller,1999,The Blind See,Receiving the Spirit (with Elisha),2 Kings 6:8-23,2-kings 6-6,https://gospelinlife.com/sermon/the-blind-see/
913,mapped,,Tim Keller,1992,The Face of God: His Immanence,The Attributes of God,Psalm 27:1-14,psalms 27-27,https://gospelinlife.com/sermon/the-face-of-god-his-immanence/
904,mapped,,Tim Keller,1992,Incomparable Power,Salvation from the Outside In,Ephesians 1:19-23,ephesians 1-1,https://gospelinlife.com/sermon/incomparable-power/
862,mapped,,Tim Keller,1992,If Christ Was Not Raised (Easter),,1 Corinthians 15:17-19,1-corinthians 15-15,https://gospelinlife.com/sermon/if-christ-was-not-raised-easter-sunday/
893,mapped,,Tim Keller,1992,Receiving the Fullness (Part 1),Salvation from the Outside In,Ephesians 1:11-23,ephesians 1-1,https://gospelinlife.com/sermon/receiving-the-fullness-part-1/
1791,mapped,,Tim Keller,2004,Christian Hope and Money,Living in Hope,"2 Corinthians 8:8-15, 9:6-12",2-corinthians 8-8,https://gospelinlife.com/sermon/christian-hope-and-money/
918,mapped,,Tim Keller,1992,Grace and Money,The Attributes of God,Acts 4:32-37,acts 4-4,https://gospelinlife.com/sermon/grace-and-money/
602,mapped,,Tim Keller,1989,Signs of the King,The King and the Kingdom,Acts 2:37-47,acts 2-2,https://gospelinlife.com/sermon/signs-of-the-king/
910,mapped,,Tim Keller,1992,Alive With Christ (Part 1),Salvation from the Outside In,Ephesians 2:1-5,ephesians 2-2,https://gospelinlife.com/sermon/alive-with-christ-part-1/
908,mapped,,Tim Keller,1992,Dead in Sin,Salvation from the Outside In,Ephesians 2:1-3,ephesians 2-2,https://gospelinlife.com/sermon/dead-in-sin/
924,mapped,,Tim Keller,1992,The Work of God,Salvation from the Outside In,Ephesians 2:4-10,ephesians 2-2,https://gospelinlife.com/sermon/the-work-of-god/
1422,excluded,not a sermon: Hope for New York,Tim Keller,1998,Love for the City,Hope for New York,Acts 11:19-30,acts 11-11,https://gospelinlife.com/sermon/love-for-the-city-2/
884,mapped,,Tim Keller,1992,Adoption (Part 2),Salvation from the Outside In,Ephesians 1:4-8,ephesians 1-1,https://gospelinlife.com/sermon/adoption-part-2/
3629,excluded,not a sermon: Q&A,Tim Keller,2017,Gospel Identity (Q&A),Gospel Identity Conference,,,https://gospelinlife.com/sermon/gospel-identity-qa/
1053,mapped,,Tim Keller,1994,Believing in the Risen Christ (Easter),"Splendor in the Furnace; 1 Peter, Part 2",John 20:10-29,john 20-20,https://gospelinlife.com/sermon/believing-in-the-risen-christ-easter/
1153,mapped,,Tim Keller,1995,Easter,,Acts 17:16-18,acts 17-17,https://gospelinlife.com/sermon/easter/
1893,excluded,not a sermon: Open Forum,Tim Keller,2006,Work and Grace: The Spiritual Music of John Coltrane (Open Forum),Redeemer Open Forums,,,https://gospelinlife.com/sermon/work-and-grace-the-spiritual-music-of-john-coltrane-an-open-forum/
1990,mapped,,Tim Keller,2007,David’s Prayer at Death,Real Spirituality - Prayer and Beyond,1 Chronicles 29:6-20,1-chronicles 29-29,https://gospelinlife.com/sermon/davids-prayer-at-death/
2187,excluded,not a sermon: Leader Talk,Tim Keller,2011,What is a Missional Church?,What is a Missional Church? (Leader Talk),,,https://gospelinlife.com/sermon/what-is-a-missional-church/
1540,mapped,,Tim Keller,1999,The Story Beneath the Story,The Apostles' Creed; Getting a Vocabulary for Faith,"John 1:9-18, 32-34",john 1-1,https://gospelinlife.com/sermon/the-story-beneath-the-story/
964,mapped,,Tim Keller,1993,Danger Every Hour,Lent - Nature of Sin,1 Corinthians 15:12-20; 30-32,1-corinthians 15-15,https://gospelinlife.com/sermon/danger-every-hour/
1797,mapped,,Tim Keller,2004,The Doctrine of Human Nature,Who's Afraid of Doctrine?,Psalm 8:1-9; 14:1-7,psalms 8-8; psalms 14-14,https://gospelinlife.com/sermon/the-doctrine-of-human-nature/
938,mapped,,Tim Keller,1993,He Is Our Peace (Part 1),Salvation from the Outside In,Ephesians 2:11-16,ephesians 2-2,https://gospelinlife.com/sermon/he-is-our-peace-part-1/
932,mapped,,Tim Keller,1993,The Violent Bear It Away,Hard Sayings of Jesus 1993,Matthew 11:7-15,matthew 11-11,https://gospelinlife.com/sermon/the-violent-bear-it-away/
1720,excluded,not a sermon: InterArts,Tim Keller,2003,Writing from a Christian Worldview,Redeemer InterArts Fellowship,,,https://gospelinlife.com/sermon/writing-from-a-christian-worldview-how-jesus-resolves-the-plot-lines/
1272,mapped,,Tim Keller,1996,The Lord’s Beloved,The Life of David,2 Samuel 12:13-25,2-samuel 12-12,https://gospelinlife.com/sermon/the-lords-beloved/
2537,excluded,not a sermon: Conference,Tim Keller,2018,Economic Justice: A God Who Identifies With the Poor,Formed for Justice Conference,,,https://gospelinlife.com/sermon/economic-justice-a-god-who-identifies-with-the-poor-2/
781,mapped,,Tim Keller,1991,Be Filled with the Spirit (Part 2),The Holy Spirit (1991),Ephesians 5:15-20,ephesians 5-5,https://gospelinlife.com/sermon/be-filled-with-the-spirit-part-2/
878,mapped,,Tim Keller,1992,Before Him,Salvation from the Outside In,Ephesians 1:4-8,ephesians 1-1,https://gospelinlife.com/sermon/before-him/
766,excluded,not a sermon: Seminar,Tim Keller,1991,Anxiety,Stress Management Seminar,,,https://gospelinlife.com/sermon/anxiety-3/
772,mapped,,Tim Keller,1991,Walking in Wisdom (Part 1),Christian Lifestyle,Ephesians 5:15-18,ephesians 5-5,https://gospelinlife.com/sermon/walking-in-wisdom-part-1/
941,mapped,,Tim Keller,1993,Let Your Yes Be Yes,Hard Sayings of Jesus 1993,Matthew 5:33-37,matthew 5-5,https://gospelinlife.com/sermon/let-your-yes-be-yes/
633,mapped,,Tim Keller,1990,Rich in Faith (8th),Ten Commandments 1989,James 2:1-17,james 2-2,https://gospelinlife.com/sermon/rich-in-faith-8th/
1207,mapped,,Tim Keller,1995,Joy in the City,The Book of Acts,Acts 8:4-8,acts 8-8,https://gospelinlife.com/sermon/joy-in-the-city/
603,mapped,,Tim Keller,1989,Peace of the King,The King and the Kingdom,Ephesians 2:13-22,ephesians 2-2,https://gospelinlife.com/sermon/peace-of-the-king/
717,mapped,,Tim Keller,1990,How to Change (Part 3),Lord of All,Ephesians 4:17-24,ephesians 4-4,https://gospelinlife.com/sermon/how-to-change-part-3/
1766,excluded,not a sermon: Conference,Tim Keller,2004,The Mission of God and Your Work,The Gospel and the World Conference,,,https://gospelinlife.com/sermon/the-mission-of-god-and-your-work/
2438,mapped,,Tim Keller,2016,The Sin-Bearer,What We Are Receiving: The Gospel Goods,Isaiah 52:13-53:12,isaiah 52-53,https://gospelinlife.com/sermon/the-sin-bearer/
1522,mapped,,Tim Keller,1999,The Lord Praying for Holiness,The Lord's Prayer 1999,John 17:6-19,john 17-17,https://gospelinlife.com/sermon/the-lord-praying-for-holiness/
1608,mapped,,Tim Keller,2001,You Will Disown Me,"The ""Amens"" of Jesus: The Challenge of the Cross",Mark 14:22-31,mark 14-14,https://gospelinlife.com/sermon/you-will-disown-me/
620,mapped,,Tim Keller,1989,Aggressive Compassion (6th),Ten Commandments 1989,Genesis 9:1-7,genesis 9-9,https://gospelinlife.com/sermon/aggressive-compassion-6th/
925,mapped,,Tim Keller,1992,Faith and Grace,Salvation from the Outside In,Ephesians 2:4-10,ephesians 2-2,https://gospelinlife.com/sermon/faith-and-grace/
911,excluded,not a sermon: Seminar,Tim Keller,1992,Self Esteem – The Biblical Guidelines,Self Esteem Seminar,,,https://gospelinlife.com/sermon/self-esteem-the-biblical-guidelines/
624,mapped,,Tim Keller,1989,Fullness of His Grace (Advent),,John 1:14-18,john 1-1,https://gospelinlife.com/sermon/fullness-of-his-grace-advent/
1287,mapped,,Tim Keller,1996,The Grace of Jesus,The Real Jesus Part 1; His Teaching,Matthew 11:25-27,matthew 11-11,https://gospelinlife.com/sermon/the-grace-of-jesus/
1064,mapped,,Tim Keller,1994,The Freedom of Truth – 2 (2nd),Ten Commandments 1994,Psalm 95,psalms 95-95,https://gospelinlife.com/sermon/the-freedom-of-truth-2-2nd/
1035,mapped,,Tim Keller,1994,Jesus as King: God’s Ultimate Plan,Understanding Jesus,Ephesians 1:9-12,ephesians 1-1,https://gospelinlife.com/sermon/jesus-as-king-gods-ultimate-plan/
2142,mapped,,Tim Keller,2010,A Vision for Culture-Making,The Gospel and the World,Genesis 1:26-28; 2:2-17,genesis 1-1; genesis 2-2,https://gospelinlife.com/sermon/a-vision-for-culture-making/
1973,excluded,not a sermon: Tolkien,Tim Keller,2007,"Tolkien, Tea and Tim (Part 1)","Tolkien, Tea, and Tim",,,https://gospelinlife.com/sermon/tolkien-tea-and-tim-part-1/
730,mapped,,Tim Keller,1991,Put Off Falsehood,Christian Lifestyle,Ephesians 4:25-32,ephesians 4-4,https://gospelinlife.com/sermon/put-off-falsehood/
1442,mapped,,Tim Keller,1998,The Fidelity of Jesus,The Fruit of the Spirit - The Character of Christ,Mark 14:32-42,mark 14-14,https://gospelinlife.com/sermon/the-fidelity-of-jesus/
2237,excluded,speaker: Abraham Cho,Abraham Cho,2012,Generosity and Wealth (Part 1),Generosity: Studies from the Gospel of Luke,Luke 18:18-30,luke 18-18,https://gospelinlife.com/sermon/generosity-and-wealth-part-1/
1347,mapped,,Tim Keller,1997,The Disciples Meet Jesus,The Real Jesus Part 4; The Lord,Luke 24:36-49,luke 24-24,https://gospelinlife.com/sermon/the-disciples-meet-jesus/
2236,mapped,,Tim Keller,2012,Generosity and Ministry,Generosity: Studies from the Gospel of Luke,Luke 9:49 -10:2,luke 9-10,https://gospelinlife.com/sermon/generosity-and-ministry/
1033,mapped,,Tim Keller,1994,Jesus as Prophet (Part 2),Understanding Jesus,Luke 24:44-53,luke 24-24,https://gospelinlife.com/sermon/jesus-as-prophet-part-2/
2298,excluded,not a sermon: Questioning Christianity,Tim Keller,2014,An Identity That Doesn’t Crush You or Others,Questioning Christianity (2014),,,https://gospelinlife.com/sermon/an-identity-that-doesn-t-crush-you-or-others-2/
2282,mapped,,Tim Keller,2013,Finding God,A Public Faith,Exodus 3:1-14,exodus 3-3,https://gospelinlife.com/sermon/finding-god-2/
1576,mapped,,Tim Keller,2000,God’s Indelible Pen,The Hard Sayings of Jesus 2000,Matthew 5:18,matthew 5-5,https://gospelinlife.com/sermon/gods-indelible-pen/
785,mapped,,Tim Keller,1991,The Marks of the Spirit,The Holy Spirit (1991),Ephesians 5:18-21,ephesians 5-5,https://gospelinlife.com/sermon/the-marks-of-the-spirit/
1318,mapped,,Tim Keller,1997,With the Powerful,The Real Jesus Part 2: His Life,Luke 19:1-10,luke 19-19,https://gospelinlife.com/sermon/with-the-powerful/
1254,mapped,,Tim Keller,1996,Joyful Fear,,"Proverbs 23:17,18",proverbs 23-23,https://gospelinlife.com/sermon/joyful-fear/
1873,excluded,not a sermon: Open Forum,Tim Keller,2005,Does Religion Lead to Peace on Earth? (Open Forum),Redeemer Open Forums,,,https://gospelinlife.com/sermon/does-religion-lead-to-peace-on-earth-an-open-forum/
755,mapped,,Tim Keller,1991,Dear Children,Christian Lifestyle,"Ephesians 5:1, 2",ephesians 5-5,https://gospelinlife.com/sermon/dear-children/
1616,mapped,,Tim Keller,2001,I Will Raise It Up (Easter),"The ""Amens"" of Jesus: The Challenge of the Cross",Mark 11:1-11; John 2:19-21,mark 11-11; john 2-2,https://gospelinlife.com/sermon/i-will-raise-it-up-easter/
778,mapped,,Tim Keller,1991,Walking in Wisdom (Part 2),Christian Lifestyle,Ephesians 5:11-17,ephesians 5-5,https://gospelinlife.com/sermon/walking-in-wisdom-part-2/
883,unmapped,,Tim Keller,1992,Three Models of Masculinity,,,,https://gospelinlife.com/sermon/three-models-of-masculinity/
675,mapped,,Tim Keller,1990,Revival on Broadway,Revival,Acts 4:23-35,acts 4-4,https://gospelinlife.com/sermon/revival-on-broadway/
1605,mapped,,Tim Keller,2001,Born of the Gospel,The Radical Imperative; A New Birth,1 Peter 1:10-25,1-peter 1-1,https://gospelinlife.com/sermon/born-of-the-gospel/
2209,excluded,not a sermon: Conference,Tim Keller,2012,Marriage and Our Culture and the Biblical Contours of Marriage,"Marriage, Sex and Singleness Conference with Tim and Kathy Keller",,,https://gospelinlife.com/sermon/marriage-and-our-culture-the-biblical-contours-of-marriage/
1501,excluded,not a sermon: Hope for New York,Tim Keller,1999,The Upside Down Kingdom,Hope for New York,Luke 6:17-26,luke 6-6,https://gospelinlife.com/sermon/the-upside-down-kingdom-2/
2536,excluded,not a sermon: Conference,Tim Keller,2018,Intentionality and Creativity,Public Faith Conference,,,https://gospelinlife.com/sermon/intentionality-and-creativity-2/
1100,mapped,,Tim Keller,1994,Money and Your Faith,The Nature of Faith,Hebrews 13:1-6,hebrews 13-13,https://gospelinlife.com/sermon/money-and-your-faith/
1972,mapped,,Tim Keller,2007,The Tenth Commandment,"Deuteronomy - Doing Justice, Preaching Grace","Deuteronomy 5:1-6, 21",deuteronomy 5-5,https://gospelinlife.com/sermon/the-tenth-commandment/
1370,mapped,,Tim Keller,1997,The Beauty of God,,Psalm 27:1-14,psalms 27-27,https://gospelinlife.com/sermon/the-beauty-of-god/
708,mapped,,Tim Keller,1990,No Longer Children,Lord of All,Ephesians 4:11-16,ephesians 4-4,https://gospelinlife.com/sermon/no-longer-children/
2424,mapped,,Tim Keller,2015,The Wisdom of Generosity,What We Are Giving: The Dynamic of Grace,Proverbs 10:15,proverbs 10-10,https://gospelinlife.com/sermon/the-wisdom-of-generosity/
760,mapped,,Tim Keller,1991,God’s Holy People (Part 1),Christian Lifestyle,Ephesians 5:3-6,ephesians 5-5,https://gospelinlife.com/sermon/gods-holy-people-part-1/
2130,mapped,,Tim Keller,2010,Money and the Woes of Jesus,Money and Possessions - In the Teaching of St. Luke,Luke 6:19-26; 30-35,luke 6-6,https://gospelinlife.com/sermon/money-and-the-woes-of-jesus/
888,mapped,,Tim Keller,1992,God’s Plan (Part 2),Salvation from the Outside In,Ephesians 1:9-12,ephesians 1-1,https://gospelinlife.com/sermon/gods-plan-part-2/
851,mapped,,Tim Keller,1992,The Glory of Missions,"Gospel of John, Part 2",John 17:13-19,john 17-17,https://gospelinlife.com/sermon/the-glory-of-missions/
1386,mapped,,Tim Keller,1997,A Preacher’s Disobedience,Pointers to Christ - Directional Signs in History,"Jonah 1:1-5, 2:1-10",jonah 1-1,https://gospelinlife.com/sermon/a-preachers-disobedience/
1274,mapped,,Tim Keller,1996,The Hand of the Lord,The Life of David,2 Samuel 24:10-21,2-samuel 24-24,https://gospelinlife.com/sermon/the-hand-of-the-lord/
1337,mapped,,Tim Keller,1997,The King Is Dead,The Real Jesus Part 3; The King,Matthew 27:45-54,matthew 27-27,https://gospelinlife.com/sermon/the-king-is-dead/
1606,mapped,,Tim Keller,2001,Born to Grow,The Radical Imperative; A New Birth,1 Peter 1:22-2:8,1-peter 1-2,https://gospelinlife.com/sermon/born-to-grow/
764,mapped,,Tim Keller,1991,Now You Are Light,Christian Lifestyle,Ephesians 5:8-14,ephesians 5-5,https://gospelinlife.com/sermon/now-you-are-light/
2085,mapped,,Tim Keller,2009,David Prepares His People,The Life of David 2009,1 Chronicles 29:1-20,1-chronicles 29-29,https://gospelinlife.com/sermon/david-prepares-his-people/
1519,mapped,,Tim Keller,1999,The Meaning of Free Grace (1999),The Lord's Prayer 1999,Genesis 48:8-19,genesis 48-48,https://gospelinlife.com/sermon/the-meaning-of-free-grace/
1883,excluded,not a sermon: Leader Talks,Tim Keller,2006,Praying the Psalms (Part 2),Prayer (Leader Talks),,,https://gospelinlife.com/sermon/praying-the-psalms-ii/
605,mapped,,Tim Keller,1989,Politics of the King,The King and the Kingdom,Ephesians 2:19-22,ephesians 2-2,https://gospelinlife.com/sermon/politics-of-the-king/
3630,excluded,not a sermon: Q&A,Tim Keller,2017,How a Gospel Identity Grows (Q&A),Gospel Identity Conference,,,https://gospelinlife.com/sermon/how-a-gospel-identity-grows-qa/
992,unmapped,,Tim Keller,1993,Marriage – The Biblical Guidelines (Part 2),"Sex, Singleness, and Marriage",,,https://gospelinlife.com/sermon/marriage-the-biblical-guidelines-cont/
2284,excluded,speaker: David Bisgrove,David Bisgrove,2013,The Saving of Many Lives,A Public Faith,Genesis 50:15-21,genesis 50-50,https://gospelinlife.com/sermon/the-saving-of-many-lives/
1182,mapped,,Tim Keller,1995,Revival,Life of Moses,Exodus 33:18-23,exodus 33-33,https://gospelinlife.com/sermon/revival-2/
1388,mapped,,Tim Keller,1997,A Leader’s Passion,Pointers to Christ - Directional Signs in History,"Exodus 33:4-9,15;34:1-7",exodus 33-33; exodus 34-34,https://gospelinlife.com/sermon/a-leaders-passion/
897,mapped,,Tim Keller,1992,Receiving the Fullness (Part 2),Salvation from the Outside In,"Ephesians 1:13, 14",ephesians 1-1,https://gospelinlife.com/sermon/receiving-the-fullness-part-2/
2549,excluded,not a sermon: Q&A,Tim Keller,2019,How Do We Share Our Faith Now? Principles (with Q&A),Missional Living,,,https://gospelinlife.com/sermon/how-do-we-share-our-faith-now-principles-with-qa-2/
2132,mapped,,Tim Keller,2010,Money and the Power of the Spirit,Money and Possessions - In the Teaching of St. Luke,Acts 4:29-37,acts 4-4,https://gospelinlife.com/sermon/money-and-the-power-of-the-spirit/
1029,mapped,,Tim Keller,1993,Jesus Our God,Understanding Jesus,Matthew 1:20-23,matthew 1-1,https://gospelinlife.com/sermon/jesus-our-god-2/
1982,excluded,not a sermon: Leader Talks,Tim Keller,2007,Three Ways To Live,The Gospel-Transformed Heart (Leader Talks),"Luke 15:1-3, 11-32",luke 15-15,https://gospelinlife.com/sermon/three-ways-to-live/
758,mapped,,Tim Keller,1991,The Sweetness of the Cross,Christian Lifestyle,"Ephesians 5:1, 2",ephesians 5-5,https://gospelinlife.com/sermon/the-sweetness-of-the-cross/
606,mapped,,Tim Keller,1989,Christ Our House,The King and the Kingdom,Ephesians 2:18,ephesians 2-2,https://gospelinlife.com/sermon/christ-our-house/
1532,excluded,not a sermon: Open Forum,Tim Keller,1999,Surprised by Joy (1999 Open Forum),Redeemer Open Forums,,,https://gospelinlife.com/sermon/surprised-by-joy-an-open-forum-1999-2/
736,mapped,,Tim Keller,1991,Building People (Part 1),Christian Lifestyle,Ephesians 4:25-32,ephesians 4-4,https://gospelinlife.com/sermon/building-people-part-1/
1356,mapped,,Tim Keller,1997,God in the Shipwreck,,Acts 27:21-32,acts 27-27,https://gospelinlife.com/sermon/god-in-the-shipwreck/
1837,excluded,speaker: Kathy Keller,Kathy Keller,2005,Cultivating a Healthy Marriage (Part 2) – Q&A,Cultivating a Healthy Marriage,,,https://gospelinlife.com/sermon/cultivating-a-healthy-marriage-part-2-q-a/
1424,mapped,,Tim Keller,1998,The Church’s Lightning,The Church - How to Believe Despite Christians,Luke 9:28-36,luke 9-9,https://gospelinlife.com/sermon/the-churchs-lightning/
919,mapped,,Tim Keller,1992,Alive With Christ (Part 3),Salvation from the Outside In,Ephesians 2:1-5,ephesians 2-2,https://gospelinlife.com/sermon/alive-with-christ-part-3/
890,mapped,,Tim Keller,1992,God’s Plan (Part 3),Salvation from the Outside In,Ephesians 1:9-12,ephesians 1-1,https://gospelinlife.com/sermon/gods-plan-part-3/
2137,mapped,,Tim Keller,2010,His Wonderful Light,,1 Peter 2:9-12,1-peter 2-2,https://gospelinlife.com/sermon/his-wonderful-light/
1634,mapped,,Tim Keller,2001,The Ultimate Argument,Arguing With Jesus,Matthew 11:2-6; 22:41-46,matthew 11-11; matthew 22-22,https://gospelinlife.com/sermon/the-ultimate-argument/
1217,mapped,,Tim Keller,1995,Christmas Message 1995,,"Luke 2:7, 34-35",luke 2-2,https://gospelinlife.com/sermon/christmas-message/
1349,mapped,,Tim Keller,1997,John Meets Jesus,The Real Jesus Part 4; The Lord,John 20:3-9;21:18-24,john 20-20; john 21-21,https://gospelinlife.com/sermon/john-meets-jesus/
912,excluded,not a sermon: Seminar,Tim Keller,1992,Self Esteem – The Biblical Guidelines,Self Esteem Seminar,,,https://gospelinlife.com/sermon/self-esteem-the-biblical-guidelines-2/
917,mapped,,Tim Keller,1992,Alive With Christ (Part 2),Salvation from the Outside In,Ephesians 2:1-5,ephesians 2-2,https://gospelinlife.com/sermon/alive-with-christ-part-2/
604,mapped,,Tim Keller,1989,Access to the King,The King and the Kingdom,Ephesians,ephesians -,https://gospelinlife.com/sermon/access-to-the-king/
1315,mapped,,Tim Keller,1997,The Finality of Jesus,The Real Jesus Part 2: His Life,Mark 2:23-3:6,mark 2-3,https://gospelinlife.com/sermon/the-finality-of-jesus/
1387,excluded,not a sermon: Open Forum,Tim Keller,1997,Shame and Grace – Scenes of Forgiveness (Open Forum),Redeemer Open Forums,,,https://gospelinlife.com/sermon/shame-and-grace-scenes-of-forgiveness-an-open-forum/
2343,mapped,,Tim Keller,2014,Awe: Hallowed Be Thy Name – MP4 Video,,Psalm 63:1-11,psalms 63-63,https://gospelinlife.com/sermon/awe-hallowed-be-thy-name-mp4-video-2/
1113,mapped,,Tim Keller,1994,The “Begats” (Christmas),,Matthew 1:1-17,matthew 1-1,https://gospelinlife.com/sermon/the-begats-christmas/
711,mapped,,Tim Keller,1990,Light and Darkness,Lord of All,Ephesians 4:17-24,ephesians 4-4,https://gospelinlife.com/sermon/light-and-darkness/
1487,excluded,not a sermon: Leader Talks,Tim Keller,1999,"Meditation, Affection, Contemplation, Kingdom",Gospel Spirituality (Leader Talks),,,https://gospelinlife.com/sermon/meditation-affection-contemplation-kingdom/
1425,mapped,,Tim Keller,1998,Changed Lives,The Church - How to Believe Despite Christians,Acts 16:13-34,acts 16-16,https://gospelinlife.com/sermon/changed-lives/
1284,excluded,not a sermon: Open Forum,Tim Keller,1996,Self Esteem – Who Am I? Whose Am I? (Open Forum),Redeemer Open Forums,,,https://gospelinlife.com/sermon/self-esteem-who-am-i-whose-am-i-an-open-forum/
1857,excluded,not a sermon: Leader Talks,Tim Keller,2005,Kingdom-Centered Prayer (Part 2),Prayer (Leader Talks),,,https://gospelinlife.com/sermon/kingdom-centered-prayer-part/
1295,excluded,not a sermon: Open Forum,Tim Keller,1996,Death (Open Forum),Redeemer Open Forums,,,https://gospelinlife.com/sermon/death-an-open-forum/
899,mapped,,Tim Keller,1992,Receiving the Fullness (Part 3),Salvation from the Outside In,"Ephesians 1:13, 14",ephesians 1-1,https://gospelinlife.com/sermon/receiving-the-fullness-part-3/
1928,mapped,,Tim Keller,2006,The Issue of Money,,Luke 19:1-10,luke 19-19,https://gospelinlife.com/sermon/the-issue-of-money/
1366,mapped,,Tim Keller,1997,Losing and Finding God,,Psalm 42: 2-5,psalms 42-42,https://gospelinlife.com/sermon/losing-finding-god/
907,mapped,,Tim Keller,1992,Head Over Everything,Salvation from the Outside In,"Ephesians 1:22,23",ephesians 1-1,https://gospelinlife.com/sermon/head-over-everything/
936,mapped,,Tim Keller,1993,The Advocate,,Hebrews 7:19-27,hebrews 7-7,https://gospelinlife.com/sermon/the-advocate/
685,mapped,,Tim Keller,1990,Blueprint for Revival: Worship,Revival,John 4:19-39,john 4-4,https://gospelinlife.com/sermon/blueprint-for-revival-worship/
762,mapped,,Tim Keller,1991,God’s Holy People (Part 2),Christian Lifestyle,Ephesians 5:3-7,ephesians 5-5,https://gospelinlife.com/sermon/gods-holy-people-part-2/
745,mapped,,Tim Keller,1991,Work and Wealth (Part 1),Christian Lifestyle,Ephesians 4:25-32,ephesians 4-4,https://gospelinlife.com/sermon/work-and-wealth-part-1/
687,mapped,,Tim Keller,1990,Blueprint for Revival: Community,Revival,John 17:20-26,john 17-17,https://gospelinlife.com/sermon/blueprint-for-revival-community/
607,mapped,,Tim Keller,1989,Decrees of the King,The King and the Kingdom,Ephesians 2:19-22,ephesians 2-2,https://gospelinlife.com/sermon/decrees-of-the-king/
738,mapped,,Tim Keller,1991,Building People (Part 2),Christian Lifestyle,Ephesians 4:25-32,ephesians 4-4,https://gospelinlife.com/sermon/building-peoplepart-2/
709,mapped,,Tim Keller,1990,Children of Light,Lord of All,Ephesians 4:15-24,ephesians 4-4,https://gospelinlife.com/sermon/children-of-light/
749,mapped,,Tim Keller,1991,Ministries of Mercy,Christian Lifestyle,Ephesians 4:25-32,ephesians 4-4,https://gospelinlife.com/sermon/ministries-of-mercy/
2044,excluded,not a sermon: Open Forum,Tim Keller,2008,Can Faith Be Green? (Open Forum),Redeemer Open Forums,,,https://gospelinlife.com/sermon/can-faith-be-green-an-open-forum/
940,mapped,,Tim Keller,1993,He Is Our Peace (Part 2),Salvation from the Outside In,Ephesians 2:11-16,ephesians 2-2,https://gospelinlife.com/sermon/he-is-our-peace-part-2/
2300,excluded,not a sermon: Questioning Christianity,Tim Keller,2014,Hope That Transforms,Questioning Christianity (2014),,,https://gospelinlife.com/sermon/hope-that-transforms/
1648,excluded,not a sermon: Open Forum,Tim Keller,2001,Suffering and Glory (Open Forum),Redeemer Open Forums,,,https://gospelinlife.com/sermon/suffering-and-glory-an-open-forum/
963,mapped,,Tim Keller,1993,House of God (Part 1),Salvation from the Outside In,Ephesians 2:19-22,ephesians 2-2,https://gospelinlife.com/sermon/house-of-god-part-1/
2015,excluded,not a sermon: Leader Talks,Tim Keller,2008,How the Gospel Changes Us (Part 2),The Gospel-Transformed Heart (Leader Talks),Galatians 2:11-16,galatians 2-2,https://gospelinlife.com/sermon/how-the-gospel-changes-us-part-2/
2535,excluded,not a sermon: Conference,Tim Keller,2018,A Culture of Public Faith,Public Faith Conference,,,https://gospelinlife.com/sermon/a-culture-of-public-faith-2/
942,mapped,,Tim Keller,1993,Brought Near (Part 1),Salvation from the Outside In,Ephesians 2:11-18,ephesians 2-2,https://gospelinlife.com/sermon/brought-near-part-1/
683,mapped,,Tim Keller,1990,Blueprint for Revival: Truth,Revival,John 17:6-17,john 17-17,https://gospelinlife.com/sermon/blueprint-for-revival-truth/
1941,excluded,not a sermon: Leader Talks,Tim Keller,2007,Vocation and the Steward-Leader,Steward Leadership (Leader Talks),,,https://gospelinlife.com/sermon/vocation-and-the-steward-leader/
1109,mapped,,Tim Keller,1994,God With Us: In the City,The Nature of Faith,Hebrews 11:8-16,hebrews 11-11,https://gospelinlife.com/sermon/god-with-us-in-the-city/
1523,mapped,,Tim Keller,1999,The Lord Praying for Mission,The Lord's Prayer 1999,John 17:13-21,john 17-17,https://gospelinlife.com/sermon/the-lord-praying-for-mission/
1379,excluded,not a sermon: Open Forum,Tim Keller,1997,"Men are from Brooklyn, Women are from Queens (Open Forum)",Redeemer Open Forums,,,https://gospelinlife.com/sermon/men-are-from-brooklyn-women-are-from-queens-an-open-forum/
1607,mapped,,Tim Keller,2001,Born Into Community,The Radical Imperative; A New Birth,1 Peter 2:8-17,1-peter 2-2,https://gospelinlife.com/sermon/born-into-community/
2144,mapped,,Tim Keller,2010,The Testimony of Justice,The Gospel and the World,Deuteronomy 4:5-8; 15:1-11,deuteronomy 4-4; deuteronomy 15-15,https://gospelinlife.com/sermon/the-testimony-of-justice/
1998,excluded,not a sermon: Leader Talks,Tim Keller,2008,How the Gospel Changes Us (Part 1),The Gospel-Transformed Heart (Leader Talks),"Exodus 20:2-4, Titus 2:11-15, Colossians 3:1-9",exodus 20-20; titus 2-2; colossians 3-3,https://gospelinlife.com/sermon/how-the-gospel-changes-us-part-1/
1728,unmapped,,Tim Keller,2003,What Is (Christian) Cultural Renewal? (Part 1),,,,https://gospelinlife.com/sermon/what-is-christian-cultural-renewal-part/
1971,mapped,,Tim Keller,2007,False Testimony,"Deuteronomy - Doing Justice, Preaching Grace","Deuteronomy 5:1-6, 20",deuteronomy 5-5,https://gospelinlife.com/sermon/false-testimony/
950,mapped,,Tim Keller,1993,Access to the Father (Part 1),Salvation from the Outside In,Ephesians 2:18,ephesians 2-2,https://gospelinlife.com/sermon/access-to-the-father/
2304,excluded,not a sermon: Questioning Christianity,Tim Keller,2014,Questions About the Bible,Questioning Christianity (2014),,,https://gospelinlife.com/sermon/questions-about-the-bible/
803,excluded,not a sermon: Hope for New York,Tim Keller,1991,Kneeling Love,Hope for New York,John 13:1-17,john 13-13,https://gospelinlife.com/sermon/kneeling-love-2/
971,mapped,,Tim Keller,1993,Politics of the Kingdom,Salvation from the Outside In,Ephesians 2:19-22,ephesians 2-2,https://gospelinlife.com/sermon/politics-of-the-kingdom/
1918,excluded,not a sermon: Leader Talks,Tim Keller,2006,Evangelism and the Steward-Leader,Steward Leadership (Leader Talks),,,https://gospelinlife.com/sermon/evangelism-and-the-steward-leader/
957,mapped,,Tim Keller,1993,Church: Building Blocks,Salvation from the Outside In,Ephesians 2:19-22,ephesians 2-2,https://gospelinlife.com/sermon/church-building-blocks/
1358,mapped,,Tim Keller,1997,The New City,The Real Jesus Part 4; The Lord,Acts 2:1-12,acts 2-2,https://gospelinlife.com/sermon/the-new-city/
947,mapped,,Tim Keller,1993,Brought Near (Part 3),Salvation from the Outside In,Ephesians 2:11-18,ephesians 2-2,https://gospelinlife.com/sermon/brought-near-part-3/
743,mapped,,Tim Keller,1991,Working and Giving (Part 2),Christian Lifestyle,Ephesians 4:25-32,ephesians 4-4,https://gospelinlife.com/sermon/working-and-giving-part-2/
1865,excluded,not a sermon: Leader Talks,Tim Keller,2005,Praying For Glory (Part 2),Prayer (Leader Talks),,,https://gospelinlife.com/sermon/praying-for-glory-part/
2213,excluded,speaker: Kathy Keller,Kathy Keller,2012,Q&A With the Kellers and Close Friends,"Marriage, Sex and Singleness Conference with Tim and Kathy Keller",,,https://gospelinlife.com/sermon/q-a-with-the-kellers-and-close-friends/
914,excluded,not a sermon: Seminar,Tim Keller,1992,Co-Dependency – The Biblical Guidelines,Self Esteem Seminar,,,https://gospelinlife.com/sermon/co-dependency-the-biblical-guidelines/
2145,mapped,,Tim Keller,2010,A New Church for the City,The Gospel and the World,Acts 16:13-33,acts 16-16,https://gospelinlife.com/sermon/a-new-church-for-the-city/
747,mapped,,Tim Keller,1991,Work and Wealth (Part 2),Christian Lifestyle,Ephesians 4:25-32,ephesians 4-4,https://gospelinlife.com/sermon/work-and-wealth-part-2/
857,mapped,,Tim Keller,1992,Cross (Palm Sunday),,Galatians 6:12-16,galatians 6-6,https://gospelinlife.com/sermon/cross-palm-sunday/
1223,mapped,,Tim Keller,1995,The Sympathy of Jesus 1995,,Hebrews 2:17,hebrews 2-2,https://gospelinlife.com/sermon/the-sympathy-of-jesus/
915,excluded,not a sermon: Seminar,Tim Keller,1992,Co-Dependency – The Biblical Guidelines,Self Esteem Seminar,,,https://gospelinlife.com/sermon/co-dependency-the-biblical-guidelines-2/
946,mapped,,Tim Keller,1993,Brought Near (Part 2),Salvation from the Outside In,Ephesians 2:11-18,ephesians 2-2,https://gospelinlife.com/sermon/brought-near-part-2/
770,excluded,not a sermon: Seminar,Tim Keller,1991,Pressure,Stress Management Seminar,,,https://gospelinlife.com/sermon/pressure/
2211,excluded,not a sermon: Conference,Tim Keller,2012,Men’s Breakout With Tim,"Marriage, Sex and Singleness Conference with Tim and Kathy Keller",,,https://gospelinlife.com/sermon/mens-breakout-with-tim/
2157,unmapped,,Tim Keller,2011,Why Work Matters,Gospel and Culture,,,https://gospelinlife.com/sermon/why-work-matters/
1730,excluded,not a sermon: Open Forum,Tim Keller,2003,Courage: The Impossible Dream? (Open Forum),Redeemer Open Forums,,,https://gospelinlife.com/sermon/courage-the-impossible-dream-an-open-forum/
2092,excluded,not a sermon: Open Forum,Tim Keller,2009,"New York, New York (2009 Open Forum)",Redeemer Open Forums,,,https://gospelinlife.com/sermon/new-york-new-york-an-open-forum-2/
1950,excluded,not a sermon: Leader Talks,Tim Keller,2007,"Time, Sabbath and the Steward-Leader",Steward Leadership (Leader Talks),,,https://gospelinlife.com/sermon/time-sabbath-and-the-steward-leader/
2316,excluded,not a sermon: Open Forum,Tim Keller,2014,Sex and the Romantic Solution (Open Forum),Redeemer Open Forums,,,https://gospelinlife.com/sermon/sex-and-the-romantic-solution-an-open-forum/
2302,excluded,not a sermon: Questioning Christianity,Tim Keller,2014,Questions About God,Questioning Christianity (2014),,,https://gospelinlife.com/sermon/questions-about-god/
965,mapped,,Tim Keller,1993,House of God (Part 2),Salvation from the Outside In,Ephesians 2:19-22,ephesians 2-2,https://gospelinlife.com/sermon/house-of-god-part-2/
967,mapped,,Tim Keller,1993,House of God (Part 3),Salvation from the Outside In,Ephesians 2:19-22,ephesians 2-2,https://gospelinlife.com/sermon/house-of-god-part-3/
1473,excluded,not a sermon: Open Forum,Tim Keller,1998,To Die For – Beauty (Open Forum),Redeemer Open Forums,,,https://gospelinlife.com/sermon/to-die-for-beauty-an-open-forum/
1937,mapped,,Tim Keller,2006,Nazareth?!,,John 1:43-46,john 1-1,https://gospelinlife.com/sermon/nazareth/
1136,excluded,not a sermon: Open Forum,Tim Keller,1995,What is Truth? (Open Forum),Redeemer Open Forums,,,https://gospelinlife.com/sermon/what-is-truth-an-open-forum/
1198,excluded,not a sermon: Open Forum,Tim Keller,1995,What Is True Freedom? (Open Forum),Redeemer Open Forums,,,https://gospelinlife.com/sermon/what-is-true-freedom-an-open-forum/
773,excluded,not a sermon: Seminar,Tim Keller,1991,Loss,Stress Management Seminar,,,https://gospelinlife.com/sermon/loss/
1258,excluded,not a sermon: Open Forum,Tim Keller,1996,Psalm 110 – The Real Jesus (Open Forum),Redeemer Open Forums,,psalms 110-110,https://gospelinlife.com/sermon/psalm-110-the-real-jesus-an-open-forum/
1755,excluded,not a sermon: Open Forum,Tim Keller,2003,My Problem With Religion (Open Forum),Redeemer Open Forums,,,https://gospelinlife.com/sermon/my-problem-with-religion-an-open-forum/
2306,excluded,not a sermon: Questioning Christianity,Tim Keller,2014,Questions About Jesus,Questioning Christianity (2014),,,https://gospelinlife.com/sermon/questions-about-jesus/
1506,excluded,not a sermon: Leader Talks,Tim Keller,1999,Psalter,Gospel Spirituality (Leader Talks),,,https://gospelinlife.com/sermon/psalter/
1934,excluded,not a sermon: Leader Talks,Tim Keller,2006,Suffering and the Steward-Leader,Steward Leadership (Leader Talks),,,https://gospelinlife.com/sermon/suffering-and-the-steward-leader/
826,mapped,,Tim Keller,1991,Peace on Earth,,Galatians 5:13-6:3,galatians 5-6,https://gospelinlife.com/sermon/peace-on-earth/
1464,excluded,not a sermon: Open Forum,Tim Keller,1998,To Die For – Success (Open Forum),Redeemer Open Forums,,,https://gospelinlife.com/sermon/to-die-for-success-an-open-forum/
968,mapped,,Tim Keller,1993,House of God (Part 4),Salvation from the Outside In,Ephesians 2:19-22,ephesians 2-2,https://gospelinlife.com/sermon/house-of-god-part-4/
930,mapped,,Tim Keller,1992,The High and Lofty One (Christmas),,Matthew 1:20-23,matthew 1-1,https://gospelinlife.com/sermon/the-high-and-lofty-one-christmas/
771,excluded,not a sermon: Seminar,Tim Keller,1991,Pressure,Stress Management Seminar,,,https://gospelinlife.com/sermon/pressure-2/
775,excluded,not a sermon: Seminar,Tim Keller,1991,Relationships,Stress Management Seminar,,,https://gospelinlife.com/sermon/relationships/
2261,excluded,not a sermon: QandA,Tim Keller,2013,Moving Forward Positively: Agreeing to Disagree and Disagreeing Agreeably,Gender Roles in the Church: Talk and QandA with Kathy Keller,,,https://gospelinlife.com/sermon/moving-forward-positively-agreeing-to-disagree-and-disagreeing-agreeably/
1234,excluded,not a sermon: Open Forum,Tim Keller,1996,Sex and the End of Loneliness (Open Forum),Redeemer Open Forums,,,https://gospelinlife.com/sermon/sex-and-the-end-of-loneliness-an-open-forum/
1290,excluded,not a sermon: Retreat,Tim Keller,1996,Love the World vs. Love Not the World (Part 1),Men's Retreat 1996,,,https://gospelinlife.com/sermon/love-the-world-vs-love-not-the-world-part1/
1974,excluded,not a sermon: Tolkien,Tim Keller,2007,"Tolkien, Tea and Tim (Part 2)","Tolkien, Tea, and Tim",,,https://gospelinlife.com/sermon/tolkien-tea-and-tim-part-2/
1987,excluded,not a sermon: Q&A,Tim Keller,2007,Re-Imagine Law (Q&A),Center for Faith and Work,,,https://gospelinlife.com/sermon/re-imagine-law-q-a/
1666,excluded,not a sermon: Open Forum,Tim Keller,2002,The Journey of Marriage (Open Forum),Redeemer Open Forums,,,https://gospelinlife.com/sermon/the-journey-of-marriage-an-open-forum/
2119,excluded,not a sermon: Center for Faith and Work,Tim Keller,2010,Ei Forum: Tim Keller Keynote – Creation and Creativity,Center for Faith and Work,,,https://gospelinlife.com/sermon/ei-forum-tim-keller-keynote-creation-creativity/
774,excluded,not a sermon: Seminar,Tim Keller,1991,Loss,Stress Management Seminar,,,https://gospelinlife.com/sermon/loss-2/
1764,excluded,not a sermon: Conference,Tim Keller,2004,The Mission of God,The Gospel and the World Conference,,,https://gospelinlife.com/sermon/the-mission-of-god/
959,unmapped,,Tim Keller,1993,Easter Stories,,,,https://gospelinlife.com/sermon/easter-stories/
1329,excluded,not a sermon: Open Forum,Tim Keller,1997,Cure of the Soul (Open Forum),Redeemer Open Forums,,,https://gospelinlife.com/sermon/cure-of-the-soul-an-open-forum/
916,excluded,not a sermon: Seminar,Tim Keller,1992,Gender Roles – The Biblical Guidelines,Self Esteem Seminar,,,https://gospelinlife.com/sermon/gender-roles-the-biblical-guidelines-1992/
776,excluded,not a sermon: Seminar,Tim Keller,1991,Relationships,Stress Management Seminar,,,https://gospelinlife.com/sermon/relationships-2/
1614,excluded,not a sermon: Leader Talks,Tim Keller,2001,Religious Pluralism,Defeaters (Leader Talks),,,https://gospelinlife.com/sermon/defeaters-2-religious-pluralism/
2296,excluded,not a sermon: Questioning Christianity,Tim Keller,2014,A Strong Basis for Doing Justice,Questioning Christianity (2014),,,https://gospelinlife.com/sermon/a-strong-basis-for-doing-justice/
1626,excluded,not a sermon: Leader Talks,Tim Keller,2001,Biblical Criticism,Defeaters (Leader Talks),,,https://gospelinlife.com/sermon/defeaters-3-biblical-criticism/
1688,excluded,not a sermon: Open Forum,Tim Keller,2002,Surprised by Joy (2002 Open Forum),Redeemer Open Forums,,,https://gospelinlife.com/sermon/surprised-by-joy-an-open-forum-2002-2/
1790,excluded,not a sermon: Open Forum,Tim Keller,2004,Our Love Is Here to Stay: Marriage in the New Millennium (Open Forum),Redeemer Open Forums,,,https://gospelinlife.com/sermon/our-love-is-here-to-stay-marriage-in-the-new-millennium-an-open-forum/
1249,mapped,,Tim Keller,1996,Easter Sermon and Testimonies,,John 20:10-18,john 20-20,https://gospelinlife.com/sermon/easter-sermon-testimonies/
1558,excluded,not a sermon: Leader Talks,Tim Keller,2000,Male and Female – Sex and Gender in the Community (Part 1),Life Together in Gospel-Community (Leader Talks),,,https://gospelinlife.com/sermon/male-and-female-sex-and-gender-in-the-community-part-1/
2068,excluded,not a sermon: Open Forum,Tim Keller,2009,Ain’t That Good News: What African-American Spirituals Teach Us about Heaven and Hell (Open Forum),Redeemer Open Forums,,,https://gospelinlife.com/sermon/ain-t-that-good-news-what-african-american-spirituals-teach-us-about-heaven-and-hell-an-open-forum/
1770,excluded,not a sermon: InterArts,Tim Keller,2004,Why Tell Stories?,Redeemer InterArts Fellowship,,,https://gospelinlife.com/sermon/why-tell-stories/
875,excluded,speaker: Jeff White,Jeff White,1992,Comparing the New Age World View With Christianity,The New Age Movement,,,https://gospelinlife.com/sermon/comparing-the-new-age-world-view-with-christianity/
1145,mapped,,Tim Keller,1995,Except the Son (Missions Sunday),,Matthew 11:25-30,matthew 11-11,https://gospelinlife.com/sermon/except-the-son-missions-sunday/
1925,excluded,not a sermon: Open Forum,Tim Keller,2006,Sex and the End of Loneliness (Open Forum),Redeemer Open Forums,,,https://gospelinlife.com/sermon/sex-and-the-end-of-loneliness-an-open-forum-2/
1783,excluded,not a sermon: Open Forum,Tim Keller,2004,What Happened When Jesus Died? (Open Forum),Redeemer Open Forums,,,https://gospelinlife.com/sermon/what-happened-when-jesus-died-an-open-forum/
1830,excluded,not a sermon: Center for Faith and Work,Tim Keller,2005,SELLING – Tim Keller talks to the Marketing and Advertising Group,Center for Faith and Work,,,https://gospelinlife.com/sermon/selling-tim-keller-talks-to-the-marketing-and-advertising-group/
1927,excluded,not a sermon: Leader Talks,Tim Keller,2006,Money and the Steward-Leader,Steward Leadership (Leader Talks),,,https://gospelinlife.com/sermon/money-and-the-steward-leader/
1208,excluded,not a sermon: Open Forum,Tim Keller,1995,What is Love? (Open Forum),Redeemer Open Forums,,,https://gospelinlife.com/sermon/what-is-love-an-open-forum/
1348,excluded,not a sermon: Open Forum,Tim Keller,1997,Friends – What Good Are They? (Open Forum),Redeemer Open Forums,,,https://gospelinlife.com/sermon/friends-what-good-are-they-an-open-forum/
1525,excluded,not a sermon: Leader Talks,Tim Keller,1999,Introduction to Christian Community,Life Together in Gospel-Community (Leader Talks),,,https://gospelinlife.com/sermon/introduction-to-christian-community/
1793,excluded,not a sermon: Conference,Tim Keller,2004,"Sex, Money and Power: The Christian Counter-Culture",The Gospel and Community Conference,,,https://gospelinlife.com/sermon/sex-money-power-the-christian-counter-culture/
1968,excluded,not a sermon: Leader Talks,Tim Keller,2007,Steward-Leadership Summary,Steward Leadership (Leader Talks),,,https://gospelinlife.com/sermon/steward-leadership-summary/
1574,excluded,not a sermon: Leader Talks,Tim Keller,2000,"Sex and Gender in the Community – Case Study, Pre-Marital Sex",Life Together in Gospel-Community (Leader Talks),,,https://gospelinlife.com/sermon/sex-gender-in-the-community-case-study-1-pre-marital-sex/
1014,excluded,not a sermon: Seminar,Tim Keller,1993,Gender Roles – The Biblical Guidelines,Self Esteem Seminar,,,https://gospelinlife.com/sermon/gender-roles-the-biblical-guidelines-1993/
2053,excluded,not a sermon: Leader Talks,Tim Keller,2009,Counter-Culture for the Common Good,The Gospel-Transformed Community (Leader Talks),,,https://gospelinlife.com/sermon/counter-culture-for-the-common-good/
1155,mapped,,Tim Keller,1995,Testimonies and Easter Sermon 1995,,Acts 2:22-42,acts 2-2,https://gospelinlife.com/sermon/testimonies-and-easter-sermon/
2140,excluded,not a sermon: Leader Talks,Tim Keller,2010,A Church With an Evangelistic Dynamic,The Gospel-Transformed World (Leader Talks),,,https://gospelinlife.com/sermon/a-church-with-an-evangelistic-dynamic/
2262,excluded,not a sermon: Q&A,Tim Keller,2013,Q&A with Tim and Kathy Keller / Panel Discussion,Gender Roles in the Church: Talk and QandA with Kathy Keller,,,https://gospelinlife.com/sermon/q-a-with-tim-and-kathy-keller-panel-discussion/
1955,excluded,not a sermon: Leader Talks,Tim Keller,2007,The Steward-Leader and Multiplication,Steward Leadership (Leader Talks),,,https://gospelinlife.com/sermon/the-steward-leader-and-multiplication/
1162,excluded,not a sermon: Open Forum,Tim Keller,1995,Is Diversity Possible? E Pluribus Unum (Open Forum),Redeemer Open Forums,,,https://gospelinlife.com/sermon/is-diversity-possible-e-pluribus-unum-an-open-forum/
1291,excluded,not a sermon: Retreat,Tim Keller,1996,Love the World vs. Love Not the World (Part 2),Men's Retreat 1996,,,https://gospelinlife.com/sermon/love-the-world-vs-love-not-the-world-part-2/
2167,excluded,not a sermon: Leader Talks,Tim Keller,2011,Justice and Mercy,The Gospel-Transformed World (Leader Talks),,,https://gospelinlife.com/sermon/justice-and-mercy/
1963,excluded,not a sermon: Leader Talks,Tim Keller,2007,Prayer-For-Others and the Steward-Leader,Steward Leadership (Leader Talks),,,https://gospelinlife.com/sermon/prayer-for-others-and-the-steward-leader/
1812,excluded,not a sermon: Open Forum,Tim Keller,2004,R-E-S-P-E-C-T: Can Men and Women Get Along? (Open Forum),Redeemer Open Forums,,,https://gospelinlife.com/sermon/r-e-s-p-e-c-t-can-men-women-get-along-an-open-forum/
1832,excluded,not a sermon: Open Forum,Tim Keller,2005,The Perils of Love (Open Forum),Redeemer Open Forums,,,https://gospelinlife.com/sermon/the-perils-of-love-an-open-forum/
1572,excluded,not a sermon: Open Forum,Tim Keller,2000,What Is Freedom (Open Forum),Redeemer Open Forums,,,https://gospelinlife.com/sermon/what-is-freedom-an-open-forum/
1588,excluded,not a sermon: Open Forum,Tim Keller,2000,New York Family Values (Open Forum),Redeemer Open Forums,,,https://gospelinlife.com/sermon/new-york-family-values-an-open-forum/
2036,excluded,not a sermon: Leader Talks,Tim Keller,2008,The Gospel-Shaped Community,The Gospel-Transformed Community (Leader Talks),,,https://gospelinlife.com/sermon/the-gospel-shaped-community/
2071,excluded,not a sermon: Leader Talks,Tim Keller,2009,Community-Building,The Gospel-Transformed Community (Leader Talks),,,https://gospelinlife.com/sermon/community-building-2/
1696,excluded,not a sermon: Open Forum,Tim Keller,2002,Sex and the City Opera (Open Forum),Redeemer Open Forums,,,https://gospelinlife.com/sermon/sex-and-the-city-opera-an-open-forum/
2153,excluded,not a sermon: Leader Talks,Tim Keller,2011,What Is Christian Cultural Engagement,The Gospel-Transformed World (Leader Talks),,,https://gospelinlife.com/sermon/what-is-christian-cultural-engagement/
1555,excluded,not a sermon: Open Forum,Tim Keller,2000,The Quality of Mercy: Stories of Justice and Reconciliation (Open Forum),Redeemer Open Forums,,,https://gospelinlife.com/sermon/the-quality-of-mercy-stories-of-justice-and-reconciliation-an-open-forum/
1563,excluded,not a sermon: Leader Talks,Tim Keller,2000,Male and Female – Sex and Gender in the Community (Part 2),Life Together in Gospel-Community (Leader Talks),,,https://gospelinlife.com/sermon/male-and-female-sex-and-gender-in-the-community-part-2/
876,excluded,speaker: Jeff White,Jeff White,1992,The Rise of the New Age World View – Responding to Modernity,The New Age Movement,,,https://gospelinlife.com/sermon/the-rise-of-the-new-age-world-view-responding-to-modernity/
1534,excluded,not a sermon: Leader Talks,Tim Keller,1999,Embracing the Outsider,Life Together in Gospel-Community (Leader Talks),,,https://gospelinlife.com/sermon/embracing-the-outsider/
2104,excluded,not a sermon: Leader Talks,Tim Keller,2010,Being a Gospel Movement: Lay Leadership,Theological Foundations for a Generative Church (Leader Talks),,,https://gospelinlife.com/sermon/being-a-gospel-movement-lay-leadership/
1676,excluded,not a sermon: Open Forum,Tim Keller,2002,The Journey of Love (Open Forum),Redeemer Open Forums,,,https://gospelinlife.com/sermon/the-journey-of-love-an-open-forum/
1439,excluded,not a sermon: Open Forum,Tim Keller,1998,My God is a Rock: Listening to the African-American Spirituals (Open Forum),Redeemer Open Forums,,,https://gospelinlife.com/sermon/my-god-is-a-rock-listening-to-the-african-american-spirituals-an-open-forum/
1292,excluded,not a sermon: Retreat,Tim Keller,1996,Standing For “I Have Sent Them Into the World”,Men's Retreat 1996,,,https://gospelinlife.com/sermon/standing-for-i-have-sent-them-into-the-world/
768,mapped,,Tim Keller,1991,Built Together: Redeemer’s Organization Service,,Ephesians 2:14-22,ephesians 2-2,https://gospelinlife.com/sermon/built-together-redeemer-s-organization-service-2/
2087,excluded,not a sermon: Leader Talks,Tim Keller,2009,Being a Gospel Movement,Theological Foundations for a Generative Church (Leader Talks),,,https://gospelinlife.com/sermon/being-a-gospel-movement/
881,excluded,speaker: Jeff White,Jeff White,1992,"The Ideal Without Real, The Real without Ideal, The Ideal Becomes Real",The New Age Movement,,,https://gospelinlife.com/sermon/the-ideal-without-real-the-real-without-ideal-the-ideal-becomes-real/
2018,excluded,not a sermon: Open Forum,Tim Keller,2008,Rigoletto: Can an Opera Reveal the Meaning of Life? (Open Forum),Redeemer Open Forums,,,https://gospelinlife.com/sermon/rigoletto-can-an-opera-reveal-the-meaning-of-life-an-open-forum/
1809,excluded,not a sermon: InterArts,Tim Keller,2004,Educators Forum: The Gospel Changes Everything,Redeemer InterArts Fellowship,,,https://gospelinlife.com/sermon/educators-forum-the-gospel-changes-everything/
1465,unmapped,,Tim Keller,1998,Giving – Three Perspectives,,,,https://gospelinlife.com/sermon/giving-three-perspectives/
882,excluded,speaker: Jeff White,Jeff White,1992,"The Ideal Without Real, The Real without Ideal, The Ideal Becomes Real",The New Age Movement,,,https://gospelinlife.com/sermon/the-ideal-without-real-the-real-without-ideal-the-ideal-becomes-real-2/
1569,excluded,not a sermon: Leader Talks,Tim Keller,2000,Slave and Free – Money and Possessions in the Community,Life Together in Gospel-Community (Leader Talks),,,https://gospelinlife.com/sermon/slave-and-free-money-and-possessions-in-the-community/
1609,excluded,not a sermon: Open Forum,Tim Keller,2001,"New York, New York (2001 Open Forum)",Redeemer Open Forums,,,https://gospelinlife.com/sermon/new-york-new-york-an-open-forum/
953,excluded,not a sermon: Hope for New York,Tim Keller,1993,Closing Remarks and Prayer (Following John Perkins),Hope for New York,,,https://gospelinlife.com/sermon/closing-remarks-and-prayer-following-john-perkins/
860,unmapped,,Tim Keller,1992,Easter Sunday Testimonies,,,,https://gospelinlife.com/sermon/easter-sunday-testimonies/
2128,excluded,not a sermon: Leader Talks,Tim Keller,2010,Being a Gospel Movement: The Next Steps,Theological Foundations for a Generative Church (Leader Talks),,,https://gospelinlife.com/sermon/being-a-gospel-movement-the-next-steps/
1338,unmapped,,Tim Keller,1997,Easter Sermon and Testimonies 1997,,,,https://gospelinlife.com/sermon/easter-sermon-and-testimonies/
1678,unmapped,,Tim Keller,2002,The Missiology of Redeemer,,,,https://gospelinlife.com/sermon/the-missiology-of-redeemer/
954,unmapped,,Tim Keller,1993,Closing Remarks and Prayer (Following John Perkins),,,,https://gospelinlife.com/sermon/closing-remarks-and-prayer-following-john-perkins-2/
